CompressionDistanceMetric,LeniencyMetric,SolvabilityMetric,AStarDiversityMetric,AStarDifficultyMetric,AStarEditDistanceDiversityMetric
0.4444444444444444,0.0,0.0,0.0,1.0,0.0
0.5416666666666666,0.0,0.0,0.45,0.797979797979798,1.0
0.4583333333333333,0.9940119760479041,1.0,0.45,0.09285714285714286,1.0
0.5,0.6893939393939394,1.0,0.0,0.0,0.0
0.4861111111111111,0.0,0.0,0.45,1.0,1.0
0.5,0.7368421052631579,1.0,0.45,0.2385321100917431,1.0
0.4794520547945205,0.9357142857142857,1.0,0.0,0.08695652173913043,0.0
0.47297297297297297,0.0,0.0,0.45,0.8651685393258427,1.0
0.44594594594594594,0.552,1.0,0.45,0.15306122448979592,1.0
0.4861111111111111,0.8529411764705882,1.0,0.45,0.17117117117117117,1.0
0.4861111111111111,0.6934306569343066,1.0,0.0,0.06363636363636363,0.0
0.4861111111111111,0.0,0.0,0.45,0.9821428571428571,1.0
0.4444444444444444,0.7678571428571429,1.0,0.45,0.061224489795918366,1.0
0.5068493150684932,0.9463087248322147,1.0,0.45,0.1721311475409836,1.0
0.5,0.5086206896551724,1.0,0.48690476190476184,0.32989690721649484,1.0
0.4861111111111111,0.32710280373831774,1.0,0.45,0.2988505747126437,1.0
0.4583333333333333,0.8954248366013072,1.0,0.0,0.23015873015873015,0.0
0.4722222222222222,0.0,0.0,0.45,0.918918918918919,1.0
0.4520547945205479,0.5819672131147541,1.0,0.0,0.09473684210526316,0.0
0.47297297297297297,0.0,0.0,0.45,0.982456140350877,1.0
0.47297297297297297,0.6115702479338843,1.0,0.45,0.0625,1.0
0.47368421052631576,0.4661016949152542,1.0,0.0,0.2553191489361702,0.0
0.4861111111111111,0.0,0.0,0.45,0.47126436781609193,1.0
0.4722222222222222,0.8169014084507042,1.0,0.0,0.2393162393162393,0.0
0.4861111111111111,0.0,0.0,0.45,1.0,1.0
0.4861111111111111,0.92,1.0,0.45,0.08130081300813008,1.0
0.4166666666666667,0.4017094017094017,1.0,0.45,0.0,1.0
0.44594594594594594,0.934640522875817,1.0,0.45,0.07936507936507936,1.0
0.4444444444444444,0.816793893129771,1.0,0.45,0.36538461538461536,1.0
0.4861111111111111,0.5602836879432624,1.0,0.45,0.017391304347826087,1.0
0.527027027027027,0.8055555555555556,1.0,0.0,0.059829059829059825,0.0
0.5,0.0,0.0,0.0,0.6455696202531646,0.0
0.4864864864864865,0.0,0.0,0.0,0.1951219512195122,0.0
0.5342465753424658,0.0,0.0,0.0,0.9907407407407407,0.0
0.4861111111111111,0.0,0.0,0.45,0.8571428571428571,1.0
0.4722222222222222,0.948051948051948,1.0,0.45,0.03937007874015748,1.0
0.44594594594594594,0.9285714285714286,1.0,0.45,0.08661417322834646,1.0
0.4605263157894737,0.6861313868613139,1.0,0.45,0.01818181818181818,1.0
0.4722222222222222,0.7633587786259542,1.0,0.45,0.09615384615384616,1.0
0.5205479452054794,0.930379746835443,1.0,0.45,0.0,1.0
0.4861111111111111,0.5416666666666666,1.0,0.45,0.12903225806451613,1.0
0.4722222222222222,0.7063492063492064,1.0,0.4642857142857143,0.13513513513513514,1.0
0.4583333333333333,0.8120300751879699,1.0,0.45,0.7685185185185185,1.0
0.44594594594594594,0.9358974358974359,1.0,0.45,0.24806201550387597,1.0
0.4666666666666667,0.4444444444444444,1.0,0.0,0.0,0.0
0.4027777777777778,0.0,0.0,0.45,0.38271604938271603,1.0
0.4931506849315068,0.47619047619047616,1.0,0.0,0.011627906976744186,0.0
0.4931506849315068,0.0,0.0,0.45,0.2048192771084337,1.0
0.4444444444444444,0.8072289156626506,1.0,0.45,0.32954545454545453,1.0
0.4722222222222222,0.8954248366013072,1.0,0.45,0.11111111111111112,1.0
0.4444444444444444,0.7714285714285715,1.0,0.45,0.10434782608695652,1.0
0.49333333333333335,0.7655172413793103,1.0,0.45,0.15833333333333333,1.0
0.5,0.5365853658536586,1.0,0.45,0.11224489795918366,1.0
0.44,0.9539473684210527,1.0,0.0,0.0,0.0
0.4722222222222222,0.0,0.0,0.45,0.8764044943820226,1.0
0.44155844155844154,0.8456375838926175,1.0,0.5107142857142858,0.1721311475409836,1.0
0.4520547945205479,0.48863636363636365,1.0,0.0,0.23255813953488375,0.0
0.4861111111111111,0.0,0.0,0.45,1.0,1.0
0.4861111111111111,0.954248366013072,1.0,0.45,0.007936507936507936,1.0
0.4583333333333333,0.8930817610062893,1.0,0.45,0.29545454545454547,1.0
0.4722222222222222,0.8287671232876712,1.0,0.45,0.18333333333333332,1.0
0.4657534246575342,0.9605263157894737,1.0,0.45,0.0,1.0
0.4383561643835616,0.8661971830985915,1.0,0.45,0.034782608695652174,1.0
0.4583333333333333,0.6444444444444445,1.0,0.45,0.26136363636363635,1.0
0.43243243243243246,0.8675496688741722,1.0,0.0,0.23387096774193544,0.0
0.4444444444444444,0.0,0.0,0.45,0.9487179487179487,1.0
0.5,0.9113924050632911,1.0,0.45,0.04580152671755725,1.0
0.45454545454545453,0.7857142857142857,1.0,0.0,0.18181818181818182,0.0
0.4675324675324675,0.0,0.0,0.45,0.8625,1.0
0.5,0.7195121951219512,1.0,0.4333333333333334,0.12903225806451613,1.0
0.4583333333333333,0.934640522875817,1.0,0.45,0.312,1.0
0.44,0.8791946308724832,1.0,0.45,0.00819672131147541,1.0
0.4594594594594595,0.6904761904761905,1.0,0.45,0.3434343434343434,1.0
0.4383561643835616,0.5511811023622047,1.0,0.45,0.02,1.0
0.4861111111111111,0.9202898550724637,1.0,0.45,0.18018018018018017,1.0
0.5,0.8472222222222222,1.0,0.45,0.0,1.0
0.4794520547945205,0.8807947019867549,1.0,0.45,0.18548387096774194,1.0
0.4722222222222222,0.4117647058823529,1.0,0.45,0.0,1.0
0.49333333333333335,0.6106870229007634,1.0,0.0,0.16346153846153846,0.0
0.4861111111111111,0.0,0.0,0.45,0.976190476190476,1.0
0.4864864864864865,0.9044585987261147,1.0,0.45,0.18461538461538463,1.0
0.5138888888888888,0.7109375,1.0,0.45,0.0891089108910891,1.0
0.5,0.9822485207100592,1.0,0.45,0.3591549295774648,1.0
0.4583333333333333,0.9415584415584416,1.0,0.45,0.0,1.0
0.4722222222222222,0.92,1.0,0.45,0.1951219512195122,1.0
0.44,0.7517241379310344,1.0,0.0,0.11016949152542373,0.0
0.5,0.0,0.0,0.0,0.9313725490196079,0.0
0.4342105263157895,0.0,0.0,0.45,1.0,1.0
0.4794520547945205,0.8305084745762712,1.0,0.0,0.13725490196078433,0.0
0.4931506849315068,0.0,0.0,0.45,0.8390804597701148,1.0
0.4861111111111111,0.5614035087719298,1.0,0.45,0.3263157894736842,1.0
0.4861111111111111,0.8675496688741722,1.0,0.45,0.2096774193548387,1.0
0.4794520547945205,0.7364341085271318,1.0,0.0,0.0,0.0
0.4583333333333333,0.0,0.0,0.45,0.358974358974359,1.0
0.5,0.7737226277372263,1.0,0.45,0.44545454545454544,1.0
0.4666666666666667,0.7707006369426752,1.0,0.45,0.38461538461538464,1.0
0.4722222222222222,0.3173076923076923,1.0,0.45,0.16666666666666666,1.0
0.48,0.9573170731707317,1.0,0.45,0.043795620437956206,1.0
0.4794520547945205,0.5607476635514018,1.0,0.45,0.24468085106382978,1.0
0.5142857142857142,0.4574468085106383,1.0,0.45,0.0,1.0
0.5138888888888888,,,0.45,,1.0
0.5,,,0.0,,0.0
0.4714285714285714,,,0.45,,1.0
0.4714285714285714,,,0.45,,1.0
0.4520547945205479,,,0.0,,0.0
0.4864864864864865,,,0.45,,1.0
0.47297297297297297,,,0.45,,1.0
0.5142857142857142,,,0.45,,1.0
0.4788732394366197,,,0.0,,0.0
0.4861111111111111,,,0.45,,1.0
0.4647887323943662,,,0.45,,1.0
0.4931506849315068,,,0.45,,1.0
0.4857142857142857,,,0.48690476190476184,,1.0
0.5285714285714286,,,0.45,,1.0
0.5,,,0.0,,0.0
0.4647887323943662,,,0.45,,1.0
0.4657534246575342,,,0.0,,0.0
0.4864864864864865,,,0.45,,1.0
0.5135135135135135,,,0.45,,1.0
0.5131578947368421,,,0.0,,0.0
0.45714285714285713,,,0.45,,1.0
0.42857142857142855,,,0.0,,0.0
0.4857142857142857,,,0.45,,1.0
0.4788732394366197,,,0.45,,1.0
0.45714285714285713,,,0.45,,1.0
0.4594594594594595,,,0.45,,1.0
0.4788732394366197,,,0.45,,1.0
0.4788732394366197,,,0.45,,1.0
0.5,,,0.0,,0.0
0.5211267605633803,,,0.0,,0.0
0.4864864864864865,,,0.0,,0.0
0.547945205479452,,,0.0,,0.0
0.5142857142857142,,,0.45,,1.0
0.4714285714285714,,,0.45,,1.0
0.47297297297297297,,,0.45,,1.0
0.4868421052631579,,,0.45,,1.0
0.4714285714285714,,,0.45,,1.0
0.5205479452054794,,,0.45,,1.0
0.45714285714285713,,,0.45,,1.0
0.5070422535211268,,,0.4642857142857143,,1.0
0.4714285714285714,,,0.45,,1.0
0.47297297297297297,,,0.45,,1.0
0.4533333333333333,,,0.0,,0.0
0.4507042253521127,,,0.45,,1.0
0.5068493150684932,,,0.0,,0.0
0.4794520547945205,,,0.45,,1.0
0.4714285714285714,,,0.45,,1.0
0.4714285714285714,,,0.45,,1.0
0.4861111111111111,,,0.45,,1.0
0.52,,,0.45,,1.0
0.45714285714285713,,,0.45,,1.0
0.48,,,0.0,,0.0
0.4857142857142857,,,0.45,,1.0
0.4935064935064935,,,0.5107142857142858,,1.0
0.4931506849315068,,,0.0,,0.0
0.4714285714285714,,,0.45,,1.0
0.5,,,0.45,,1.0
0.4583333333333333,,,0.45,,1.0
0.5,,,0.45,,1.0
0.4246575342465753,,,0.45,,1.0
0.4794520547945205,,,0.45,,1.0
0.4857142857142857,,,0.45,,1.0
0.43243243243243246,,,0.0,,0.0
0.4857142857142857,,,0.45,,1.0
0.5285714285714286,,,0.45,,1.0
0.45454545454545453,,,0.0,,0.0
0.4675324675324675,,,0.45,,1.0
0.5142857142857142,,,0.4333333333333334,,1.0
0.4714285714285714,,,0.45,,1.0
0.4533333333333333,,,0.45,,1.0
0.4594594594594595,,,0.45,,1.0
0.4383561643835616,,,0.45,,1.0
0.4714285714285714,,,0.45,,1.0
0.5,,,0.45,,1.0
0.4383561643835616,,,0.45,,1.0
0.4788732394366197,,,0.45,,1.0
0.52,,,0.0,,0.0
0.5142857142857142,,,0.45,,1.0
0.44594594594594594,,,0.45,,1.0
0.5285714285714286,,,0.45,,1.0
0.4857142857142857,,,0.45,,1.0
0.4714285714285714,,,0.45,,1.0
0.44285714285714284,,,0.45,,1.0
0.49333333333333335,,,0.0,,0.0
0.5,,,0.0,,0.0
0.4868421052631579,,,0.45,,1.0
0.4931506849315068,,,0.0,,0.0
0.5342465753424658,,,0.45,,1.0
0.4714285714285714,,,0.45,,1.0
0.4861111111111111,,,0.45,,1.0
0.5068493150684932,,,0.0,,0.0
0.4714285714285714,,,0.45,,1.0
0.5142857142857142,,,0.45,,1.0
0.48,,,0.45,,1.0
0.5,,,0.45,,1.0
0.5066666666666667,,,0.45,,1.0
0.5068493150684932,,,0.45,,1.0
0.5138888888888888,,,0.04999999999999998,,0.34615384615384615
0.5405405405405406,,,0.45,,1.0
0.5373134328358209,,,0.07857142857142858,,0.38461538461538464
0.5507246376811594,,,0.03333333333333332,,0.38461538461538464
0.5616438356164384,,,0.45,,1.0
0.4864864864864865,,,0.030952380952380943,,0.3076923076923077
0.5135135135135135,,,0.042857142857142844,,0.3076923076923077
0.5217391304347826,,,0.12142857142857147,,0.38461538461538464
0.5070422535211268,,,0.45,,1.0
0.5277777777777778,,,0.06428571428571427,,0.38461538461538464
0.4788732394366197,,,0.0476190476190476,,0.3076923076923077
0.5205479452054794,,,0.1285714285714286,,0.46153846153846156
0.5,,,0.12499999999999997,,0.36666666666666664
0.4696969696969697,,,0.052380952380952375,,0.19230769230769232
0.4852941176470588,,,0.45,,1.0
0.5633802816901409,,,0.08333333333333334,,0.34615384615384615
0.4794520547945205,,,0.45,,1.0
0.5405405405405406,,,0.028571428571428564,,0.23076923076923078
0.5675675675675675,,,0.10238095238095242,,0.46153846153846156
0.5657894736842105,,,0.45,,1.0
0.5147058823529411,,,0.11190476190476188,,0.38461538461538464
0.4927536231884058,,,0.45,,1.0
0.5151515151515151,,,0.052380952380952375,,0.2692307692307692
0.5211267605633803,,,0.09285714285714289,,0.34615384615384615
0.4714285714285714,,,0.0476190476190476,,0.2692307692307692
0.527027027027027,,,0.11428571428571428,,0.38461538461538464
0.49295774647887325,,,0.05714285714285714,,0.2692307692307692
0.5211267605633803,,,0.052380952380952375,,0.2692307692307692
0.5945945945945946,,,0.45,,1.0
0.5352112676056338,,,0.45,,1.0
0.527027027027027,,,0.45,,1.0
0.589041095890411,,,0.45,,1.0
0.47761194029850745,,,0.06666666666666664,,0.4230769230769231
0.5223880597014925,,,0.0476190476190476,,0.3076923076923077
0.47297297297297297,,,0.06190476190476189,,0.4230769230769231
0.5526315789473685,,,0.08333333333333336,,0.34615384615384615
0.4782608695652174,,,0.1166666666666667,,0.46153846153846156
0.547945205479452,,,0.042857142857142844,,0.3076923076923077
0.5217391304347826,,,0.040476190476190464,,0.23076923076923078
0.5211267605633803,,,0.05714285714285714,,0.32142857142857145
0.45588235294117646,,,0.0476190476190476,,0.3076923076923077
0.527027027027027,,,0.16904761904761909,,0.4230769230769231
0.5733333333333334,,,0.45,,1.0
0.49295774647887325,,,0.10238095238095242,,0.38461538461538464
0.5342465753424658,,,0.45,,1.0
0.5616438356164384,,,0.10952380952380958,,0.34615384615384615
0.5,,,0.052380952380952375,,0.34615384615384615
0.4857142857142857,,,0.08333333333333333,,0.3076923076923077
0.5138888888888888,,,0.040476190476190464,,0.34615384615384615
0.5066666666666667,,,0.052380952380952375,,0.3076923076923077
0.5362318840579711,,,0.052380952380952375,,0.3076923076923077
0.52,,,0.45,,1.0
0.5147058823529411,,,0.038095238095238085,,0.2692307692307692
0.5064935064935064,,,0.12023809523809523,,0.46875
0.5616438356164384,,,0.45,,1.0
0.5,,,0.052380952380952375,,0.2692307692307692
0.5,,,0.06904761904761904,,0.3076923076923077
0.4861111111111111,,,0.038095238095238085,,0.3076923076923077
0.47058823529411764,,,0.0857142857142857,,0.34615384615384615
0.4931506849315068,,,0.035714285714285705,,0.2692307692307692
0.5068493150684932,,,0.13333333333333333,,0.4230769230769231
0.4927536231884058,,,0.06666666666666664,,0.3076923076923077
0.5,,,0.45,,1.0
0.5,,,0.061904761904761886,,0.3076923076923077
0.6086956521739131,,,0.038095238095238085,,0.34615384615384615
0.5064935064935064,,,0.45,,1.0
0.5454545454545454,,,0.0761904761904762,,0.3076923076923077
0.46153846153846156,,,0.11190476190476192,,0.4642857142857143
0.5294117647058824,,,0.04999999999999998,,0.2692307692307692
0.56,,,0.15,,0.4230769230769231
0.5675675675675675,,,0.040476190476190464,,0.2692307692307692
0.5068493150684932,,,0.0476190476190476,,0.34615384615384615
0.5285714285714286,,,0.0857142857142857,,0.38461538461538464
0.4696969696969697,,,0.04523809523809522,,0.3076923076923077
0.547945205479452,,,0.15476190476190474,,0.4230769230769231
0.5915492957746479,,,0.12142857142857147,,0.38461538461538464
0.5733333333333334,,,0.45,,1.0
0.5076923076923077,,,0.040476190476190464,,0.3076923076923077
0.5945945945945946,,,0.06904761904761904,,0.3076923076923077
0.47540983606557374,,,0.11666666666666667,,0.46153846153846156
0.47761194029850745,,,0.07142857142857142,,0.34615384615384615
0.463768115942029,,,0.09047619047619046,,0.3076923076923077
0.5072463768115942,,,0.04999999999999998,,0.2692307692307692
0.4666666666666667,,,0.45,,1.0
0.5362318840579711,,,0.45,,1.0
0.5394736842105263,,,0.040476190476190464,,0.2692307692307692
0.547945205479452,,,0.45,,1.0
0.589041095890411,,,0.10952380952380955,,0.4230769230769231
0.4925373134328358,,,0.07857142857142858,,0.38461538461538464
0.5277777777777778,,,0.04523809523809522,,0.3076923076923077
0.5342465753424658,,,0.45,,1.0
0.5362318840579711,,,0.16190476190476194,,0.38461538461538464
0.5483870967741935,,,0.12380952380952384,,0.3076923076923077
0.5466666666666666,,,0.12380952380952379,,0.34615384615384615
0.47692307692307695,,,0.04999999999999998,,0.19230769230769232
0.52,,,0.10238095238095238,,0.34615384615384615
0.5753424657534246,,,0.16190476190476188,,0.46153846153846156
0.4864864864864865,,,0.45,,1.0
0.5277777777777778,,,0.05714285714285713,,0.38461538461538464
0.5,,,0.04999999999999998,,0.34615384615384615
0.4794520547945205,,,0.45,,1.0
0.47297297297297297,,,0.052380952380952375,,0.23076923076923078
0.44594594594594594,,,0.059523809523809514,,0.34615384615384615
0.5,,,0.1142857142857143,,0.4230769230769231
0.4444444444444444,,,0.45,,1.0
0.4722222222222222,,,0.052380952380952375,,0.34615384615384615
0.4444444444444444,,,0.040476190476190464,,0.2692307692307692
0.4657534246575342,,,0.12142857142857141,,0.34615384615384615
0.5,,,0.11071428571428568,,0.36666666666666664
0.5,,,0.06904761904761902,,0.34615384615384615
0.4722222222222222,,,0.45,,1.0
0.5,,,0.07619047619047618,,0.4230769230769231
0.4657534246575342,,,0.45,,1.0
0.44594594594594594,,,0.04523809523809522,,0.3076923076923077
0.4864864864864865,,,0.1,,0.3076923076923077
0.4868421052631579,,,0.45,,1.0
0.4722222222222222,,,0.10476190476190475,,0.38461538461538464
0.4583333333333333,,,0.45,,1.0
0.5,,,0.0738095238095238,,0.4230769230769231
0.4722222222222222,,,0.08571428571428569,,0.38461538461538464
0.4305555555555556,,,0.059523809523809514,,0.38461538461538464
0.44594594594594594,,,0.11666666666666665,,0.5
0.4583333333333333,,,0.06428571428571427,,0.34615384615384615
0.4861111111111111,,,0.054761904761904755,,0.38461538461538464
0.5,,,0.45,,1.0
0.4583333333333333,,,0.45,,1.0
0.44594594594594594,,,0.45,,1.0
0.4794520547945205,,,0.45,,1.0
0.4861111111111111,,,0.054761904761904755,,0.34615384615384615
0.4861111111111111,,,0.06904761904761904,,0.38461538461538464
0.44594594594594594,,,0.04999999999999998,,0.3076923076923077
0.4605263157894737,,,0.07142857142857141,,0.3076923076923077
0.4444444444444444,,,0.06666666666666665,,0.2692307692307692
0.4794520547945205,,,0.04523809523809522,,0.3076923076923077
0.5,,,0.061904761904761886,,0.5
0.4583333333333333,,,0.10000000000000005,,0.42857142857142855
0.4583333333333333,,,0.06904761904761902,,0.34615384615384615
0.43243243243243246,,,0.1619047619047619,,0.3076923076923077
0.48,,,0.45,,1.0
0.4722222222222222,,,0.09047619047619047,,0.34615384615384615
0.5068493150684932,,,0.45,,1.0
0.4931506849315068,,,0.10714285714285716,,0.4230769230769231
0.4583333333333333,,,0.035714285714285705,,0.19230769230769232
0.4444444444444444,,,0.08095238095238094,,0.38461538461538464
0.4305555555555556,,,0.042857142857142844,,0.3076923076923077
0.4666666666666667,,,0.040476190476190464,,0.3076923076923077
0.4444444444444444,,,0.026190476190476188,,0.3076923076923077
0.48,,,0.45,,1.0
0.5138888888888888,,,0.0738095238095238,,0.38461538461538464
0.44155844155844154,,,0.11785714285714284,,0.375
0.4931506849315068,,,0.45,,1.0
0.4722222222222222,,,0.021428571428571422,,0.2692307692307692
0.5138888888888888,,,0.07142857142857141,,0.38461538461538464
0.4583333333333333,,,0.06904761904761902,,0.34615384615384615
0.4583333333333333,,,0.09285714285714283,,0.3076923076923077
0.4931506849315068,,,0.038095238095238085,,0.2692307692307692
0.4383561643835616,,,0.13095238095238096,,0.46153846153846156
0.4861111111111111,,,0.06904761904761902,,0.34615384615384615
0.4189189189189189,,,0.45,,1.0
0.5,,,0.04999999999999998,,0.38461538461538464
0.5,,,0.04999999999999998,,0.4230769230769231
0.45454545454545453,,,0.45,,1.0
0.4675324675324675,,,0.06904761904761902,,0.34615384615384615
0.4861111111111111,,,0.10476190476190479,,0.35714285714285715
0.5,,,0.061904761904761886,,0.34615384615384615
0.4266666666666667,,,0.14285714285714285,,0.4230769230769231
0.43243243243243246,,,0.0476190476190476,,0.34615384615384615
0.4657534246575342,,,0.030952380952380943,,0.19230769230769232
0.4861111111111111,,,0.06428571428571427,,0.38461538461538464
0.4861111111111111,,,0.04761904761904761,,0.3076923076923077
0.4931506849315068,,,0.14761904761904762,,0.34615384615384615
0.4722222222222222,,,0.11904761904761904,,0.4230769230769231
0.5066666666666667,,,0.45,,1.0
0.5138888888888888,,,0.07142857142857141,,0.38461538461538464
0.44594594594594594,,,0.05714285714285713,,0.38461538461538464
0.5277777777777778,,,0.11904761904761904,,0.46153846153846156
0.5,,,0.06904761904761902,,0.38461538461538464
0.4444444444444444,,,0.10238095238095238,,0.4230769230769231
0.4722222222222222,,,0.061904761904761886,,0.46153846153846156
0.4666666666666667,,,0.45,,1.0
0.4861111111111111,,,0.45,,1.0
0.47368421052631576,,,0.05714285714285713,,0.34615384615384615
0.5068493150684932,,,0.45,,1.0
0.5342465753424658,,,0.10238095238095239,,0.38461538461538464
0.5,,,0.07142857142857141,,0.38461538461538464
0.4583333333333333,,,0.042857142857142844,,0.19230769230769232
0.4931506849315068,,,0.45,,1.0
0.4722222222222222,,,0.15476190476190474,,0.46153846153846156
0.5138888888888888,,,0.12619047619047621,,0.38461538461538464
0.4533333333333333,,,0.11666666666666665,,0.4230769230769231
0.5138888888888888,,,0.061904761904761886,,0.3076923076923077
0.4666666666666667,,,0.10952380952380954,,0.4230769230769231
0.4657534246575342,,,0.15952380952380954,,0.46153846153846156
0.527027027027027,,,0.45,,1.0
0.527027027027027,,,0.45,,1.0
0.4864864864864865,,,0.0,,0.0
0.4594594594594595,,,0.45,,1.0
0.47297297297297297,,,0.45,,1.0
0.5405405405405406,,,0.45,,1.0
0.5135135135135135,,,0.0,,0.0
0.47297297297297297,,,0.45,,1.0
0.4864864864864865,,,0.45,,1.0
0.527027027027027,,,0.45,,1.0
0.5135135135135135,,,0.48690476190476184,,1.0
0.5540540540540541,,,0.45,,1.0
0.5135135135135135,,,0.0,,0.0
0.5135135135135135,,,0.45,,1.0
0.5135135135135135,,,0.0,,0.0
0.47297297297297297,,,0.45,,1.0
0.4594594594594595,,,0.45,,1.0
0.5,,,0.0,,0.0
0.527027027027027,,,0.45,,1.0
0.5135135135135135,,,0.0,,0.0
0.5405405405405406,,,0.45,,1.0
0.5,,,0.45,,1.0
0.4594594594594595,,,0.45,,1.0
0.4864864864864865,,,0.45,,1.0
0.5135135135135135,,,0.45,,1.0
0.4594594594594595,,,0.45,,1.0
0.4864864864864865,,,0.0,,0.0
0.5,,,0.0,,0.0
0.44594594594594594,,,0.0,,0.0
0.5135135135135135,,,0.0,,0.0
0.5540540540540541,,,0.45,,1.0
0.5,,,0.45,,1.0
0.43243243243243246,,,0.45,,1.0
0.4605263157894737,,,0.45,,1.0
0.47297297297297297,,,0.45,,1.0
0.4864864864864865,,,0.45,,1.0
0.5405405405405406,,,0.45,,1.0
0.5135135135135135,,,0.4642857142857143,,1.0
0.5,,,0.45,,1.0
0.44594594594594594,,,0.45,,1.0
0.49333333333333335,,,0.0,,0.0
0.5135135135135135,,,0.45,,1.0
0.5135135135135135,,,0.0,,0.0
0.5,,,0.45,,1.0
0.5,,,0.45,,1.0
0.5135135135135135,,,0.45,,1.0
0.4864864864864865,,,0.45,,1.0
0.5066666666666667,,,0.45,,1.0
0.5135135135135135,,,0.45,,1.0
0.5066666666666667,,,0.0,,0.0
0.5135135135135135,,,0.45,,1.0
0.4805194805194805,,,0.5107142857142858,,1.0
0.5135135135135135,,,0.0,,0.0
0.5135135135135135,,,0.45,,1.0
0.527027027027027,,,0.45,,1.0
0.4864864864864865,,,0.45,,1.0
0.5405405405405406,,,0.45,,1.0
0.4864864864864865,,,0.45,,1.0
0.5135135135135135,,,0.45,,1.0
0.47297297297297297,,,0.45,,1.0
0.43243243243243246,,,0.0,,0.0
0.5135135135135135,,,0.45,,1.0
0.527027027027027,,,0.45,,1.0
0.44155844155844154,,,0.0,,0.0
0.4935064935064935,,,0.45,,1.0
0.5135135135135135,,,0.4333333333333334,,1.0
0.5135135135135135,,,0.45,,1.0
0.48,,,0.45,,1.0
0.47297297297297297,,,0.45,,1.0
0.4594594594594595,,,0.45,,1.0
0.5135135135135135,,,0.45,,1.0
0.5540540540540541,,,0.45,,1.0
0.527027027027027,,,0.45,,1.0
0.5,,,0.45,,1.0
0.5066666666666667,,,0.0,,0.0
0.5405405405405406,,,0.45,,1.0
0.5,,,0.45,,1.0
0.5675675675675675,,,0.45,,1.0
0.5135135135135135,,,0.45,,1.0
0.5135135135135135,,,0.45,,1.0
0.4864864864864865,,,0.45,,1.0
0.4666666666666667,,,0.0,,0.0
0.5,,,0.0,,0.0
0.4605263157894737,,,0.45,,1.0
0.5,,,0.0,,0.0
0.5135135135135135,,,0.45,,1.0
0.5135135135135135,,,0.45,,1.0
0.5135135135135135,,,0.45,,1.0
0.47297297297297297,,,0.0,,0.0
0.527027027027027,,,0.45,,1.0
0.5675675675675675,,,0.45,,1.0
0.48,,,0.45,,1.0
0.5540540540540541,,,0.45,,1.0
0.48,,,0.45,,1.0
0.4189189189189189,,,0.45,,1.0
0.4927536231884058,,,0.08333333333333334,,0.34615384615384615
0.5068493150684932,,,0.45,,1.0
0.47297297297297297,,,0.06666666666666665,,0.38461538461538464
0.4594594594594595,,,0.07380952380952381,,0.38461538461538464
0.5072463768115942,,,0.07619047619047618,,0.2692307692307692
0.5070422535211268,,,0.45,,1.0
0.5138888888888888,,,0.0476190476190476,,0.34615384615384615
0.4788732394366197,,,0.07380952380952381,,0.3076923076923077
0.5342465753424658,,,0.09761904761904762,,0.38461538461538464
0.5428571428571428,,,0.07499999999999996,,0.3
0.44776119402985076,,,0.09285714285714285,,0.4230769230769231
0.4852941176470588,,,0.45,,1.0
0.49295774647887325,,,0.06666666666666664,,0.4230769230769231
0.4657534246575342,,,0.45,,1.0
0.47297297297297297,,,0.06428571428571427,,0.34615384615384615
0.5135135135135135,,,0.07142857142857141,,0.4230769230769231
0.4868421052631579,,,0.45,,1.0
0.47058823529411764,,,0.0857142857142857,,0.46153846153846156
0.43478260869565216,,,0.45,,1.0
0.5074626865671642,,,0.0880952380952381,,0.46153846153846156
0.4788732394366197,,,0.042857142857142844,,0.2692307692307692
0.42857142857142855,,,0.0928571428571429,,0.3076923076923077
0.47297297297297297,,,0.11666666666666665,,0.4230769230769231
0.4647887323943662,,,0.09285714285714289,,0.3076923076923077
0.4788732394366197,,,0.06904761904761902,,0.34615384615384615
0.5135135135135135,,,0.45,,1.0
0.4788732394366197,,,0.45,,1.0
0.44594594594594594,,,0.45,,1.0
0.5342465753424658,,,0.45,,1.0
0.44776119402985076,,,0.0738095238095238,,0.3076923076923077
0.47761194029850745,,,0.09285714285714287,,0.46153846153846156
0.4864864864864865,,,0.059523809523809514,,0.34615384615384615
0.4868421052631579,,,0.042857142857142844,,0.34615384615384615
0.463768115942029,,,0.0476190476190476,,0.3076923076923077
0.5205479452054794,,,0.059523809523809514,,0.34615384615384615
0.4782608695652174,,,0.06666666666666664,,0.38461538461538464
0.5070422535211268,,,0.12142857142857141,,0.5
0.5,,,0.09761904761904762,,0.38461538461538464
0.4864864864864865,,,0.12380952380952381,,0.4230769230769231
0.49333333333333335,,,0.45,,1.0
0.49295774647887325,,,0.052380952380952375,,0.23076923076923078
0.5205479452054794,,,0.45,,1.0
0.4931506849315068,,,0.06428571428571427,,0.34615384615384615
0.4264705882352941,,,0.06428571428571427,,0.38461538461538464
0.45714285714285713,,,0.06666666666666664,,0.3076923076923077
0.4722222222222222,,,0.06666666666666665,,0.38461538461538464
0.48,,,0.05476190476190475,,0.3076923076923077
0.4927536231884058,,,0.040476190476190464,,0.34615384615384615
0.48,,,0.45,,1.0
0.4852941176470588,,,0.09761904761904763,,0.46153846153846156
0.44155844155844154,,,0.10357142857142856,,0.40625
0.4794520547945205,,,0.45,,1.0
0.4852941176470588,,,0.040476190476190464,,0.3076923076923077
0.44776119402985076,,,0.06666666666666664,,0.34615384615384615
0.5277777777777778,,,0.09285714285714289,,0.4230769230769231
0.47058823529411764,,,0.13095238095238096,,0.34615384615384615
0.4657534246575342,,,0.05714285714285713,,0.34615384615384615
0.5342465753424658,,,0.09285714285714285,,0.34615384615384615
0.4492753623188406,,,0.06904761904761902,,0.4230769230769231
0.4864864864864865,,,0.45,,1.0
0.4626865671641791,,,0.040476190476190464,,0.3076923076923077
0.5072463768115942,,,0.06904761904761902,,0.2692307692307692
0.4675324675324675,,,0.45,,1.0
0.4805194805194805,,,0.04999999999999998,,0.34615384615384615
0.4626865671641791,,,0.0761904761904762,,0.35714285714285715
0.5,,,0.09523809523809526,,0.3076923076923077
0.48,,,0.10476190476190476,,0.34615384615384615
0.5,,,0.05714285714285713,,0.38461538461538464
0.4657534246575342,,,0.06904761904761902,,0.34615384615384615
0.45714285714285713,,,0.08809523809523807,,0.2692307692307692
0.44776119402985076,,,0.07619047619047618,,0.46153846153846156
0.5205479452054794,,,0.10952380952380951,,0.38461538461538464
0.5352112676056338,,,0.07619047619047617,,0.38461538461538464
0.5333333333333333,,,0.45,,1.0
0.47761194029850745,,,0.09523809523809526,,0.46153846153846156
0.47297297297297297,,,0.052380952380952375,,0.3076923076923077
0.5074626865671642,,,0.08571428571428572,,0.34615384615384615
0.4626865671641791,,,0.10238095238095238,,0.2692307692307692
0.4782608695652174,,,0.11666666666666665,,0.46153846153846156
0.463768115942029,,,0.07142857142857141,,0.4230769230769231
0.52,,,0.45,,1.0
0.4927536231884058,,,0.45,,1.0
0.4473684210526316,,,0.07619047619047618,,0.46153846153846156
0.5068493150684932,,,0.45,,1.0
0.5068493150684932,,,0.08333333333333331,,0.4230769230769231
0.5074626865671642,,,0.02857142857142857,,0.3076923076923077
0.4722222222222222,,,0.07142857142857141,,0.2692307692307692
0.4931506849315068,,,0.45,,1.0
0.463768115942029,,,0.11666666666666667,,0.4230769230769231
0.5223880597014925,,,0.08333333333333333,,0.38461538461538464
0.4666666666666667,,,0.09761904761904762,,0.46153846153846156
0.4626865671641791,,,0.09523809523809526,,0.3076923076923077
0.52,,,0.11428571428571428,,0.46153846153846156
0.5068493150684932,,,0.1166666666666667,,0.34615384615384615
0.4794520547945205,,,0.45,,1.0
0.4864864864864865,,,0.04999999999999998,,0.34615384615384615
0.47297297297297297,,,0.04285714285714285,,0.38461538461538464
0.4782608695652174,,,0.10714285714285718,,0.34615384615384615
0.4647887323943662,,,0.45,,1.0
0.4722222222222222,,,0.04999999999999998,,0.3076923076923077
0.4225352112676056,,,0.05714285714285713,,0.3076923076923077
0.4657534246575342,,,0.10952380952380955,,0.38461538461538464
0.5,,,0.1226190476190476,,0.4
0.5072463768115942,,,0.052380952380952375,,0.3076923076923077
0.463768115942029,,,0.45,,1.0
0.43661971830985913,,,0.06428571428571427,,0.2692307692307692
0.4520547945205479,,,0.45,,1.0
0.43243243243243246,,,0.05714285714285713,,0.38461538461538464
0.5135135135135135,,,0.10238095238095242,,0.46153846153846156
0.47368421052631576,,,0.45,,1.0
0.463768115942029,,,0.09285714285714285,,0.3076923076923077
0.4782608695652174,,,0.45,,1.0
0.4492753623188406,,,0.052380952380952375,,0.2692307692307692
0.43661971830985913,,,0.09285714285714289,,0.38461538461538464
0.42857142857142855,,,0.06666666666666664,,0.38461538461538464
0.43243243243243246,,,0.10476190476190476,,0.38461538461538464
0.4507042253521127,,,0.06666666666666664,,0.2692307692307692
0.4507042253521127,,,0.042857142857142844,,0.3076923076923077
0.5,,,0.45,,1.0
0.4507042253521127,,,0.45,,1.0
0.43243243243243246,,,0.45,,1.0
0.4931506849315068,,,0.45,,1.0
0.4782608695652174,,,0.05714285714285713,,0.38461538461538464
0.4927536231884058,,,0.042857142857142844,,0.2692307692307692
0.4594594594594595,,,0.06190476190476189,,0.46153846153846156
0.4342105263157895,,,0.0738095238095238,,0.2692307692307692
0.4492753623188406,,,0.1166666666666667,,0.46153846153846156
0.5068493150684932,,,0.03333333333333332,,0.3076923076923077
0.463768115942029,,,0.040476190476190464,,0.34615384615384615
0.4788732394366197,,,0.05714285714285716,,0.32142857142857145
0.43478260869565216,,,0.042857142857142844,,0.23076923076923078
0.47297297297297297,,,0.15,,0.46153846153846156
0.48,,,0.45,,1.0
0.4647887323943662,,,0.09761904761904763,,0.38461538461538464
0.5068493150684932,,,0.45,,1.0
0.4794520547945205,,,0.09523809523809527,,0.38461538461538464
0.4492753623188406,,,0.07142857142857141,,0.4230769230769231
0.4714285714285714,,,0.0738095238095238,,0.3076923076923077
0.4166666666666667,,,0.040476190476190464,,0.2692307692307692
0.4533333333333333,,,0.038095238095238085,,0.2692307692307692
0.463768115942029,,,0.0476190476190476,,0.34615384615384615
0.48,,,0.45,,1.0
0.4927536231884058,,,0.0476190476190476,,0.38461538461538464
0.4675324675324675,,,0.10357142857142858,,0.40625
0.4383561643835616,,,0.45,,1.0
0.463768115942029,,,0.052380952380952375,,0.34615384615384615
0.463768115942029,,,0.06428571428571427,,0.38461538461538464
0.4444444444444444,,,0.0476190476190476,,0.23076923076923078
0.463768115942029,,,0.10476190476190479,,0.23076923076923078
0.4246575342465753,,,0.040476190476190464,,0.38461538461538464
0.4794520547945205,,,0.11904761904761903,,0.34615384615384615
0.463768115942029,,,0.05714285714285713,,0.3076923076923077
0.40540540540540543,,,0.45,,1.0
0.4782608695652174,,,0.052380952380952375,,0.23076923076923078
0.4492753623188406,,,0.03333333333333332,,0.3076923076923077
0.42857142857142855,,,0.45,,1.0
0.4805194805194805,,,0.06666666666666664,,0.3076923076923077
0.4927536231884058,,,0.09761904761904763,,0.35714285714285715
0.4927536231884058,,,0.06904761904761902,,0.3076923076923077
0.4666666666666667,,,0.14047619047619045,,0.46153846153846156
0.4594594594594595,,,0.040476190476190464,,0.3076923076923077
0.4383561643835616,,,0.038095238095238085,,0.2692307692307692
0.44285714285714284,,,0.08095238095238096,,0.34615384615384615
0.5072463768115942,,,0.030952380952380946,,0.2692307692307692
0.4931506849315068,,,0.1357142857142857,,0.38461538461538464
0.5211267605633803,,,0.10714285714285716,,0.46153846153846156
0.49333333333333335,,,0.45,,1.0
0.4927536231884058,,,0.05476190476190475,,0.34615384615384615
0.47297297297297297,,,0.06904761904761902,,0.38461538461538464
0.5362318840579711,,,0.10714285714285712,,0.3076923076923077
0.4782608695652174,,,0.08095238095238096,,0.3076923076923077
0.463768115942029,,,0.08571428571428572,,0.34615384615384615
0.4492753623188406,,,0.021428571428571422,,0.2692307692307692
0.4533333333333333,,,0.45,,1.0
0.463768115942029,,,0.45,,1.0
0.47368421052631576,,,0.030952380952380943,,0.2692307692307692
0.5342465753424658,,,0.45,,1.0
0.4794520547945205,,,0.09523809523809527,,0.34615384615384615
0.43478260869565216,,,0.0738095238095238,,0.38461538461538464
0.4861111111111111,,,0.06428571428571427,,0.34615384615384615
0.4931506849315068,,,0.45,,1.0
0.4782608695652174,,,0.14285714285714285,,0.38461538461538464
0.5217391304347826,,,0.12380952380952384,,0.46153846153846156
0.48,,,0.10476190476190476,,0.34615384615384615
0.463768115942029,,,0.06904761904761902,,0.2692307692307692
0.52,,,0.09285714285714289,,0.34615384615384615
0.4931506849315068,,,0.16190476190476188,,0.5769230769230769
0.4864864864864865,,,0.45,,1.0
0.4594594594594595,,,0.45,,1.0
0.5205479452054794,,,0.45,,1.0
0.4931506849315068,,,0.0,,0.0
0.4383561643835616,,,0.45,,1.0
0.4520547945205479,,,0.45,,1.0
0.4931506849315068,,,0.45,,1.0
0.4931506849315068,,,0.48690476190476184,,1.0
0.4931506849315068,,,0.45,,1.0
0.4931506849315068,,,0.0,,0.0
0.5068493150684932,,,0.45,,1.0
0.4520547945205479,,,0.0,,0.0
0.44594594594594594,,,0.45,,1.0
0.5,,,0.45,,1.0
0.47368421052631576,,,0.0,,0.0
0.4931506849315068,,,0.45,,1.0
0.5068493150684932,,,0.0,,0.0
0.5205479452054794,,,0.45,,1.0
0.4794520547945205,,,0.45,,1.0
0.4794520547945205,,,0.45,,1.0
0.47297297297297297,,,0.45,,1.0
0.4657534246575342,,,0.45,,1.0
0.4931506849315068,,,0.45,,1.0
0.4864864864864865,,,0.0,,0.0
0.5342465753424658,,,0.0,,0.0
0.47297297297297297,,,0.0,,0.0
0.4931506849315068,,,0.0,,0.0
0.5616438356164384,,,0.45,,1.0
0.5205479452054794,,,0.45,,1.0
0.4864864864864865,,,0.45,,1.0
0.4473684210526316,,,0.45,,1.0
0.4794520547945205,,,0.45,,1.0
0.4794520547945205,,,0.45,,1.0
0.5068493150684932,,,0.45,,1.0
0.5068493150684932,,,0.4642857142857143,,1.0
0.5068493150684932,,,0.45,,1.0
0.5135135135135135,,,0.45,,1.0
0.4666666666666667,,,0.0,,0.0
0.4520547945205479,,,0.45,,1.0
0.5342465753424658,,,0.0,,0.0
0.4657534246575342,,,0.45,,1.0
0.5068493150684932,,,0.45,,1.0
0.4931506849315068,,,0.45,,1.0
0.4520547945205479,,,0.45,,1.0
0.4666666666666667,,,0.45,,1.0
0.4931506849315068,,,0.45,,1.0
0.4266666666666667,,,0.0,,0.0
0.4931506849315068,,,0.45,,1.0
0.4675324675324675,,,0.5107142857142858,,1.0
0.4794520547945205,,,0.0,,0.0
0.4931506849315068,,,0.45,,1.0
0.4931506849315068,,,0.45,,1.0
0.4383561643835616,,,0.45,,1.0
0.5205479452054794,,,0.45,,1.0
0.4657534246575342,,,0.45,,1.0
0.4657534246575342,,,0.45,,1.0
0.5342465753424658,,,0.45,,1.0
0.4594594594594595,,,0.0,,0.0
0.4794520547945205,,,0.45,,1.0
0.547945205479452,,,0.45,,1.0
0.4805194805194805,,,0.0,,0.0
0.4675324675324675,,,0.45,,1.0
0.5205479452054794,,,0.4333333333333334,,1.0
0.5342465753424658,,,0.45,,1.0
0.48,,,0.45,,1.0
0.4594594594594595,,,0.45,,1.0
0.4657534246575342,,,0.45,,1.0
0.5068493150684932,,,0.45,,1.0
0.5342465753424658,,,0.45,,1.0
0.4794520547945205,,,0.45,,1.0
0.4657534246575342,,,0.45,,1.0
0.52,,,0.0,,0.0
0.5205479452054794,,,0.45,,1.0
0.4864864864864865,,,0.45,,1.0
0.4931506849315068,,,0.45,,1.0
0.5205479452054794,,,0.45,,1.0
0.4794520547945205,,,0.45,,1.0
0.4657534246575342,,,0.45,,1.0
0.4666666666666667,,,0.0,,0.0
0.5205479452054794,,,0.0,,0.0
0.4342105263157895,,,0.45,,1.0
0.4794520547945205,,,0.0,,0.0
0.5205479452054794,,,0.45,,1.0
0.5068493150684932,,,0.45,,1.0
0.4794520547945205,,,0.45,,1.0
0.4383561643835616,,,0.0,,0.0
0.5205479452054794,,,0.45,,1.0
0.5205479452054794,,,0.45,,1.0
0.4533333333333333,,,0.45,,1.0
0.5205479452054794,,,0.45,,1.0
0.5066666666666667,,,0.45,,1.0
0.4657534246575342,,,0.45,,1.0
0.4594594594594595,,,0.04523809523809522,,0.19230769230769232
0.527027027027027,,,0.12380952380952381,,0.4230769230769231
0.5,,,0.45,,1.0
0.5,,,0.061904761904761886,,0.34615384615384615
0.44594594594594594,,,0.030952380952380946,,0.2692307692307692
0.4864864864864865,,,0.13095238095238096,,0.4230769230769231
0.4864864864864865,,,0.13214285714285712,,0.4333333333333334
0.527027027027027,,,0.04523809523809522,,0.3076923076923077
0.5,,,0.45,,1.0
0.5,,,0.08571428571428573,,0.38461538461538464
0.43243243243243246,,,0.45,,1.0
0.47297297297297297,,,0.04523809523809522,,0.38461538461538464
0.4594594594594595,,,0.10000000000000002,,0.38461538461538464
0.47368421052631576,,,0.45,,1.0
0.5,,,0.11428571428571428,,0.38461538461538464
0.4594594594594595,,,0.45,,1.0
0.4864864864864865,,,0.05476190476190475,,0.34615384615384615
0.4594594594594595,,,0.10000000000000002,,0.34615384615384615
0.44594594594594594,,,0.059523809523809514,,0.3076923076923077
0.4594594594594595,,,0.11190476190476191,,0.3076923076923077
0.4864864864864865,,,0.059523809523809514,,0.3076923076923077
0.4594594594594595,,,0.04999999999999998,,0.34615384615384615
0.4864864864864865,,,0.45,,1.0
0.5,,,0.45,,1.0
0.44594594594594594,,,0.45,,1.0
0.527027027027027,,,0.45,,1.0
0.5135135135135135,,,0.05476190476190475,,0.2692307692307692
0.527027027027027,,,0.04523809523809523,,0.38461538461538464
0.4594594594594595,,,0.04999999999999998,,0.3076923076923077
0.4605263157894737,,,0.09047619047619047,,0.38461538461538464
0.47297297297297297,,,0.1142857142857143,,0.4230769230769231
0.5,,,0.030952380952380943,,0.2692307692307692
0.5135135135135135,,,0.05714285714285713,,0.38461538461538464
0.4864864864864865,,,0.05476190476190477,,0.21428571428571427
0.5,,,0.04523809523809522,,0.3076923076923077
0.43243243243243246,,,0.17142857142857143,,0.38461538461538464
0.4533333333333333,,,0.45,,1.0
0.47297297297297297,,,0.10952380952380955,,0.4230769230769231
0.5,,,0.45,,1.0
0.47297297297297297,,,0.11190476190476192,,0.4230769230769231
0.47297297297297297,,,0.030952380952380946,,0.3076923076923077
0.4864864864864865,,,0.0857142857142857,,0.34615384615384615
0.44594594594594594,,,0.042857142857142844,,0.4230769230769231
0.48,,,0.059523809523809514,,0.34615384615384615
0.44594594594594594,,,0.040476190476190464,,0.34615384615384615
0.4666666666666667,,,0.45,,1.0
0.5,,,0.040476190476190464,,0.2692307692307692
0.4675324675324675,,,0.12023809523809523,,0.375
0.43243243243243246,,,0.45,,1.0
0.5,,,0.040476190476190464,,0.3076923076923077
0.527027027027027,,,0.06666666666666664,,0.34615384615384615
0.43243243243243246,,,0.040476190476190464,,0.34615384615384615
0.4594594594594595,,,0.08333333333333331,,0.3076923076923077
0.4864864864864865,,,0.038095238095238085,,0.3076923076923077
0.4864864864864865,,,0.13571428571428573,,0.34615384615384615
0.4864864864864865,,,0.05476190476190475,,0.3076923076923077
0.44594594594594594,,,0.45,,1.0
0.4864864864864865,,,0.05476190476190475,,0.3076923076923077
0.5135135135135135,,,0.035714285714285705,,0.2692307692307692
0.45454545454545453,,,0.45,,1.0
0.45454545454545453,,,0.08333333333333334,,0.3076923076923077
0.4864864864864865,,,0.1142857142857143,,0.42857142857142855
0.5,,,0.061904761904761886,,0.34615384615384615
0.4666666666666667,,,0.15714285714285714,,0.46153846153846156
0.40540540540540543,,,0.0476190476190476,,0.3076923076923077
0.4189189189189189,,,0.04523809523809522,,0.3076923076923077
0.4864864864864865,,,0.08333333333333331,,0.38461538461538464
0.5,,,0.052380952380952375,,0.38461538461538464
0.4864864864864865,,,0.15714285714285714,,0.4230769230769231
0.527027027027027,,,0.12380952380952384,,0.38461538461538464
0.4666666666666667,,,0.45,,1.0
0.5540540540540541,,,0.038095238095238085,,0.2692307692307692
0.4594594594594595,,,0.07142857142857142,,0.34615384615384615
0.5135135135135135,,,0.1142857142857143,,0.34615384615384615
0.4864864864864865,,,0.0738095238095238,,0.3076923076923077
0.47297297297297297,,,0.09761904761904762,,0.4230769230769231
0.4864864864864865,,,0.061904761904761886,,0.4230769230769231
0.41333333333333333,,,0.45,,1.0
0.47297297297297297,,,0.45,,1.0
0.4342105263157895,,,0.042857142857142844,,0.2692307692307692
0.47297297297297297,,,0.45,,1.0
0.47297297297297297,,,0.11190476190476192,,0.3076923076923077
0.5,,,0.06190476190476189,,0.34615384615384615
0.4864864864864865,,,0.033333333333333326,,0.3076923076923077
0.47297297297297297,,,0.45,,1.0
0.4864864864864865,,,0.1642857142857143,,0.4230769230769231
0.581081081081081,,,0.12619047619047621,,0.38461538461538464
0.4533333333333333,,,0.12619047619047621,,0.34615384615384615
0.4864864864864865,,,0.06190476190476189,,0.34615384615384615
0.48,,,0.10000000000000002,,0.38461538461538464
0.5,,,0.16904761904761906,,0.5
0.527027027027027,,,0.08333333333333334,,0.34615384615384615
0.47297297297297297,,,0.45,,1.0
0.5,,,0.06428571428571427,,0.38461538461538464
0.4864864864864865,,,0.07142857142857141,,0.34615384615384615
0.5,,,0.08571428571428576,,0.2692307692307692
0.527027027027027,,,0.10357142857142856,,0.4666666666666667
0.5135135135135135,,,0.038095238095238085,,0.3076923076923077
0.527027027027027,,,0.45,,1.0
0.527027027027027,,,0.059523809523809514,,0.34615384615384615
0.44594594594594594,,,0.45,,1.0
0.44594594594594594,,,0.038095238095238085,,0.38461538461538464
0.47297297297297297,,,0.07857142857142857,,0.4230769230769231
0.47368421052631576,,,0.45,,1.0
0.527027027027027,,,0.07380952380952381,,0.34615384615384615
0.5,,,0.45,,1.0
0.5135135135135135,,,0.0761904761904762,,0.4230769230769231
0.5,,,0.06904761904761904,,0.3076923076923077
0.44594594594594594,,,0.09047619047619046,,0.3076923076923077
0.4594594594594595,,,0.07619047619047618,,0.34615384615384615
0.4594594594594595,,,0.09047619047619046,,0.3076923076923077
0.4864864864864865,,,0.03333333333333332,,0.38461538461538464
0.5,,,0.45,,1.0
0.5,,,0.45,,1.0
0.44594594594594594,,,0.45,,1.0
0.5135135135135135,,,0.45,,1.0
0.527027027027027,,,0.07619047619047618,,0.38461538461538464
0.527027027027027,,,0.06190476190476189,,0.34615384615384615
0.4594594594594595,,,0.042857142857142844,,0.3076923076923077
0.47368421052631576,,,0.06428571428571427,,0.4230769230769231
0.47297297297297297,,,0.10714285714285718,,0.4230769230769231
0.527027027027027,,,0.0476190476190476,,0.3076923076923077
0.5135135135135135,,,0.04999999999999998,,0.34615384615384615
0.4864864864864865,,,0.07380952380952381,,0.32142857142857145
0.4594594594594595,,,0.052380952380952375,,0.4230769230769231
0.47297297297297297,,,0.12619047619047621,,0.38461538461538464
0.48,,,0.45,,1.0
0.47297297297297297,,,0.07857142857142856,,0.38461538461538464
0.4864864864864865,,,0.45,,1.0
0.5,,,0.07142857142857142,,0.38461538461538464
0.4864864864864865,,,0.061904761904761886,,0.38461538461538464
0.47297297297297297,,,0.040476190476190464,,0.2692307692307692
0.44594594594594594,,,0.040476190476190464,,0.34615384615384615
0.48,,,0.0476190476190476,,0.2692307692307692
0.4864864864864865,,,0.0476190476190476,,0.23076923076923078
0.48,,,0.45,,1.0
0.5,,,0.03333333333333332,,0.23076923076923078
0.4805194805194805,,,0.10595238095238095,,0.40625
0.4594594594594595,,,0.45,,1.0
0.5,,,0.0476190476190476,,0.23076923076923078
0.5,,,0.040476190476190464,,0.3076923076923077
0.5,,,0.042857142857142844,,0.34615384615384615
0.5135135135135135,,,0.1285714285714286,,0.38461538461538464
0.44594594594594594,,,0.035714285714285705,,0.34615384615384615
0.47297297297297297,,,0.09047619047619047,,0.34615384615384615
0.4864864864864865,,,0.038095238095238085,,0.38461538461538464
0.4594594594594595,,,0.45,,1.0
0.4864864864864865,,,0.06666666666666664,,0.34615384615384615
0.5,,,0.033333333333333326,,0.34615384615384615
0.4675324675324675,,,0.45,,1.0
0.4675324675324675,,,0.0476190476190476,,0.3076923076923077
0.47297297297297297,,,0.0785714285714286,,0.42857142857142855
0.5,,,0.09285714285714285,,0.3076923076923077
0.49333333333333335,,,0.12142857142857147,,0.34615384615384615
0.47297297297297297,,,0.040476190476190464,,0.3076923076923077
0.43243243243243246,,,0.05714285714285713,,0.3076923076923077
0.5,,,0.10952380952380955,,0.46153846153846156
0.5,,,0.030952380952380943,,0.2692307692307692
0.5135135135135135,,,0.11190476190476192,,0.4230769230769231
0.4864864864864865,,,0.07857142857142858,,0.3076923076923077
0.5333333333333333,,,0.45,,1.0
0.527027027027027,,,0.035714285714285705,,0.2692307692307692
0.44594594594594594,,,0.0738095238095238,,0.3076923076923077
0.5540540540540541,,,0.07857142857142858,,0.34615384615384615
0.5135135135135135,,,0.10000000000000002,,0.38461538461538464
0.47297297297297297,,,0.06190476190476189,,0.38461538461538464
0.47297297297297297,,,0.049999999999999996,,0.38461538461538464
0.4666666666666667,,,0.45,,1.0
0.5,,,0.45,,1.0
0.4605263157894737,,,0.030952380952380946,,0.3076923076923077
0.47297297297297297,,,0.45,,1.0
0.5,,,0.06666666666666665,,0.34615384615384615
0.5135135135135135,,,0.06428571428571427,,0.4230769230769231
0.4864864864864865,,,0.06904761904761902,,0.34615384615384615
0.5,,,0.45,,1.0
0.4864864864864865,,,0.11904761904761907,,0.38461538461538464
0.5675675675675675,,,0.09047619047619047,,0.4230769230769231
0.49333333333333335,,,0.08095238095238096,,0.23076923076923078
0.5135135135135135,,,0.09285714285714285,,0.34615384615384615
0.48,,,0.06428571428571427,,0.34615384615384615
0.5,,,0.13809523809523808,,0.5
0.4647887323943662,,,0.45,,1.0
0.4583333333333333,,,0.08571428571428572,,0.38461538461538464
0.43661971830985913,,,0.15000000000000002,,0.4230769230769231
0.4931506849315068,,,0.06428571428571427,,0.3076923076923077
0.4714285714285714,,,0.060714285714285735,,0.3
0.4927536231884058,,,0.09761904761904763,,0.4230769230769231
0.4782608695652174,,,0.45,,1.0
0.49295774647887325,,,0.05714285714285713,,0.34615384615384615
0.4520547945205479,,,0.45,,1.0
0.4864864864864865,,,0.11190476190476195,,0.46153846153846156
0.5,,,0.06666666666666664,,0.4230769230769231
0.5131578947368421,,,0.45,,1.0
0.4492753623188406,,,0.06666666666666664,,0.34615384615384615
0.43478260869565216,,,0.45,,1.0
0.5217391304347826,,,0.13095238095238096,,0.38461538461538464
0.49295774647887325,,,0.03333333333333332,,0.34615384615384615
0.44285714285714284,,,0.16904761904761909,,0.4230769230769231
0.4594594594594595,,,0.10238095238095239,,0.4230769230769231
0.4647887323943662,,,0.16904761904761903,,0.38461538461538464
0.4788732394366197,,,0.08809523809523813,,0.34615384615384615
0.5135135135135135,,,0.45,,1.0
0.4647887323943662,,,0.45,,1.0
0.43243243243243246,,,0.45,,1.0
0.4657534246575342,,,0.45,,1.0
0.5072463768115942,,,0.1357142857142857,,0.34615384615384615
0.5072463768115942,,,0.13571428571428568,,0.38461538461538464
0.4864864864864865,,,0.09285714285714285,,0.46153846153846156
0.47368421052631576,,,0.042857142857142844,,0.3076923076923077
0.43478260869565216,,,0.05714285714285713,,0.34615384615384615
0.4794520547945205,,,0.11190476190476191,,0.3076923076923077
0.43478260869565216,,,0.08095238095238096,,0.4230769230769231
0.4647887323943662,,,0.15476190476190468,,0.5
0.463768115942029,,,0.10714285714285716,,0.38461538461538464
0.4864864864864865,,,0.06666666666666665,,0.38461538461538464
0.49333333333333335,,,0.45,,1.0
0.4788732394366197,,,0.0238095238095238,,0.19230769230769232
0.5342465753424658,,,0.45,,1.0
0.4931506849315068,,,0.030952380952380943,,0.2692307692307692
0.4492753623188406,,,0.14047619047619048,,0.46153846153846156
0.4714285714285714,,,0.052380952380952375,,0.23076923076923078
0.4166666666666667,,,0.09523809523809526,,0.34615384615384615
0.48,,,0.08809523809523814,,0.23076923076923078
0.463768115942029,,,0.10714285714285716,,0.38461538461538464
0.4666666666666667,,,0.45,,1.0
0.463768115942029,,,0.11190476190476195,,0.46153846153846156
0.45454545454545453,,,0.08928571428571427,,0.375
0.4383561643835616,,,0.45,,1.0
0.43478260869565216,,,0.11190476190476191,,0.34615384615384615
0.4492753623188406,,,0.06666666666666665,,0.38461538461538464
0.4444444444444444,,,0.10714285714285716,,0.4230769230769231
0.4492753623188406,,,0.20714285714285713,,0.38461538461538464
0.4794520547945205,,,0.09047619047619047,,0.3076923076923077
0.5068493150684932,,,0.05476190476190475,,0.2692307692307692
0.463768115942029,,,0.08333333333333336,,0.34615384615384615
0.47297297297297297,,,0.45,,1.0
0.4492753623188406,,,0.08809523809523807,,0.34615384615384615
0.4782608695652174,,,0.10238095238095242,,0.38461538461538464
0.4805194805194805,,,0.45,,1.0
0.45454545454545453,,,0.06428571428571427,,0.38461538461538464
0.463768115942029,,,0.04523809523809522,,0.35714285714285715
0.5072463768115942,,,0.17142857142857146,,0.38461538461538464
0.48,,,0.038095238095238085,,0.2692307692307692
0.4864864864864865,,,0.0904761904761905,,0.4230769230769231
0.410958904109589,,,0.12142857142857147,,0.34615384615384615
0.45714285714285713,,,0.16428571428571426,,0.4230769230769231
0.4927536231884058,,,0.08571428571428576,,0.38461538461538464
0.4931506849315068,,,0.033333333333333326,,0.23076923076923078
0.5211267605633803,,,0.052380952380952375,,0.3076923076923077
0.5333333333333333,,,0.45,,1.0
0.4927536231884058,,,0.1190476190476191,,0.4230769230769231
0.47297297297297297,,,0.06190476190476189,,0.2692307692307692
0.5072463768115942,,,0.06666666666666664,,0.34615384615384615
0.463768115942029,,,0.17857142857142855,,0.38461538461538464
0.463768115942029,,,0.11190476190476192,,0.46153846153846156
0.43478260869565216,,,0.0904761904761905,,0.3076923076923077
0.48,,,0.45,,1.0
0.43478260869565216,,,0.45,,1.0
0.47368421052631576,,,0.09523809523809527,,0.38461538461538464
0.4657534246575342,,,0.45,,1.0
0.5068493150684932,,,0.04999999999999998,,0.38461538461538464
0.4927536231884058,,,0.07142857142857141,,0.34615384615384615
0.4861111111111111,,,0.14761904761904762,,0.34615384615384615
0.4931506849315068,,,0.45,,1.0
0.463768115942029,,,0.05476190476190475,,0.34615384615384615
0.5362318840579711,,,0.05476190476190475,,0.38461538461538464
0.4533333333333333,,,0.0738095238095238,,0.38461538461538464
0.4927536231884058,,,0.17142857142857146,,0.38461538461538464
0.4533333333333333,,,0.10000000000000005,,0.4230769230769231
0.4931506849315068,,,0.0738095238095238,,0.34615384615384615
0.4722222222222222,,,0.45,,1.0
0.4507042253521127,,,0.45,,1.0
0.5205479452054794,,,0.45,,1.0
0.49295774647887325,,,0.48690476190476184,,1.0
0.5070422535211268,,,0.45,,1.0
0.4647887323943662,,,0.0,,0.0
0.5211267605633803,,,0.45,,1.0
0.4246575342465753,,,0.0,,0.0
0.4864864864864865,,,0.45,,1.0
0.47297297297297297,,,0.45,,1.0
0.4868421052631579,,,0.0,,0.0
0.4647887323943662,,,0.45,,1.0
0.43661971830985913,,,0.0,,0.0
0.5352112676056338,,,0.45,,1.0
0.5070422535211268,,,0.45,,1.0
0.43661971830985913,,,0.45,,1.0
0.4594594594594595,,,0.45,,1.0
0.4647887323943662,,,0.45,,1.0
0.4507042253521127,,,0.45,,1.0
0.5,,,0.0,,0.0
0.49295774647887325,,,0.0,,0.0
0.4594594594594595,,,0.0,,0.0
0.5068493150684932,,,0.0,,0.0
0.4507042253521127,,,0.45,,1.0
0.5211267605633803,,,0.45,,1.0
0.4594594594594595,,,0.45,,1.0
0.4868421052631579,,,0.45,,1.0
0.4225352112676056,,,0.45,,1.0
0.4794520547945205,,,0.45,,1.0
0.5352112676056338,,,0.45,,1.0
0.4788732394366197,,,0.4642857142857143,,1.0
0.4788732394366197,,,0.45,,1.0
0.4594594594594595,,,0.45,,1.0
0.44,,,0.0,,0.0
0.49295774647887325,,,0.45,,1.0
0.4794520547945205,,,0.0,,0.0
0.5068493150684932,,,0.45,,1.0
0.4647887323943662,,,0.45,,1.0
0.4507042253521127,,,0.45,,1.0
0.4583333333333333,,,0.45,,1.0
0.48,,,0.45,,1.0
0.49295774647887325,,,0.45,,1.0
0.4533333333333333,,,0.0,,0.0
0.49295774647887325,,,0.45,,1.0
0.44155844155844154,,,0.5107142857142858,,1.0
0.4794520547945205,,,0.0,,0.0
0.4507042253521127,,,0.45,,1.0
0.4788732394366197,,,0.45,,1.0
0.4583333333333333,,,0.45,,1.0
0.49295774647887325,,,0.45,,1.0
0.4794520547945205,,,0.45,,1.0
0.5068493150684932,,,0.45,,1.0
0.4647887323943662,,,0.45,,1.0
0.44594594594594594,,,0.0,,0.0
0.5070422535211268,,,0.45,,1.0
0.5070422535211268,,,0.45,,1.0
0.4935064935064935,,,0.0,,0.0
0.5064935064935064,,,0.45,,1.0
0.5211267605633803,,,0.4333333333333334,,1.0
0.49295774647887325,,,0.45,,1.0
0.49333333333333335,,,0.45,,1.0
0.47297297297297297,,,0.45,,1.0
0.4520547945205479,,,0.45,,1.0
0.4647887323943662,,,0.45,,1.0
0.5070422535211268,,,0.45,,1.0
0.4931506849315068,,,0.45,,1.0
0.4788732394366197,,,0.45,,1.0
0.48,,,0.0,,0.0
0.5070422535211268,,,0.45,,1.0
0.5,,,0.45,,1.0
0.5352112676056338,,,0.45,,1.0
0.4788732394366197,,,0.45,,1.0
0.49295774647887325,,,0.45,,1.0
0.4647887323943662,,,0.45,,1.0
0.49333333333333335,,,0.0,,0.0
0.4788732394366197,,,0.0,,0.0
0.4868421052631579,,,0.45,,1.0
0.5068493150684932,,,0.0,,0.0
0.4931506849315068,,,0.45,,1.0
0.49295774647887325,,,0.45,,1.0
0.5138888888888888,,,0.45,,1.0
0.4520547945205479,,,0.0,,0.0
0.5211267605633803,,,0.45,,1.0
0.5492957746478874,,,0.45,,1.0
0.49333333333333335,,,0.45,,1.0
0.5070422535211268,,,0.45,,1.0
0.5066666666666667,,,0.45,,1.0
0.5068493150684932,,,0.45,,1.0
0.4166666666666667,,,0.07857142857142856,,0.38461538461538464
0.5068493150684932,,,0.09285714285714283,,0.3076923076923077
0.5138888888888888,,,0.10119047619047614,,0.4333333333333334
0.5,,,0.07857142857142858,,0.4230769230769231
0.4861111111111111,,,0.45,,1.0
0.5277777777777778,,,0.038095238095238085,,0.2692307692307692
0.4520547945205479,,,0.45,,1.0
0.47297297297297297,,,0.07857142857142856,,0.46153846153846156
0.5135135135135135,,,0.10000000000000002,,0.5
0.5,,,0.45,,1.0
0.4722222222222222,,,0.08095238095238094,,0.34615384615384615
0.4722222222222222,,,0.45,,1.0
0.5277777777777778,,,0.06904761904761902,,0.34615384615384615
0.4583333333333333,,,0.07142857142857142,,0.34615384615384615
0.4305555555555556,,,0.09761904761904763,,0.3076923076923077
0.44594594594594594,,,0.10238095238095238,,0.38461538461538464
0.4861111111111111,,,0.09761904761904763,,0.3076923076923077
0.4861111111111111,,,0.04523809523809522,,0.34615384615384615
0.527027027027027,,,0.45,,1.0
0.5,,,0.45,,1.0
0.44594594594594594,,,0.45,,1.0
0.4794520547945205,,,0.45,,1.0
0.4861111111111111,,,0.06428571428571427,,0.2692307692307692
0.5138888888888888,,,0.06428571428571427,,0.2692307692307692
0.4864864864864865,,,0.06428571428571427,,0.38461538461538464
0.42105263157894735,,,0.061904761904761886,,0.38461538461538464
0.5,,,0.08095238095238093,,0.3076923076923077
0.4931506849315068,,,0.035714285714285705,,0.23076923076923078
0.5,,,0.0476190476190476,,0.34615384615384615
0.4583333333333333,,,0.09523809523809526,,0.39285714285714285
0.5,,,0.06428571428571427,,0.3076923076923077
0.44594594594594594,,,0.11904761904761904,,0.38461538461538464
0.48,,,0.45,,1.0
0.4722222222222222,,,0.07619047619047617,,0.34615384615384615
0.5068493150684932,,,0.45,,1.0
0.4657534246575342,,,0.06904761904761902,,0.34615384615384615
0.4722222222222222,,,0.08333333333333331,,0.4230769230769231
0.5416666666666666,,,0.06666666666666664,,0.34615384615384615
0.4305555555555556,,,0.038095238095238085,,0.3076923076923077
0.49333333333333335,,,0.04999999999999998,,0.38461538461538464
0.4722222222222222,,,0.04999999999999998,,0.34615384615384615
0.49333333333333335,,,0.45,,1.0
0.5,,,0.06904761904761902,,0.23076923076923078
0.45454545454545453,,,0.08214285714285711,,0.3125
0.4520547945205479,,,0.45,,1.0
0.4583333333333333,,,0.05476190476190475,,0.38461538461538464
0.5277777777777778,,,0.06666666666666664,,0.38461538461538464
0.4305555555555556,,,0.07857142857142858,,0.4230769230769231
0.4722222222222222,,,0.1357142857142857,,0.34615384615384615
0.4520547945205479,,,0.038095238095238085,,0.2692307692307692
0.4520547945205479,,,0.09761904761904763,,0.38461538461538464
0.4861111111111111,,,0.059523809523809514,,0.38461538461538464
0.4594594594594595,,,0.45,,1.0
0.5,,,0.016666666666666666,,0.15384615384615385
0.4861111111111111,,,0.04999999999999998,,0.34615384615384615
0.4675324675324675,,,0.45,,1.0
0.42857142857142855,,,0.04999999999999998,,0.34615384615384615
0.4583333333333333,,,0.07619047619047621,,0.35714285714285715
0.5138888888888888,,,0.10000000000000002,,0.38461538461538464
0.48,,,0.12380952380952379,,0.4230769230769231
0.5,,,0.0476190476190476,,0.3076923076923077
0.4657534246575342,,,0.04999999999999998,,0.2692307692307692
0.4861111111111111,,,0.09285714285714283,,0.2692307692307692
0.5277777777777778,,,0.0476190476190476,,0.34615384615384615
0.4931506849315068,,,0.10476190476190475,,0.3076923076923077
0.5555555555555556,,,0.0761904761904762,,0.38461538461538464
0.52,,,0.45,,1.0
0.5138888888888888,,,0.0761904761904762,,0.3076923076923077
0.47297297297297297,,,0.02857142857142857,,0.34615384615384615
0.5277777777777778,,,0.09523809523809525,,0.38461538461538464
0.5138888888888888,,,0.10714285714285712,,0.3076923076923077
0.4583333333333333,,,0.09761904761904762,,0.4230769230769231
0.5,,,0.038095238095238085,,0.2692307692307692
0.48,,,0.45,,1.0
0.4583333333333333,,,0.45,,1.0
0.4868421052631579,,,0.052380952380952375,,0.3076923076923077
0.4931506849315068,,,0.45,,1.0
0.4931506849315068,,,0.0880952380952381,,0.4230769230769231
0.4861111111111111,,,0.042857142857142844,,0.34615384615384615
0.4861111111111111,,,0.07619047619047618,,0.38461538461538464
0.4657534246575342,,,0.45,,1.0
0.5,,,0.11190476190476191,,0.34615384615384615
0.5416666666666666,,,0.10714285714285716,,0.4230769230769231
0.4533333333333333,,,0.07857142857142856,,0.34615384615384615
0.4861111111111111,,,0.10000000000000002,,0.34615384615384615
0.48,,,0.1,,0.4230769230769231
0.5068493150684932,,,0.14047619047619048,,0.5
0.4383561643835616,,,0.15714285714285717,,0.46153846153846156
0.4647887323943662,,,0.144047619047619,,0.3
0.49295774647887325,,,0.07142857142857141,,0.3076923076923077
0.4647887323943662,,,0.45,,1.0
0.4507042253521127,,,0.11190476190476191,,0.4230769230769231
0.4246575342465753,,,0.45,,1.0
0.4864864864864865,,,0.052380952380952375,,0.3076923076923077
0.4864864864864865,,,0.1166666666666667,,0.3076923076923077
0.4868421052631579,,,0.45,,1.0
0.49295774647887325,,,0.14047619047619048,,0.38461538461538464
0.4507042253521127,,,0.45,,1.0
0.49295774647887325,,,0.06666666666666664,,0.4230769230769231
0.49295774647887325,,,0.11666666666666667,,0.2692307692307692
0.4225352112676056,,,0.033333333333333326,,0.23076923076923078
0.4864864864864865,,,0.13809523809523805,,0.38461538461538464
0.4225352112676056,,,0.038095238095238085,,0.3076923076923077
0.43661971830985913,,,0.07619047619047618,,0.2692307692307692
0.47297297297297297,,,0.45,,1.0
0.5070422535211268,,,0.45,,1.0
0.43243243243243246,,,0.45,,1.0
0.4794520547945205,,,0.45,,1.0
0.4788732394366197,,,0.038095238095238085,,0.2692307692307692
0.4788732394366197,,,0.061904761904761886,,0.38461538461538464
0.4594594594594595,,,0.06190476190476189,,0.23076923076923078
0.4605263157894737,,,0.10714285714285714,,0.34615384615384615
0.4507042253521127,,,0.10714285714285718,,0.38461538461538464
0.5068493150684932,,,0.0476190476190476,,0.34615384615384615
0.49295774647887325,,,0.0738095238095238,,0.4230769230769231
0.4507042253521127,,,0.07142857142857142,,0.39285714285714285
0.4788732394366197,,,0.06666666666666665,,0.3076923076923077
0.47297297297297297,,,0.1976190476190476,,0.4230769230769231
0.48,,,0.45,,1.0
0.4647887323943662,,,0.12619047619047621,,0.34615384615384615
0.5205479452054794,,,0.45,,1.0
0.4794520547945205,,,0.13809523809523808,,0.38461538461538464
0.43661971830985913,,,0.0238095238095238,,0.23076923076923078
0.4507042253521127,,,0.11190476190476191,,0.34615384615384615
0.4583333333333333,,,0.059523809523809514,,0.34615384615384615
0.4533333333333333,,,0.061904761904761886,,0.34615384615384615
0.4788732394366197,,,0.042857142857142844,,0.23076923076923078
0.49333333333333335,,,0.45,,1.0
0.4647887323943662,,,0.07142857142857141,,0.34615384615384615
0.45454545454545453,,,0.13214285714285712,,0.4375
0.4520547945205479,,,0.45,,1.0
0.39436619718309857,,,0.038095238095238085,,0.23076923076923078
0.4788732394366197,,,0.09285714285714283,,0.3076923076923077
0.4166666666666667,,,0.06190476190476189,,0.3076923076923077
0.5070422535211268,,,0.05714285714285713,,0.23076923076923078
0.4246575342465753,,,0.059523809523809514,,0.23076923076923078
0.4383561643835616,,,0.16190476190476188,,0.4230769230769231
0.4225352112676056,,,0.08095238095238094,,0.23076923076923078
0.4189189189189189,,,0.45,,1.0
0.4507042253521127,,,0.06666666666666664,,0.34615384615384615
0.49295774647887325,,,0.052380952380952375,,0.3076923076923077
0.45454545454545453,,,0.45,,1.0
0.4805194805194805,,,0.10000000000000002,,0.34615384615384615
0.4788732394366197,,,0.14047619047619042,,0.35714285714285715
0.5070422535211268,,,0.035714285714285705,,0.2692307692307692
0.4666666666666667,,,0.17857142857142858,,0.46153846153846156
0.47297297297297297,,,0.06428571428571427,,0.3076923076923077
0.4657534246575342,,,0.038095238095238085,,0.23076923076923078
0.4507042253521127,,,0.052380952380952375,,0.3076923076923077
0.4647887323943662,,,0.07857142857142856,,0.2692307692307692
0.4794520547945205,,,0.1833333333333334,,0.38461538461538464
0.4647887323943662,,,0.15,,0.38461538461538464
0.49333333333333335,,,0.45,,1.0
0.4788732394366197,,,0.06428571428571427,,0.38461538461538464
0.4864864864864865,,,0.0880952380952381,,0.38461538461538464
0.49295774647887325,,,0.14047619047619045,,0.4230769230769231
0.4788732394366197,,,0.04761904761904761,,0.3076923076923077
0.4647887323943662,,,0.12380952380952381,,0.4230769230769231
0.4647887323943662,,,0.0738095238095238,,0.38461538461538464
0.4666666666666667,,,0.45,,1.0
0.4788732394366197,,,0.45,,1.0
0.47368421052631576,,,0.059523809523809514,,0.38461538461538464
0.4657534246575342,,,0.45,,1.0
0.4931506849315068,,,0.1380952380952381,,0.38461538461538464
0.4507042253521127,,,0.08809523809523809,,0.34615384615384615
0.4444444444444444,,,0.011904761904761902,,0.2692307692307692
0.4657534246575342,,,0.45,,1.0
0.49295774647887325,,,0.1904761904761905,,0.38461538461538464
0.5352112676056338,,,0.15238095238095237,,0.3076923076923077
0.4533333333333333,,,0.15238095238095237,,0.38461538461538464
0.4788732394366197,,,0.04523809523809522,,0.3076923076923077
0.4666666666666667,,,0.1261904761904762,,0.38461538461538464
0.4794520547945205,,,0.19047619047619052,,0.4230769230769231
0.5068493150684932,,,0.08690476190476187,,0.4333333333333334
0.5068493150684932,,,0.09523809523809527,,0.3076923076923077
0.547945205479452,,,0.45,,1.0
0.5068493150684932,,,0.06904761904761904,,0.34615384615384615
0.4657534246575342,,,0.45,,1.0
0.4864864864864865,,,0.1142857142857143,,0.38461538461538464
0.5,,,0.04523809523809523,,0.34615384615384615
0.5,,,0.45,,1.0
0.5205479452054794,,,0.030952380952380946,,0.3076923076923077
0.5068493150684932,,,0.45,,1.0
0.5068493150684932,,,0.1523809523809524,,0.5
0.4931506849315068,,,0.06428571428571427,,0.4230769230769231
0.4931506849315068,,,0.1761904761904762,,0.46153846153846156
0.4594594594594595,,,0.05714285714285713,,0.2692307692307692
0.4794520547945205,,,0.1761904761904762,,0.46153846153846156
0.4931506849315068,,,0.08095238095238097,,0.2692307692307692
0.5,,,0.45,,1.0
0.5068493150684932,,,0.45,,1.0
0.44594594594594594,,,0.45,,1.0
0.5616438356164384,,,0.45,,1.0
0.5205479452054794,,,0.14285714285714285,,0.4230769230769231
0.547945205479452,,,0.14285714285714282,,0.4230769230769231
0.47297297297297297,,,0.09523809523809525,,0.34615384615384615
0.4473684210526316,,,0.06904761904761902,,0.4230769230769231
0.4931506849315068,,,0.11190476190476188,,0.46153846153846156
0.4931506849315068,,,0.10952380952380954,,0.34615384615384615
0.547945205479452,,,0.09761904761904765,,0.46153846153846156
0.5205479452054794,,,0.15238095238095234,,0.35714285714285715
0.5068493150684932,,,0.1,,0.34615384615384615
0.5,,,0.04523809523809522,,0.2692307692307692
0.48,,,0.45,,1.0
0.5068493150684932,,,0.07857142857142856,,0.38461538461538464
0.5342465753424658,,,0.45,,1.0
0.5068493150684932,,,0.052380952380952375,,0.38461538461538464
0.4794520547945205,,,0.14761904761904762,,0.4230769230769231
0.4931506849315068,,,0.05476190476190475,,0.3076923076923077
0.4931506849315068,,,0.11190476190476191,,0.34615384615384615
0.49333333333333335,,,0.10952380952380954,,0.38461538461538464
0.5342465753424658,,,0.11428571428571428,,0.34615384615384615
0.5066666666666667,,,0.45,,1.0
0.5205479452054794,,,0.09523809523809527,,0.34615384615384615
0.4675324675324675,,,0.10595238095238094,,0.375
0.4657534246575342,,,0.45,,1.0
0.5068493150684932,,,0.11904761904761904,,0.34615384615384615
0.5616438356164384,,,0.06428571428571427,,0.3076923076923077
0.4931506849315068,,,0.10952380952380954,,0.34615384615384615
0.4931506849315068,,,0.21428571428571427,,0.46153846153846156
0.4520547945205479,,,0.09761904761904765,,0.3076923076923077
0.4931506849315068,,,0.038095238095238085,,0.34615384615384615
0.4931506849315068,,,0.07619047619047618,,0.3076923076923077
0.47297297297297297,,,0.45,,1.0
0.547945205479452,,,0.10952380952380954,,0.4230769230769231
0.5205479452054794,,,0.10476190476190479,,0.38461538461538464
0.4675324675324675,,,0.45,,1.0
0.4675324675324675,,,0.07142857142857142,,0.38461538461538464
0.5205479452054794,,,0.0476190476190476,,0.2857142857142857
0.5068493150684932,,,0.17857142857142858,,0.46153846153846156
0.5066666666666667,,,0.0738095238095238,,0.4230769230769231
0.47297297297297297,,,0.09285714285714285,,0.46153846153846156
0.4931506849315068,,,0.12380952380952384,,0.3076923076923077
0.4931506849315068,,,0.17142857142857143,,0.5
0.5068493150684932,,,0.08333333333333333,,0.34615384615384615
0.4520547945205479,,,0.040476190476190464,,0.2692307692307692
0.5205479452054794,,,0.026190476190476188,,0.3076923076923077
0.5066666666666667,,,0.45,,1.0
0.4931506849315068,,,0.11190476190476192,,0.34615384615384615
0.4864864864864865,,,0.11190476190476191,,0.4230769230769231
0.5753424657534246,,,0.035714285714285705,,0.3076923076923077
0.4931506849315068,,,0.1857142857142857,,0.5384615384615384
0.5342465753424658,,,0.07142857142857141,,0.38461538461538464
0.5342465753424658,,,0.10714285714285718,,0.4230769230769231
0.5066666666666667,,,0.45,,1.0
0.5342465753424658,,,0.45,,1.0
0.5,,,0.10714285714285718,,0.4230769230769231
0.5205479452054794,,,0.45,,1.0
0.5205479452054794,,,0.019047619047619042,,0.2692307692307692
0.5342465753424658,,,0.06904761904761904,,0.3076923076923077
0.5205479452054794,,,0.1547619047619048,,0.23076923076923078
0.4794520547945205,,,0.45,,1.0
0.5068493150684932,,,0.0476190476190476,,0.4230769230769231
0.589041095890411,,,0.042857142857142844,,0.38461538461538464
0.48,,,0.02857142857142857,,0.2692307692307692
0.5342465753424658,,,0.17857142857142863,,0.5384615384615384
0.48,,,0.04999999999999998,,0.2692307692307692
0.4931506849315068,,,0.09047619047619046,,0.46153846153846156
0.4714285714285714,,,0.11547619047619051,,0.4333333333333334
0.4857142857142857,,,0.48690476190476184,,1.0
0.4507042253521127,,,0.0845238095238095,,0.4
0.4520547945205479,,,0.48690476190476184,,1.0
0.5,,,0.10357142857142856,,0.3333333333333333
0.4864864864864865,,,0.07738095238095237,,0.36666666666666664
0.47368421052631576,,,0.48690476190476184,,1.0
0.5285714285714286,,,0.09166666666666665,,0.4666666666666667
0.44285714285714284,,,0.48690476190476184,,1.0
0.4714285714285714,,,0.14166666666666664,,0.4666666666666667
0.49295774647887325,,,0.05357142857142859,,0.26666666666666666
0.4857142857142857,,,0.16309523809523807,,0.4
0.4594594594594595,,,0.11309523809523807,,0.4333333333333334
0.49295774647887325,,,0.16309523809523804,,0.36666666666666664
0.4647887323943662,,,0.10595238095238095,,0.4
0.5135135135135135,,,0.48690476190476184,,1.0
0.5211267605633803,,,0.48690476190476184,,1.0
0.47297297297297297,,,0.48690476190476184,,1.0
0.5068493150684932,,,0.48690476190476184,,1.0
0.5285714285714286,,,0.1416666666666666,,0.4333333333333334
0.5142857142857142,,,0.15119047619047613,,0.5
0.47297297297297297,,,0.10595238095238095,,0.4333333333333334
0.4605263157894737,,,0.05833333333333335,,0.3
0.4714285714285714,,,0.0726190476190476,,0.4
0.4794520547945205,,,0.12499999999999997,,0.4333333333333334
0.45714285714285713,,,0.09642857142857143,,0.36666666666666664
0.5211267605633803,,,0.17261904761904753,,0.5333333333333333
0.5,,,0.12738095238095237,,0.4333333333333334
0.47297297297297297,,,0.08690476190476189,,0.4333333333333334
0.49333333333333335,,,0.48690476190476184,,1.0
0.4507042253521127,,,0.060714285714285735,,0.36666666666666664
0.4931506849315068,,,0.48690476190476184,,1.0
0.4794520547945205,,,0.0654761904761905,,0.3333333333333333
0.4714285714285714,,,0.13452380952380952,,0.4
0.4714285714285714,,,0.07976190476190476,,0.3
0.4305555555555556,,,0.1107142857142857,,0.3333333333333333
0.48,,,0.094047619047619,,0.36666666666666664
0.45714285714285713,,,0.10357142857142856,,0.3333333333333333
0.49333333333333335,,,0.48690476190476184,,1.0
0.45714285714285713,,,0.12976190476190477,,0.4666666666666667
0.45454545454545453,,,0.10000000000000002,,0.4375
0.4657534246575342,,,0.48690476190476184,,1.0
0.4857142857142857,,,0.10595238095238094,,0.3333333333333333
0.4714285714285714,,,0.09166666666666665,,0.4
0.4583333333333333,,,0.12261904761904763,,0.4
0.4857142857142857,,,0.2011904761904761,,0.4333333333333334
0.4657534246575342,,,0.10357142857142856,,0.36666666666666664
0.5068493150684932,,,0.07738095238095237,,0.3333333333333333
0.4857142857142857,,,0.10119047619047619,,0.4
0.47297297297297297,,,0.48690476190476184,,1.0
0.5,,,0.09880952380952376,,0.4
0.5142857142857142,,,0.11547619047619047,,0.3333333333333333
0.45454545454545453,,,0.48690476190476184,,1.0
0.4935064935064935,,,0.07261904761904761,,0.3
0.4714285714285714,,,0.08452380952380953,,0.4333333333333334
0.4857142857142857,,,0.16547619047619044,,0.4333333333333334
0.4666666666666667,,,0.06785714285714285,,0.36666666666666664
0.5135135135135135,,,0.0964285714285714,,0.3333333333333333
0.4794520547945205,,,0.12976190476190474,,0.4333333333333334
0.5285714285714286,,,0.1583333333333333,,0.36666666666666664
0.4714285714285714,,,0.10595238095238095,,0.4666666666666667
0.5342465753424658,,,0.07261904761904761,,0.36666666666666664
0.4788732394366197,,,0.075,,0.4
0.48,,,0.48690476190476184,,1.0
0.5142857142857142,,,0.1369047619047619,,0.4666666666666667
0.47297297297297297,,,0.08690476190476186,,0.4333333333333334
0.5142857142857142,,,0.09166666666666663,,0.3333333333333333
0.4857142857142857,,,0.17261904761904756,,0.4
0.4714285714285714,,,0.1130952380952381,,0.4666666666666667
0.4714285714285714,,,0.1107142857142857,,0.4666666666666667
0.4666666666666667,,,0.48690476190476184,,1.0
0.4857142857142857,,,0.48690476190476184,,1.0
0.5,,,0.1130952380952381,,0.4333333333333334
0.5205479452054794,,,0.48690476190476184,,1.0
0.5342465753424658,,,0.07976190476190474,,0.36666666666666664
0.4857142857142857,,,0.094047619047619,,0.4666666666666667
0.5138888888888888,,,0.14166666666666664,,0.4
0.4794520547945205,,,0.48690476190476184,,1.0
0.4714285714285714,,,0.08214285714285713,,0.36666666666666664
0.5142857142857142,,,0.06309523809523811,,0.3333333333333333
0.4533333333333333,,,0.0845238095238095,,0.4666666666666667
0.45714285714285713,,,0.16547619047619044,,0.36666666666666664
0.52,,,0.10833333333333332,,0.4666666666666667
0.5068493150684932,,,0.0821428571428571,,0.36666666666666664
0.5,,,0.45,,1.0
0.4788732394366197,,,0.059523809523809514,,0.38461538461538464
0.4246575342465753,,,0.45,,1.0
0.47297297297297297,,,0.042857142857142844,,0.3076923076923077
0.5,,,0.0738095238095238,,0.34615384615384615
0.4605263157894737,,,0.45,,1.0
0.45588235294117646,,,0.07857142857142856,,0.3076923076923077
0.391304347826087,,,0.45,,1.0
0.4393939393939394,,,0.1,,0.38461538461538464
0.49295774647887325,,,0.08333333333333336,,0.38461538461538464
0.4,,,0.09999999999999999,,0.34615384615384615
0.44594594594594594,,,0.07619047619047618,,0.3076923076923077
0.4788732394366197,,,0.10476190476190475,,0.38461538461538464
0.4225352112676056,,,0.033333333333333326,,0.3076923076923077
0.527027027027027,,,0.45,,1.0
0.5070422535211268,,,0.45,,1.0
0.43243243243243246,,,0.45,,1.0
0.5342465753424658,,,0.45,,1.0
0.43283582089552236,,,0.07619047619047618,,0.4230769230769231
0.4626865671641791,,,0.0857142857142857,,0.34615384615384615
0.47297297297297297,,,0.05714285714285713,,0.38461538461538464
0.47368421052631576,,,0.06904761904761904,,0.38461538461538464
0.4057971014492754,,,0.130952380952381,,0.5384615384615384
0.5068493150684932,,,0.05714285714285713,,0.38461538461538464
0.4782608695652174,,,0.04523809523809522,,0.34615384615384615
0.4647887323943662,,,0.06190476190476189,,0.32142857142857145
0.4411764705882353,,,0.019047619047619042,,0.19230769230769232
0.4864864864864865,,,0.13571428571428573,,0.34615384615384615
0.49333333333333335,,,0.45,,1.0
0.4647887323943662,,,0.10714285714285718,,0.4230769230769231
0.4794520547945205,,,0.45,,1.0
0.5068493150684932,,,0.0761904761904762,,0.4230769230769231
0.4411764705882353,,,0.05714285714285713,,0.34615384615384615
0.4142857142857143,,,0.04999999999999998,,0.23076923076923078
0.4861111111111111,,,0.06428571428571427,,0.34615384615384615
0.49333333333333335,,,0.06666666666666664,,0.34615384615384615
0.4782608695652174,,,0.06666666666666664,,0.3076923076923077
0.48,,,0.45,,1.0
0.4411764705882353,,,0.03333333333333332,,0.2692307692307692
0.4675324675324675,,,0.12023809523809523,,0.5
0.4794520547945205,,,0.45,,1.0
0.45588235294117646,,,0.06666666666666664,,0.34615384615384615
0.4090909090909091,,,0.035714285714285705,,0.2692307692307692
0.4444444444444444,,,0.019047619047619042,,0.2692307692307692
0.45588235294117646,,,0.11904761904761904,,0.38461538461538464
0.4383561643835616,,,0.040476190476190464,,0.23076923076923078
0.4931506849315068,,,0.10000000000000005,,0.34615384615384615
0.43478260869565216,,,0.03333333333333332,,0.19230769230769232
0.40540540540540543,,,0.45,,1.0
0.45454545454545453,,,0.08095238095238096,,0.38461538461538464
0.4782608695652174,,,0.033333333333333326,,0.34615384615384615
0.44155844155844154,,,0.45,,1.0
0.45454545454545453,,,0.06666666666666664,,0.38461538461538464
0.4393939393939394,,,0.09761904761904763,,0.39285714285714285
0.4411764705882353,,,0.10238095238095238,,0.34615384615384615
0.49333333333333335,,,0.130952380952381,,0.46153846153846156
0.5,,,0.04523809523809522,,0.34615384615384615
0.4931506849315068,,,0.061904761904761886,,0.34615384615384615
0.44285714285714284,,,0.11428571428571428,,0.46153846153846156
0.45454545454545453,,,0.035714285714285705,,0.19230769230769232
0.4794520547945205,,,0.12142857142857147,,0.4230769230769231
0.5211267605633803,,,0.08809523809523813,,0.38461538461538464
0.5066666666666667,,,0.45,,1.0
0.45454545454545453,,,0.026190476190476188,,0.23076923076923078
0.4864864864864865,,,0.0880952380952381,,0.4230769230769231
0.4393939393939394,,,0.07857142857142857,,0.34615384615384615
0.44776119402985076,,,0.11904761904761904,,0.46153846153846156
0.43478260869565216,,,0.05714285714285713,,0.23076923076923078
0.42028985507246375,,,0.06428571428571427,,0.38461538461538464
0.49333333333333335,,,0.45,,1.0
0.4782608695652174,,,0.45,,1.0
0.5131578947368421,,,0.05476190476190475,,0.34615384615384615
0.5068493150684932,,,0.45,,1.0
0.5342465753424658,,,0.07619047619047618,,0.2692307692307692
0.40298507462686567,,,0.08333333333333334,,0.38461538461538464
0.4861111111111111,,,0.059523809523809514,,0.3076923076923077
0.5068493150684932,,,0.45,,1.0
0.4782608695652174,,,0.12857142857142861,,0.46153846153846156
0.5,,,0.09523809523809526,,0.3076923076923077
0.4666666666666667,,,0.0904761904761905,,0.38461538461538464
0.4090909090909091,,,0.10238095238095238,,0.3076923076923077
0.5466666666666666,,,0.06428571428571427,,0.3076923076923077
0.4931506849315068,,,0.14761904761904757,,0.5
0.5070422535211268,,,0.45,,1.0
0.4383561643835616,,,0.0,,0.0
0.4594594594594595,,,0.45,,1.0
0.5,,,0.45,,1.0
0.5,,,0.0,,0.0
0.4852941176470588,,,0.45,,1.0
0.4927536231884058,,,0.0,,0.0
0.5,,,0.45,,1.0
0.49295774647887325,,,0.45,,1.0
0.44285714285714284,,,0.45,,1.0
0.5,,,0.45,,1.0
0.4507042253521127,,,0.45,,1.0
0.4507042253521127,,,0.45,,1.0
0.5,,,0.0,,0.0
0.43661971830985913,,,0.0,,0.0
0.47297297297297297,,,0.0,,0.0
0.5068493150684932,,,0.0,,0.0
0.45588235294117646,,,0.45,,1.0
0.47058823529411764,,,0.45,,1.0
0.4864864864864865,,,0.45,,1.0
0.4868421052631579,,,0.45,,1.0
0.43478260869565216,,,0.45,,1.0
0.5068493150684932,,,0.45,,1.0
0.4782608695652174,,,0.45,,1.0
0.4647887323943662,,,0.4642857142857143,,1.0
0.4411764705882353,,,0.45,,1.0
0.4864864864864865,,,0.45,,1.0
0.49333333333333335,,,0.0,,0.0
0.4507042253521127,,,0.45,,1.0
0.5068493150684932,,,0.0,,0.0
0.4383561643835616,,,0.45,,1.0
0.4264705882352941,,,0.45,,1.0
0.4857142857142857,,,0.45,,1.0
0.4722222222222222,,,0.45,,1.0
0.49333333333333335,,,0.45,,1.0
0.4782608695652174,,,0.45,,1.0
0.48,,,0.0,,0.0
0.4264705882352941,,,0.45,,1.0
0.4675324675324675,,,0.5107142857142858,,1.0
0.4794520547945205,,,0.0,,0.0
0.4264705882352941,,,0.45,,1.0
0.47058823529411764,,,0.45,,1.0
0.4722222222222222,,,0.45,,1.0
0.45588235294117646,,,0.45,,1.0
0.4383561643835616,,,0.45,,1.0
0.4657534246575342,,,0.45,,1.0
0.43478260869565216,,,0.45,,1.0
0.44594594594594594,,,0.0,,0.0
0.45588235294117646,,,0.45,,1.0
0.4927536231884058,,,0.45,,1.0
0.4675324675324675,,,0.0,,0.0
0.44155844155844154,,,0.45,,1.0
0.47058823529411764,,,0.4333333333333334,,1.0
0.4411764705882353,,,0.45,,1.0
0.4533333333333333,,,0.45,,1.0
0.4864864864864865,,,0.45,,1.0
0.4383561643835616,,,0.45,,1.0
0.45714285714285713,,,0.45,,1.0
0.5294117647058824,,,0.45,,1.0
0.4794520547945205,,,0.45,,1.0
0.5211267605633803,,,0.45,,1.0
0.48,,,0.0,,0.0
0.47058823529411764,,,0.45,,1.0
0.47297297297297297,,,0.45,,1.0
0.5,,,0.45,,1.0
0.45588235294117646,,,0.45,,1.0
0.463768115942029,,,0.45,,1.0
0.463768115942029,,,0.45,,1.0
0.48,,,0.0,,0.0
0.463768115942029,,,0.0,,0.0
0.4342105263157895,,,0.45,,1.0
0.5205479452054794,,,0.0,,0.0
0.4657534246575342,,,0.45,,1.0
0.47058823529411764,,,0.45,,1.0
0.4861111111111111,,,0.45,,1.0
0.4657534246575342,,,0.0,,0.0
0.4927536231884058,,,0.45,,1.0
0.5294117647058824,,,0.45,,1.0
0.4533333333333333,,,0.45,,1.0
0.47058823529411764,,,0.45,,1.0
0.52,,,0.45,,1.0
0.4931506849315068,,,0.45,,1.0
0.4794520547945205,,,0.45,,1.0
0.43243243243243246,,,0.08333333333333333,,0.38461538461538464
0.5,,,0.0857142857142857,,0.5384615384615384
0.4868421052631579,,,0.45,,1.0
0.4647887323943662,,,0.05714285714285713,,0.34615384615384615
0.49295774647887325,,,0.45,,1.0
0.49295774647887325,,,0.09285714285714287,,0.2692307692307692
0.49295774647887325,,,0.05714285714285713,,0.4230769230769231
0.43661971830985913,,,0.130952380952381,,0.38461538461538464
0.4189189189189189,,,0.08333333333333333,,0.2692307692307692
0.4647887323943662,,,0.13095238095238096,,0.34615384615384615
0.4647887323943662,,,0.035714285714285705,,0.23076923076923078
0.47297297297297297,,,0.45,,1.0
0.5070422535211268,,,0.45,,1.0
0.4594594594594595,,,0.45,,1.0
0.4794520547945205,,,0.45,,1.0
0.49295774647887325,,,0.09761904761904759,,0.38461538461538464
0.5070422535211268,,,0.09761904761904763,,0.2692307692307692
0.44594594594594594,,,0.08333333333333331,,0.5
0.4342105263157895,,,0.038095238095238085,,0.2692307692307692
0.4788732394366197,,,0.09047619047619046,,0.46153846153846156
0.5342465753424658,,,0.06428571428571427,,0.2692307692307692
0.5211267605633803,,,0.042857142857142844,,0.2692307692307692
0.5070422535211268,,,0.10714285714285716,,0.35714285714285715
0.4788732394366197,,,0.059523809523809514,,0.34615384615384615
0.4594594594594595,,,0.09047619047619052,,0.4230769230769231
0.4666666666666667,,,0.45,,1.0
0.4788732394366197,,,0.06666666666666664,,0.34615384615384615
0.5205479452054794,,,0.45,,1.0
0.4794520547945205,,,0.040476190476190464,,0.2692307692307692
0.4647887323943662,,,0.10714285714285716,,0.5
0.4507042253521127,,,0.042857142857142844,,0.3076923076923077
0.4583333333333333,,,0.052380952380952375,,0.2692307692307692
0.5066666666666667,,,0.05476190476190475,,0.34615384615384615
0.4647887323943662,,,0.0738095238095238,,0.38461538461538464
0.48,,,0.45,,1.0
0.4647887323943662,,,0.059523809523809514,,0.3076923076923077
0.45454545454545453,,,0.07738095238095236,,0.34375
0.4520547945205479,,,0.45,,1.0
0.4788732394366197,,,0.07857142857142856,,0.38461538461538464
0.49295774647887325,,,0.0476190476190476,,0.34615384615384615
0.4444444444444444,,,0.06428571428571427,,0.38461538461538464
0.49295774647887325,,,0.16904761904761903,,0.38461538461538464
0.4657534246575342,,,0.052380952380952375,,0.3076923076923077
0.4520547945205479,,,0.06428571428571427,,0.34615384615384615
0.49295774647887325,,,0.04999999999999998,,0.34615384615384615
0.44594594594594594,,,0.45,,1.0
0.49295774647887325,,,0.04999999999999998,,0.23076923076923078
0.5352112676056338,,,0.059523809523809514,,0.2692307692307692
0.4155844155844156,,,0.45,,1.0
0.42857142857142855,,,0.040476190476190464,,0.34615384615384615
0.4788732394366197,,,0.06904761904761907,,0.35714285714285715
0.4788732394366197,,,0.13333333333333333,,0.38461538461538464
0.5066666666666667,,,0.09523809523809527,,0.4230769230769231
0.47297297297297297,,,0.052380952380952375,,0.34615384615384615
0.4246575342465753,,,0.07857142857142856,,0.38461538461538464
0.4788732394366197,,,0.1261904761904762,,0.38461538461538464
0.4788732394366197,,,0.042857142857142844,,0.34615384615384615
0.4931506849315068,,,0.0761904761904762,,0.3076923076923077
0.4788732394366197,,,0.052380952380952375,,0.38461538461538464
0.48,,,0.45,,1.0
0.5070422535211268,,,0.06666666666666665,,0.38461538461538464
0.44594594594594594,,,0.042857142857142844,,0.2692307692307692
0.5211267605633803,,,0.06666666666666664,,0.38461538461538464
0.49295774647887325,,,0.14047619047619045,,0.38461538461538464
0.4647887323943662,,,0.07857142857142857,,0.38461538461538464
0.4788732394366197,,,0.052380952380952375,,0.2692307692307692
0.4533333333333333,,,0.45,,1.0
0.4788732394366197,,,0.45,,1.0
0.4473684210526316,,,0.052380952380952375,,0.3076923076923077
0.4794520547945205,,,0.45,,1.0
0.4931506849315068,,,0.059523809523809514,,0.38461538461538464
0.5211267605633803,,,0.061904761904761886,,0.34615384615384615
0.4722222222222222,,,0.10952380952380954,,0.4230769230769231
0.4657534246575342,,,0.45,,1.0
0.5070422535211268,,,0.07857142857142857,,0.3076923076923077
0.5070422535211268,,,0.08333333333333334,,0.4230769230769231
0.44,,,0.054761904761904755,,0.2692307692307692
0.49295774647887325,,,0.13333333333333333,,0.38461538461538464
0.4666666666666667,,,0.08095238095238096,,0.38461538461538464
0.4931506849315068,,,0.12142857142857147,,0.5384615384615384
0.47297297297297297,,,0.45,,1.0
0.47297297297297297,,,0.45,,1.0
0.47368421052631576,,,0.0,,0.0
0.4931506849315068,,,0.45,,1.0
0.4794520547945205,,,0.0,,0.0
0.5342465753424658,,,0.45,,1.0
0.4931506849315068,,,0.45,,1.0
0.4794520547945205,,,0.45,,1.0
0.43243243243243246,,,0.45,,1.0
0.4794520547945205,,,0.45,,1.0
0.4657534246575342,,,0.45,,1.0
0.4864864864864865,,,0.0,,0.0
0.4931506849315068,,,0.0,,0.0
0.44594594594594594,,,0.0,,0.0
0.4931506849315068,,,0.0,,0.0
0.4794520547945205,,,0.45,,1.0
0.5068493150684932,,,0.45,,1.0
0.44594594594594594,,,0.45,,1.0
0.4605263157894737,,,0.45,,1.0
0.4657534246575342,,,0.45,,1.0
0.5205479452054794,,,0.45,,1.0
0.5068493150684932,,,0.45,,1.0
0.4794520547945205,,,0.4642857142857143,,1.0
0.4794520547945205,,,0.45,,1.0
0.4864864864864865,,,0.45,,1.0
0.4533333333333333,,,0.0,,0.0
0.4931506849315068,,,0.45,,1.0
0.5068493150684932,,,0.0,,0.0
0.4794520547945205,,,0.45,,1.0
0.4794520547945205,,,0.45,,1.0
0.4931506849315068,,,0.45,,1.0
0.4520547945205479,,,0.45,,1.0
0.48,,,0.45,,1.0
0.4794520547945205,,,0.45,,1.0
0.4666666666666667,,,0.0,,0.0
0.4794520547945205,,,0.45,,1.0
0.4675324675324675,,,0.5107142857142858,,1.0
0.4794520547945205,,,0.0,,0.0
0.4657534246575342,,,0.45,,1.0
0.4931506849315068,,,0.45,,1.0
0.4520547945205479,,,0.45,,1.0
0.4794520547945205,,,0.45,,1.0
0.4657534246575342,,,0.45,,1.0
0.4794520547945205,,,0.45,,1.0
0.4520547945205479,,,0.45,,1.0
0.43243243243243246,,,0.0,,0.0
0.4931506849315068,,,0.45,,1.0
0.5068493150684932,,,0.45,,1.0
0.45454545454545453,,,0.0,,0.0
0.4675324675324675,,,0.45,,1.0
0.4931506849315068,,,0.4333333333333334,,1.0
0.5068493150684932,,,0.45,,1.0
0.4666666666666667,,,0.45,,1.0
0.47297297297297297,,,0.45,,1.0
0.4657534246575342,,,0.45,,1.0
0.4931506849315068,,,0.45,,1.0
0.5068493150684932,,,0.45,,1.0
0.5068493150684932,,,0.45,,1.0
0.5068493150684932,,,0.45,,1.0
0.49333333333333335,,,0.0,,0.0
0.5068493150684932,,,0.45,,1.0
0.47297297297297297,,,0.45,,1.0
0.5342465753424658,,,0.45,,1.0
0.5068493150684932,,,0.45,,1.0
0.4794520547945205,,,0.45,,1.0
0.4931506849315068,,,0.45,,1.0
0.44,,,0.0,,0.0
0.4657534246575342,,,0.0,,0.0
0.47368421052631576,,,0.45,,1.0
0.4657534246575342,,,0.0,,0.0
0.4931506849315068,,,0.45,,1.0
0.5068493150684932,,,0.45,,1.0
0.4931506849315068,,,0.45,,1.0
0.4657534246575342,,,0.0,,0.0
0.4931506849315068,,,0.45,,1.0
0.5616438356164384,,,0.45,,1.0
0.5066666666666667,,,0.45,,1.0
0.5068493150684932,,,0.45,,1.0
0.48,,,0.45,,1.0
0.4794520547945205,,,0.45,,1.0
0.5135135135135135,,,0.08333333333333336,,0.3076923076923077
0.47368421052631576,,,0.45,,1.0
0.5405405405405406,,,0.09761904761904763,,0.46153846153846156
0.5,,,0.45,,1.0
0.5540540540540541,,,0.08095238095238096,,0.46153846153846156
0.4864864864864865,,,0.07857142857142858,,0.34615384615384615
0.4864864864864865,,,0.061904761904761886,,0.2692307692307692
0.43243243243243246,,,0.09999999999999999,,0.34615384615384615
0.4864864864864865,,,0.07142857142857142,,0.34615384615384615
0.5,,,0.052380952380952375,,0.4230769230769231
0.4594594594594595,,,0.45,,1.0
0.5405405405405406,,,0.45,,1.0
0.44594594594594594,,,0.45,,1.0
0.5135135135135135,,,0.45,,1.0
0.527027027027027,,,0.0761904761904762,,0.5
0.5,,,0.07619047619047618,,0.46153846153846156
0.4594594594594595,,,0.052380952380952375,,0.3076923076923077
0.47368421052631576,,,0.06904761904761904,,0.38461538461538464
0.47297297297297297,,,0.10238095238095243,,0.46153846153846156
0.5,,,0.05714285714285713,,0.4230769230769231
0.5135135135135135,,,0.059523809523809514,,0.3076923076923077
0.5135135135135135,,,0.08333333333333334,,0.32142857142857145
0.5135135135135135,,,0.05714285714285713,,0.34615384615384615
0.5,,,0.15476190476190477,,0.38461538461538464
0.48,,,0.45,,1.0
0.527027027027027,,,0.0928571428571429,,0.38461538461538464
0.4864864864864865,,,0.45,,1.0
0.4594594594594595,,,0.09523809523809525,,0.5
0.5135135135135135,,,0.038095238095238085,,0.2692307692307692
0.5,,,0.06904761904761902,,0.3076923076923077
0.4864864864864865,,,0.04999999999999998,,0.3076923076923077
0.48,,,0.0476190476190476,,0.34615384615384615
0.5,,,0.038095238095238085,,0.3076923076923077
0.4666666666666667,,,0.45,,1.0
0.5135135135135135,,,0.04285714285714285,,0.38461538461538464
0.4675324675324675,,,0.12738095238095234,,0.5
0.4594594594594595,,,0.45,,1.0
0.5,,,0.038095238095238085,,0.3076923076923077
0.5405405405405406,,,0.059523809523809514,,0.38461538461538464
0.4864864864864865,,,0.038095238095238085,,0.2692307692307692
0.4864864864864865,,,0.1,,0.4230769230769231
0.5,,,0.04523809523809522,,0.4230769230769231
0.5,,,0.11904761904761907,,0.4230769230769231
0.527027027027027,,,0.05714285714285713,,0.34615384615384615
0.44594594594594594,,,0.45,,1.0
0.5135135135135135,,,0.07619047619047617,,0.4230769230769231
0.5540540540540541,,,0.052380952380952375,,0.4230769230769231
0.4675324675324675,,,0.45,,1.0
0.45454545454545453,,,0.05714285714285714,,0.3076923076923077
0.5405405405405406,,,0.1,,0.39285714285714285
0.5405405405405406,,,0.06428571428571427,,0.3076923076923077
0.4533333333333333,,,0.13571428571428573,,0.4230769230769231
0.4864864864864865,,,0.035714285714285705,,0.3076923076923077
0.47297297297297297,,,0.052380952380952375,,0.2692307692307692
0.5135135135135135,,,0.09523809523809522,,0.46153846153846156
0.527027027027027,,,0.040476190476190464,,0.34615384615384615
0.4864864864864865,,,0.14047619047619048,,0.38461538461538464
0.527027027027027,,,0.10714285714285718,,0.3076923076923077
0.5066666666666667,,,0.45,,1.0
0.5540540540540541,,,0.04523809523809522,,0.3076923076923077
0.47297297297297297,,,0.08333333333333334,,0.4230769230769231
0.5540540540540541,,,0.10238095238095239,,0.5
0.5135135135135135,,,0.0857142857142857,,0.4230769230769231
0.5135135135135135,,,0.07619047619047618,,0.34615384615384615
0.5,,,0.0738095238095238,,0.4230769230769231
0.4666666666666667,,,0.45,,1.0
0.4864864864864865,,,0.45,,1.0
0.4868421052631579,,,0.05476190476190475,,0.34615384615384615
0.47297297297297297,,,0.45,,1.0
0.5135135135135135,,,0.09523809523809525,,0.38461538461538464
0.527027027027027,,,0.07857142857142857,,0.4230769230769231
0.4864864864864865,,,0.04523809523809522,,0.23076923076923078
0.47297297297297297,,,0.45,,1.0
0.5135135135135135,,,0.14761904761904762,,0.4230769230769231
0.5540540540540541,,,0.10952380952380954,,0.3076923076923077
0.4666666666666667,,,0.10952380952380954,,0.38461538461538464
0.527027027027027,,,0.06428571428571427,,0.23076923076923078
0.5066666666666667,,,0.08809523809523807,,0.3076923076923077
0.4864864864864865,,,0.14761904761904757,,0.46153846153846156
0.4605263157894737,,,0.45,,1.0
0.5405405405405406,,,0.061904761904761886,,0.4230769230769231
0.4864864864864865,,,0.45,,1.0
0.5405405405405406,,,0.14047619047619045,,0.6153846153846154
0.5,,,0.0476190476190476,,0.38461538461538464
0.47297297297297297,,,0.1452380952380952,,0.46153846153846156
0.47297297297297297,,,0.07380952380952381,,0.38461538461538464
0.5135135135135135,,,0.1452380952380952,,0.5
0.5135135135135135,,,0.07380952380952381,,0.38461538461538464
0.527027027027027,,,0.45,,1.0
0.5405405405405406,,,0.45,,1.0
0.4864864864864865,,,0.45,,1.0
0.5135135135135135,,,0.45,,1.0
0.527027027027027,,,0.10238095238095239,,0.38461538461538464
0.5,,,0.13095238095238096,,0.5769230769230769
0.47297297297297297,,,0.059523809523809514,,0.2692307692307692
0.4868421052631579,,,0.061904761904761886,,0.38461538461538464
0.4864864864864865,,,0.09523809523809525,,0.38461538461538464
0.4864864864864865,,,0.09761904761904765,,0.38461538461538464
0.527027027027027,,,0.08571428571428573,,0.5769230769230769
0.5135135135135135,,,0.13571428571428573,,0.4642857142857143
0.5,,,0.08809523809523813,,0.3076923076923077
0.5135135135135135,,,0.08095238095238094,,0.3076923076923077
0.48,,,0.45,,1.0
0.5135135135135135,,,0.061904761904761886,,0.4230769230769231
0.5,,,0.45,,1.0
0.5135135135135135,,,0.06428571428571427,,0.4230769230769231
0.5,,,0.10714285714285716,,0.3076923076923077
0.4864864864864865,,,0.061904761904761886,,0.38461538461538464
0.5,,,0.10476190476190476,,0.4230769230769231
0.44,,,0.09285714285714287,,0.46153846153846156
0.5135135135135135,,,0.09761904761904763,,0.38461538461538464
0.5066666666666667,,,0.45,,1.0
0.5405405405405406,,,0.09761904761904765,,0.46153846153846156
0.45454545454545453,,,0.12499999999999997,,0.5
0.4864864864864865,,,0.45,,1.0
0.5135135135135135,,,0.09285714285714287,,0.34615384615384615
0.5135135135135135,,,0.052380952380952375,,0.34615384615384615
0.5135135135135135,,,0.08333333333333334,,0.2692307692307692
0.527027027027027,,,0.17380952380952377,,0.46153846153846156
0.5,,,0.07142857142857142,,0.38461538461538464
0.5135135135135135,,,0.06428571428571427,,0.4230769230769231
0.5,,,0.06428571428571427,,0.34615384615384615
0.44594594594594594,,,0.45,,1.0
0.5405405405405406,,,0.10238095238095239,,0.46153846153846156
0.5540540540540541,,,0.08333333333333334,,0.4230769230769231
0.4675324675324675,,,0.45,,1.0
0.5064935064935064,,,0.05476190476190475,,0.4230769230769231
0.5135135135135135,,,0.049999999999999996,,0.2857142857142857
0.5,,,0.14761904761904757,,0.4230769230769231
0.49333333333333335,,,0.07142857142857142,,0.4230769230769231
0.4864864864864865,,,0.07142857142857142,,0.38461538461538464
0.4864864864864865,,,0.10714285714285716,,0.38461538461538464
0.5,,,0.14047619047619045,,0.46153846153846156
0.5,,,0.08571428571428573,,0.4230769230769231
0.5135135135135135,,,0.07142857142857141,,0.4230769230769231
0.5135135135135135,,,0.038095238095238085,,0.34615384615384615
0.5066666666666667,,,0.45,,1.0
0.5675675675675675,,,0.1,,0.38461538461538464
0.4864864864864865,,,0.10476190476190476,,0.5769230769230769
0.5675675675675675,,,0.052380952380952375,,0.4230769230769231
0.527027027027027,,,0.1547619047619047,,0.5
0.5135135135135135,,,0.08809523809523807,,0.38461538461538464
0.47297297297297297,,,0.10476190476190479,,0.5769230769230769
0.49333333333333335,,,0.45,,1.0
0.5405405405405406,,,0.45,,1.0
0.47368421052631576,,,0.10952380952380955,,0.5384615384615384
0.4864864864864865,,,0.45,,1.0
0.5,,,0.035714285714285705,,0.2692307692307692
0.4864864864864865,,,0.06190476190476189,,0.34615384615384615
0.4864864864864865,,,0.11428571428571432,,0.34615384615384615
0.5135135135135135,,,0.45,,1.0
0.5135135135135135,,,0.08809523809523809,,0.5384615384615384
0.5675675675675675,,,0.040476190476190464,,0.34615384615384615
0.4533333333333333,,,0.06904761904761902,,0.4230769230769231
0.5135135135135135,,,0.14761904761904757,,0.5
0.5066666666666667,,,0.06666666666666664,,0.34615384615384615
0.5,,,0.07857142857142858,,0.2692307692307692
0.5263157894736842,,,0.45,,1.0
0.5526315789473685,,,0.0,,0.0
0.5526315789473685,,,0.45,,1.0
0.5,,,0.45,,1.0
0.4868421052631579,,,0.45,,1.0
0.5,,,0.45,,1.0
0.5,,,0.45,,1.0
0.5131578947368421,,,0.45,,1.0
0.5131578947368421,,,0.0,,0.0
0.5131578947368421,,,0.0,,0.0
0.4868421052631579,,,0.0,,0.0
0.5263157894736842,,,0.0,,0.0
0.5394736842105263,,,0.45,,1.0
0.5657894736842105,,,0.45,,1.0
0.47368421052631576,,,0.45,,1.0
0.47368421052631576,,,0.45,,1.0
0.5394736842105263,,,0.45,,1.0
0.5131578947368421,,,0.45,,1.0
0.5526315789473685,,,0.45,,1.0
0.5131578947368421,,,0.4642857142857143,,1.0
0.5131578947368421,,,0.45,,1.0
0.5,,,0.45,,1.0
0.4605263157894737,,,0.0,,0.0
0.5,,,0.45,,1.0
0.5,,,0.0,,0.0
0.5131578947368421,,,0.45,,1.0
0.5131578947368421,,,0.45,,1.0
0.5263157894736842,,,0.45,,1.0
0.5263157894736842,,,0.45,,1.0
0.47368421052631576,,,0.45,,1.0
0.5131578947368421,,,0.45,,1.0
0.5,,,0.0,,0.0
0.5394736842105263,,,0.45,,1.0
0.5064935064935064,,,0.5107142857142858,,1.0
0.4605263157894737,,,0.0,,0.0
0.5131578947368421,,,0.45,,1.0
0.5394736842105263,,,0.45,,1.0
0.5131578947368421,,,0.45,,1.0
0.5394736842105263,,,0.45,,1.0
0.5131578947368421,,,0.45,,1.0
0.5263157894736842,,,0.45,,1.0
0.5263157894736842,,,0.45,,1.0
0.4605263157894737,,,0.0,,0.0
0.5657894736842105,,,0.45,,1.0
0.5263157894736842,,,0.45,,1.0
0.4675324675324675,,,0.0,,0.0
0.4935064935064935,,,0.45,,1.0
0.5394736842105263,,,0.4333333333333334,,1.0
0.5526315789473685,,,0.45,,1.0
0.5131578947368421,,,0.45,,1.0
0.5,,,0.45,,1.0
0.47368421052631576,,,0.45,,1.0
0.5394736842105263,,,0.45,,1.0
0.5526315789473685,,,0.45,,1.0
0.5,,,0.45,,1.0
0.5394736842105263,,,0.45,,1.0
0.4868421052631579,,,0.0,,0.0
0.5394736842105263,,,0.45,,1.0
0.5,,,0.45,,1.0
0.5657894736842105,,,0.45,,1.0
0.5394736842105263,,,0.45,,1.0
0.5131578947368421,,,0.45,,1.0
0.5131578947368421,,,0.45,,1.0
0.5,,,0.0,,0.0
0.5263157894736842,,,0.0,,0.0
0.47368421052631576,,,0.45,,1.0
0.4868421052631579,,,0.0,,0.0
0.5131578947368421,,,0.45,,1.0
0.5131578947368421,,,0.45,,1.0
0.5,,,0.45,,1.0
0.5,,,0.0,,0.0
0.5394736842105263,,,0.45,,1.0
0.618421052631579,,,0.45,,1.0
0.5,,,0.45,,1.0
0.5526315789473685,,,0.45,,1.0
0.5,,,0.45,,1.0
0.5131578947368421,,,0.45,,1.0
0.43478260869565216,,,0.45,,1.0
0.4411764705882353,,,0.14047619047619048,,0.38461538461538464
0.5211267605633803,,,0.061904761904761886,,0.46153846153846156
0.42857142857142855,,,0.1595238095238095,,0.4230769230769231
0.47297297297297297,,,0.04523809523809522,,0.38461538461538464
0.4788732394366197,,,0.1595238095238095,,0.4230769230769231
0.4225352112676056,,,0.06428571428571427,,0.3076923076923077
0.5135135135135135,,,0.45,,1.0
0.5070422535211268,,,0.45,,1.0
0.44594594594594594,,,0.45,,1.0
0.4931506849315068,,,0.45,,1.0
0.4411764705882353,,,0.1261904761904762,,0.34615384615384615
0.47058823529411764,,,0.12619047619047621,,0.3076923076923077
0.44594594594594594,,,0.08809523809523807,,0.4230769230769231
0.4605263157894737,,,0.05714285714285713,,0.3076923076923077
0.4057971014492754,,,0.10476190476190475,,0.5
0.5068493150684932,,,0.09285714285714285,,0.38461538461538464
0.5217391304347826,,,0.0857142857142857,,0.38461538461538464
0.43661971830985913,,,0.13571428571428568,,0.39285714285714285
0.4411764705882353,,,0.08333333333333333,,0.3076923076923077
0.5135135135135135,,,0.061904761904761886,,0.3076923076923077
0.4533333333333333,,,0.45,,1.0
0.4647887323943662,,,0.08095238095238093,,0.38461538461538464
0.4794520547945205,,,0.45,,1.0
0.5068493150684932,,,0.040476190476190464,,0.3076923076923077
0.4117647058823529,,,0.13095238095238096,,0.4230769230769231
0.5,,,0.0476190476190476,,0.38461538461538464
0.4027777777777778,,,0.09999999999999999,,0.38461538461538464
0.49333333333333335,,,0.09761904761904762,,0.34615384615384615
0.4492753623188406,,,0.10238095238095238,,0.34615384615384615
0.4666666666666667,,,0.45,,1.0
0.45588235294117646,,,0.07857142857142858,,0.38461538461538464
0.44155844155844154,,,0.09404761904761902,,0.40625
0.4520547945205479,,,0.45,,1.0
0.4117647058823529,,,0.10238095238095238,,0.34615384615384615
0.4411764705882353,,,0.0476190476190476,,0.19230769230769232
0.4444444444444444,,,0.09285714285714287,,0.34615384615384615
0.45588235294117646,,,0.1976190476190476,,0.4230769230769231
0.4794520547945205,,,0.08095238095238094,,0.34615384615384615
0.4931506849315068,,,0.035714285714285705,,0.34615384615384615
0.4492753623188406,,,0.059523809523809514,,0.23076923076923078
0.44594594594594594,,,0.45,,1.0
0.4264705882352941,,,0.09761904761904759,,0.4230769230769231
0.4782608695652174,,,0.08809523809523809,,0.34615384615384615
0.4805194805194805,,,0.45,,1.0
0.44155844155844154,,,0.06904761904761902,,0.46153846153846156
0.4411764705882353,,,0.059523809523809514,,0.2857142857142857
0.45588235294117646,,,0.16190476190476188,,0.38461538461538464
0.52,,,0.09523809523809525,,0.46153846153846156
0.4594594594594595,,,0.08095238095238094,,0.38461538461538464
0.4246575342465753,,,0.10714285714285714,,0.3076923076923077
0.5,,,0.1595238095238095,,0.5
0.47058823529411764,,,0.06666666666666664,,0.23076923076923078
0.4794520547945205,,,0.07142857142857141,,0.3076923076923077
0.4788732394366197,,,0.042857142857142844,,0.34615384615384615
0.49333333333333335,,,0.45,,1.0
0.45588235294117646,,,0.09523809523809526,,0.34615384615384615
0.4864864864864865,,,0.09999999999999999,,0.38461538461538464
0.47058823529411764,,,0.0238095238095238,,0.3076923076923077
0.45588235294117646,,,0.16904761904761903,,0.46153846153846156
0.4492753623188406,,,0.05476190476190475,,0.34615384615384615
0.463768115942029,,,0.09523809523809526,,0.3076923076923077
0.4666666666666667,,,0.45,,1.0
0.42028985507246375,,,0.45,,1.0
0.4868421052631579,,,0.09523809523809526,,0.34615384615384615
0.4931506849315068,,,0.45,,1.0
0.4931506849315068,,,0.030952380952380943,,0.19230769230769232
0.47058823529411764,,,0.05714285714285714,,0.34615384615384615
0.5277777777777778,,,0.1380952380952381,,0.38461538461538464
0.4931506849315068,,,0.45,,1.0
0.4492753623188406,,,0.049999999999999996,,0.38461538461538464
0.5294117647058824,,,0.059523809523809514,,0.4230769230769231
0.4666666666666667,,,0.035714285714285705,,0.3076923076923077
0.39705882352941174,,,0.16190476190476194,,0.46153846153846156
0.5066666666666667,,,0.052380952380952375,,0.38461538461538464
0.4931506849315068,,,0.12142857142857144,,0.46153846153846156
0.4927536231884058,,,0.45,,1.0
0.5070422535211268,,,0.45,,1.0
0.4714285714285714,,,0.45,,1.0
0.47297297297297297,,,0.45,,1.0
0.5070422535211268,,,0.45,,1.0
0.4507042253521127,,,0.45,,1.0
0.5,,,0.0,,0.0
0.49295774647887325,,,0.0,,0.0
0.4864864864864865,,,0.0,,0.0
0.5068493150684932,,,0.0,,0.0
0.4927536231884058,,,0.45,,1.0
0.463768115942029,,,0.45,,1.0
0.527027027027027,,,0.45,,1.0
0.47368421052631576,,,0.45,,1.0
0.43478260869565216,,,0.45,,1.0
0.5342465753424658,,,0.45,,1.0
0.4782608695652174,,,0.45,,1.0
0.4647887323943662,,,0.4642857142857143,,1.0
0.4782608695652174,,,0.45,,1.0
0.47297297297297297,,,0.45,,1.0
0.48,,,0.0,,0.0
0.4647887323943662,,,0.45,,1.0
0.5205479452054794,,,0.0,,0.0
0.4794520547945205,,,0.45,,1.0
0.43478260869565216,,,0.45,,1.0
0.45714285714285713,,,0.45,,1.0
0.4305555555555556,,,0.45,,1.0
0.48,,,0.45,,1.0
0.463768115942029,,,0.45,,1.0
0.48,,,0.0,,0.0
0.4927536231884058,,,0.45,,1.0
0.4675324675324675,,,0.5107142857142858,,1.0
0.4520547945205479,,,0.0,,0.0
0.4492753623188406,,,0.45,,1.0
0.4927536231884058,,,0.45,,1.0
0.4583333333333333,,,0.45,,1.0
0.4782608695652174,,,0.45,,1.0
0.4657534246575342,,,0.45,,1.0
0.4931506849315068,,,0.45,,1.0
0.463768115942029,,,0.45,,1.0
0.43243243243243246,,,0.0,,0.0
0.4782608695652174,,,0.45,,1.0
0.5072463768115942,,,0.45,,1.0
0.4675324675324675,,,0.0,,0.0
0.4935064935064935,,,0.45,,1.0
0.4782608695652174,,,0.4333333333333334,,1.0
0.4927536231884058,,,0.45,,1.0
0.4666666666666667,,,0.45,,1.0
0.4594594594594595,,,0.45,,1.0
0.4383561643835616,,,0.45,,1.0
0.4857142857142857,,,0.45,,1.0
0.4927536231884058,,,0.45,,1.0
0.5068493150684932,,,0.45,,1.0
0.49295774647887325,,,0.45,,1.0
0.5066666666666667,,,0.0,,0.0
0.5072463768115942,,,0.45,,1.0
0.4864864864864865,,,0.45,,1.0
0.5072463768115942,,,0.45,,1.0
0.4927536231884058,,,0.45,,1.0
0.4782608695652174,,,0.45,,1.0
0.4492753623188406,,,0.45,,1.0
0.48,,,0.0,,0.0
0.463768115942029,,,0.0,,0.0
0.5131578947368421,,,0.45,,1.0
0.5205479452054794,,,0.0,,0.0
0.5342465753424658,,,0.45,,1.0
0.4782608695652174,,,0.45,,1.0
0.4722222222222222,,,0.45,,1.0
0.5068493150684932,,,0.0,,0.0
0.4782608695652174,,,0.45,,1.0
0.5507246376811594,,,0.45,,1.0
0.4666666666666667,,,0.45,,1.0
0.463768115942029,,,0.45,,1.0
0.5066666666666667,,,0.45,,1.0
0.5068493150684932,,,0.45,,1.0
0.5070422535211268,,,0.11666666666666667,,0.5
0.42857142857142855,,,0.061904761904761886,,0.34615384615384615
0.5,,,0.1523809523809524,,0.46153846153846156
0.49295774647887325,,,0.038095238095238085,,0.23076923076923078
0.4647887323943662,,,0.09047619047619052,,0.34615384615384615
0.527027027027027,,,0.45,,1.0
0.49295774647887325,,,0.45,,1.0
0.44594594594594594,,,0.45,,1.0
0.5068493150684932,,,0.45,,1.0
0.4925373134328358,,,0.06666666666666664,,0.34615384615384615
0.4925373134328358,,,0.014285714285714285,,0.15384615384615385
0.5,,,0.0904761904761905,,0.5769230769230769
0.47368421052631576,,,0.09761904761904762,,0.38461538461538464
0.43478260869565216,,,0.12142857142857141,,0.4230769230769231
0.5205479452054794,,,0.05714285714285713,,0.34615384615384615
0.5217391304347826,,,0.06904761904761902,,0.2692307692307692
0.4647887323943662,,,0.07619047619047623,,0.32142857142857145
0.45588235294117646,,,0.09523809523809525,,0.38461538461538464
0.4864864864864865,,,0.18333333333333338,,0.6153846153846154
0.52,,,0.45,,1.0
0.4647887323943662,,,0.11190476190476192,,0.4230769230769231
0.5068493150684932,,,0.45,,1.0
0.5205479452054794,,,0.12857142857142861,,0.34615384615384615
0.45588235294117646,,,0.08095238095238094,,0.5384615384615384
0.4857142857142857,,,0.10238095238095238,,0.38461538461538464
0.4444444444444444,,,0.040476190476190464,,0.3076923076923077
0.4666666666666667,,,0.052380952380952375,,0.2692307692307692
0.43478260869565216,,,0.05714285714285714,,0.38461538461538464
0.4533333333333333,,,0.45,,1.0
0.4852941176470588,,,0.0857142857142857,,0.38461538461538464
0.5064935064935064,,,0.1107142857142857,,0.40625
0.5068493150684932,,,0.45,,1.0
0.45588235294117646,,,0.06666666666666665,,0.38461538461538464
0.45454545454545453,,,0.11190476190476192,,0.46153846153846156
0.4583333333333333,,,0.09047619047619047,,0.4230769230769231
0.47058823529411764,,,0.07619047619047618,,0.3076923076923077
0.4794520547945205,,,0.0738095238095238,,0.38461538461538464
0.4931506849315068,,,0.1523809523809524,,0.4230769230769231
0.43478260869565216,,,0.10952380952380955,,0.4230769230769231
0.44594594594594594,,,0.45,,1.0
0.4393939393939394,,,0.052380952380952375,,0.2692307692307692
0.4492753623188406,,,0.07142857142857141,,0.3076923076923077
0.4805194805194805,,,0.45,,1.0
0.4675324675324675,,,0.09523809523809526,,0.46153846153846156
0.4393939393939394,,,0.13571428571428573,,0.4642857142857143
0.47058823529411764,,,0.059523809523809514,,0.34615384615384615
0.52,,,0.1595238095238095,,0.46153846153846156
0.44594594594594594,,,0.0738095238095238,,0.38461538461538464
0.4657534246575342,,,0.06666666666666664,,0.4230769230769231
0.45714285714285713,,,0.07142857142857141,,0.3076923076923077
0.42424242424242425,,,0.08333333333333334,,0.38461538461538464
0.5342465753424658,,,0.16428571428571428,,0.46153846153846156
0.49295774647887325,,,0.14523809523809525,,0.5384615384615384
0.5466666666666666,,,0.45,,1.0
0.48484848484848486,,,0.09285714285714289,,0.38461538461538464
0.4864864864864865,,,0.06904761904761902,,0.19230769230769232
0.4696969696969697,,,0.15,,0.46153846153846156
0.43283582089552236,,,0.061904761904761886,,0.2692307692307692
0.4782608695652174,,,0.13809523809523805,,0.4230769230769231
0.4492753623188406,,,0.04999999999999998,,0.19230769230769232
0.49333333333333335,,,0.45,,1.0
0.4782608695652174,,,0.45,,1.0
0.5,,,0.04523809523809522,,0.2692307692307692
0.5205479452054794,,,0.45,,1.0
0.5205479452054794,,,0.13809523809523808,,0.46153846153846156
0.44776119402985076,,,0.09285714285714289,,0.4230769230769231
0.5138888888888888,,,0.0738095238095238,,0.38461538461538464
0.5342465753424658,,,0.45,,1.0
0.463768115942029,,,0.17142857142857146,,0.38461538461538464
0.5303030303030303,,,0.15238095238095234,,0.5384615384615384
0.4666666666666667,,,0.14285714285714285,,0.4230769230769231
0.45454545454545453,,,0.040476190476190464,,0.3076923076923077
0.5066666666666667,,,0.14047619047619048,,0.46153846153846156
0.547945205479452,,,0.18095238095238095,,0.5769230769230769
0.4084507042253521,,,0.13571428571428573,,0.38461538461538464
0.4594594594594595,,,0.09285714285714285,,0.4230769230769231
0.4788732394366197,,,0.1357142857142857,,0.38461538461538464
0.4788732394366197,,,0.0738095238095238,,0.34615384615384615
0.5,,,0.45,,1.0
0.4788732394366197,,,0.45,,1.0
0.4189189189189189,,,0.45,,1.0
0.4657534246575342,,,0.45,,1.0
0.4647887323943662,,,0.11190476190476192,,0.34615384615384615
0.49295774647887325,,,0.12142857142857144,,0.5
0.4594594594594595,,,0.06904761904761902,,0.34615384615384615
0.47368421052631576,,,0.023809523809523805,,0.3076923076923077
0.4788732394366197,,,0.05714285714285713,,0.3076923076923077
0.4657534246575342,,,0.09285714285714285,,0.4230769230769231
0.4507042253521127,,,0.06190476190476189,,0.34615384615384615
0.4507042253521127,,,0.14047619047619048,,0.4642857142857143
0.43661971830985913,,,0.09285714285714287,,0.46153846153846156
0.47297297297297297,,,0.0857142857142857,,0.38461538461538464
0.48,,,0.45,,1.0
0.4507042253521127,,,0.028571428571428564,,0.3076923076923077
0.5342465753424658,,,0.45,,1.0
0.4931506849315068,,,0.030952380952380946,,0.3076923076923077
0.43661971830985913,,,0.10714285714285716,,0.34615384615384615
0.43661971830985913,,,0.0476190476190476,,0.38461538461538464
0.4305555555555556,,,0.08571428571428572,,0.38461538461538464
0.4666666666666667,,,0.06904761904761902,,0.34615384615384615
0.4647887323943662,,,0.07857142857142857,,0.2692307692307692
0.48,,,0.45,,1.0
0.49295774647887325,,,0.09761904761904765,,0.46153846153846156
0.4805194805194805,,,0.0964285714285714,,0.5
0.4794520547945205,,,0.45,,1.0
0.4647887323943662,,,0.07857142857142857,,0.2692307692307692
0.4788732394366197,,,0.052380952380952375,,0.38461538461538464
0.4583333333333333,,,0.08809523809523813,,0.34615384615384615
0.43661971830985913,,,0.1738095238095238,,0.38461538461538464
0.4657534246575342,,,0.07142857142857141,,0.34615384615384615
0.4657534246575342,,,0.05476190476190475,,0.34615384615384615
0.4788732394366197,,,0.06904761904761904,,0.34615384615384615
0.4594594594594595,,,0.45,,1.0
0.49295774647887325,,,0.06904761904761904,,0.34615384615384615
0.49295774647887325,,,0.08333333333333334,,0.34615384615384615
0.42857142857142855,,,0.45,,1.0
0.4675324675324675,,,0.04523809523809522,,0.34615384615384615
0.49295774647887325,,,0.04523809523809522,,0.32142857142857145
0.4647887323943662,,,0.1380952380952381,,0.38461538461538464
0.49333333333333335,,,0.061904761904761886,,0.34615384615384615
0.4864864864864865,,,0.06666666666666664,,0.34615384615384615
0.4657534246575342,,,0.10238095238095242,,0.4230769230769231
0.4647887323943662,,,0.13095238095238093,,0.38461538461538464
0.4647887323943662,,,0.07619047619047618,,0.38461538461538464
0.4794520547945205,,,0.06666666666666664,,0.34615384615384615
0.4507042253521127,,,0.042857142857142844,,0.3076923076923077
0.5066666666666667,,,0.45,,1.0
0.5070422535211268,,,0.10476190476190479,,0.46153846153846156
0.47297297297297297,,,0.061904761904761886,,0.38461538461538464
0.5211267605633803,,,0.061904761904761886,,0.4230769230769231
0.5070422535211268,,,0.14523809523809522,,0.34615384615384615
0.4647887323943662,,,0.10238095238095238,,0.46153846153846156
0.4647887323943662,,,0.08095238095238097,,0.46153846153846156
0.49333333333333335,,,0.45,,1.0
0.4647887323943662,,,0.45,,1.0
0.4868421052631579,,,0.08571428571428576,,0.34615384615384615
0.5068493150684932,,,0.45,,1.0
0.4383561643835616,,,0.04999999999999998,,0.4230769230769231
0.4788732394366197,,,0.052380952380952375,,0.38461538461538464
0.4583333333333333,,,0.1142857142857143,,0.38461538461538464
0.4931506849315068,,,0.45,,1.0
0.4507042253521127,,,0.0738095238095238,,0.38461538461538464
0.49295774647887325,,,0.04999999999999998,,0.2692307692307692
0.48,,,0.06904761904761902,,0.34615384615384615
0.4647887323943662,,,0.13809523809523808,,0.38461538461538464
0.4666666666666667,,,0.09047619047619046,,0.4230769230769231
0.4520547945205479,,,0.0738095238095238,,0.3076923076923077
0.47297297297297297,,,0.16190476190476186,,0.4230769230769231
0.49295774647887325,,,0.02857142857142857,,0.23076923076923078
0.43661971830985913,,,0.1,,0.34615384615384615
0.527027027027027,,,0.45,,1.0
0.4788732394366197,,,0.45,,1.0
0.40540540540540543,,,0.45,,1.0
0.5205479452054794,,,0.45,,1.0
0.4714285714285714,,,0.052380952380952375,,0.34615384615384615
0.4714285714285714,,,0.05714285714285713,,0.34615384615384615
0.4594594594594595,,,0.09047619047619052,,0.34615384615384615
0.4342105263157895,,,0.12619047619047621,,0.38461538461538464
0.44285714285714284,,,0.12619047619047621,,0.4230769230769231
0.5342465753424658,,,0.06666666666666664,,0.2692307692307692
0.4714285714285714,,,0.08809523809523807,,0.3076923076923077
0.49295774647887325,,,0.06666666666666664,,0.25
0.45714285714285713,,,0.0952380952380952,,0.38461538461538464
0.4594594594594595,,,0.2166666666666667,,0.5
0.52,,,0.45,,1.0
0.5070422535211268,,,0.1452380952380952,,0.38461538461538464
0.4931506849315068,,,0.45,,1.0
0.5205479452054794,,,0.15714285714285717,,0.4230769230769231
0.44285714285714284,,,0.052380952380952375,,0.23076923076923078
0.45714285714285713,,,0.130952380952381,,0.34615384615384615
0.4444444444444444,,,0.07857142857142857,,0.23076923076923078
0.4666666666666667,,,0.08095238095238094,,0.3076923076923077
0.44285714285714284,,,0.061904761904761886,,0.23076923076923078
0.48,,,0.45,,1.0
0.5142857142857142,,,0.08571428571428569,,0.34615384615384615
0.4805194805194805,,,0.13928571428571423,,0.4375
0.4657534246575342,,,0.45,,1.0
0.45714285714285713,,,0.05714285714285713,,0.2692307692307692
0.45714285714285713,,,0.11666666666666667,,0.34615384615384615
0.4305555555555556,,,0.08571428571428572,,0.2692307692307692
0.4714285714285714,,,0.042857142857142844,,0.23076923076923078
0.4931506849315068,,,0.08333333333333333,,0.34615384615384615
0.4794520547945205,,,0.18095238095238092,,0.38461538461538464
0.42857142857142855,,,0.11428571428571428,,0.38461538461538464
0.4189189189189189,,,0.45,,1.0
0.4714285714285714,,,0.08095238095238094,,0.34615384615384615
0.5,,,0.08095238095238094,,0.4230769230769231
0.45454545454545453,,,0.45,,1.0
0.4675324675324675,,,0.1190476190476191,,0.2692307692307692
0.4857142857142857,,,0.1595238095238095,,0.4642857142857143
0.4714285714285714,,,0.011904761904761902,,0.11538461538461539
0.4666666666666667,,,0.19761904761904764,,0.46153846153846156
0.44594594594594594,,,0.08333333333333334,,0.23076923076923078
0.4931506849315068,,,0.052380952380952375,,0.3076923076923077
0.44285714285714284,,,0.05714285714285713,,0.3076923076923077
0.5142857142857142,,,0.09285714285714283,,0.3076923076923077
0.4794520547945205,,,0.20238095238095247,,0.46153846153846156
0.5633802816901409,,,0.16904761904761909,,0.4230769230769231
0.5466666666666666,,,0.45,,1.0
0.4857142857142857,,,0.08809523809523807,,0.34615384615384615
0.4594594594594595,,,0.10714285714285718,,0.3076923076923077
0.5,,,0.16428571428571426,,0.5384615384615384
0.4857142857142857,,,0.042857142857142844,,0.23076923076923078
0.4714285714285714,,,0.1380952380952381,,0.4230769230769231
0.44285714285714284,,,0.08333333333333331,,0.3076923076923077
0.48,,,0.45,,1.0
0.4857142857142857,,,0.45,,1.0
0.47368421052631576,,,0.07857142857142856,,0.3076923076923077
0.5068493150684932,,,0.45,,1.0
0.5342465753424658,,,0.15714285714285717,,0.4230769230769231
0.44285714285714284,,,0.10714285714285718,,0.38461538461538464
0.4583333333333333,,,0.040476190476190464,,0.2692307692307692
0.4657534246575342,,,0.45,,1.0
0.4857142857142857,,,0.2095238095238095,,0.4230769230769231
0.5285714285714286,,,0.17142857142857143,,0.4230769230769231
0.49333333333333335,,,0.1714285714285714,,0.38461538461538464
0.4714285714285714,,,0.021428571428571422,,0.23076923076923078
0.49333333333333335,,,0.15,,0.4230769230769231
0.4931506849315068,,,0.2095238095238095,,0.5384615384615384
0.4594594594594595,,,0.16190476190476188,,0.46153846153846156
0.5,,,0.061904761904761886,,0.19230769230769232
0.5,,,0.45,,1.0
0.5,,,0.45,,1.0
0.4594594594594595,,,0.45,,1.0
0.5,,,0.45,,1.0
0.5,,,0.12380952380952381,,0.46153846153846156
0.5135135135135135,,,0.13809523809523808,,0.4230769230769231
0.4864864864864865,,,0.07619047619047618,,0.38461538461538464
0.47368421052631576,,,0.09761904761904762,,0.46153846153846156
0.527027027027027,,,0.15,,0.6153846153846154
0.5,,,0.09523809523809526,,0.34615384615384615
0.5135135135135135,,,0.08809523809523807,,0.38461538461538464
0.5,,,0.13333333333333333,,0.2857142857142857
0.4864864864864865,,,0.08095238095238093,,0.34615384615384615
0.4864864864864865,,,0.08333333333333334,,0.38461538461538464
0.48,,,0.45,,1.0
0.5,,,0.11666666666666665,,0.5
0.4864864864864865,,,0.45,,1.0
0.5,,,0.08095238095238094,,0.38461538461538464
0.47297297297297297,,,0.12857142857142856,,0.46153846153846156
0.4864864864864865,,,0.06428571428571427,,0.3076923076923077
0.4594594594594595,,,0.11190476190476191,,0.38461538461538464
0.4666666666666667,,,0.10952380952380954,,0.5
0.5,,,0.11428571428571428,,0.4230769230769231
0.4533333333333333,,,0.45,,1.0
0.4864864864864865,,,0.07619047619047618,,0.23076923076923078
0.44155844155844154,,,0.11785714285714284,,0.46875
0.43243243243243246,,,0.45,,1.0
0.47297297297297297,,,0.10952380952380951,,0.4230769230769231
0.5135135135135135,,,0.059523809523809514,,0.34615384615384615
0.44594594594594594,,,0.09047619047619046,,0.34615384615384615
0.44594594594594594,,,0.19523809523809516,,0.46153846153846156
0.4864864864864865,,,0.07857142857142857,,0.23076923076923078
0.47297297297297297,,,0.052380952380952375,,0.3076923076923077
0.5135135135135135,,,0.06666666666666664,,0.3076923076923077
0.4189189189189189,,,0.45,,1.0
0.5405405405405406,,,0.11904761904761904,,0.4230769230769231
0.5135135135135135,,,0.08571428571428569,,0.2692307692307692
0.45454545454545453,,,0.45,,1.0
0.4675324675324675,,,0.08095238095238094,,0.38461538461538464
0.5135135135135135,,,0.0928571428571429,,0.42857142857142855
0.5135135135135135,,,0.16428571428571426,,0.5
0.4533333333333333,,,0.12619047619047624,,0.46153846153846156
0.44594594594594594,,,0.08333333333333331,,0.34615384615384615
0.44594594594594594,,,0.11904761904761903,,0.46153846153846156
0.4864864864864865,,,0.15714285714285714,,0.5
0.527027027027027,,,0.07857142857142856,,0.38461538461538464
0.5135135135135135,,,0.09761904761904763,,0.46153846153846156
0.527027027027027,,,0.06904761904761902,,0.34615384615384615
0.5066666666666667,,,0.45,,1.0
0.527027027027027,,,0.09285714285714285,,0.2692307692307692
0.5,,,0.1261904761904762,,0.46153846153846156
0.5405405405405406,,,0.040476190476190464,,0.3076923076923077
0.4864864864864865,,,0.1714285714285714,,0.5384615384615384
0.4864864864864865,,,0.033333333333333326,,0.3076923076923077
0.47297297297297297,,,0.10714285714285714,,0.38461538461538464
0.4666666666666667,,,0.45,,1.0
0.527027027027027,,,0.45,,1.0
0.5131578947368421,,,0.10714285714285712,,0.38461538461538464
0.5135135135135135,,,0.45,,1.0
0.5,,,0.061904761904761886,,0.38461538461538464
0.5135135135135135,,,0.09285714285714287,,0.4230769230769231
0.5135135135135135,,,0.13571428571428568,,0.4230769230769231
0.4864864864864865,,,0.45,,1.0
0.47297297297297297,,,0.07142857142857142,,0.34615384615384615
0.5675675675675675,,,0.07142857142857141,,0.3076923076923077
0.4533333333333333,,,0.038095238095238085,,0.2692307692307692
0.527027027027027,,,0.16428571428571426,,0.5
0.4533333333333333,,,0.026190476190476188,,0.23076923076923078
0.4864864864864865,,,0.14285714285714288,,0.5384615384615384
0.43661971830985913,,,0.09999999999999999,,0.2692307692307692
0.527027027027027,,,0.45,,1.0
0.5070422535211268,,,0.45,,1.0
0.44594594594594594,,,0.45,,1.0
0.5205479452054794,,,0.45,,1.0
0.5070422535211268,,,0.042857142857142844,,0.3076923076923077
0.5211267605633803,,,0.033333333333333326,,0.2692307692307692
0.4864864864864865,,,0.09047619047619052,,0.46153846153846156
0.5131578947368421,,,0.12619047619047621,,0.23076923076923078
0.4647887323943662,,,0.13095238095238096,,0.34615384615384615
0.5205479452054794,,,0.06666666666666665,,0.2692307692307692
0.49295774647887325,,,0.08809523809523807,,0.23076923076923078
0.5070422535211268,,,0.08095238095238097,,0.32142857142857145
0.5070422535211268,,,0.09999999999999999,,0.3076923076923077
0.5,,,0.2166666666666667,,0.5
0.49333333333333335,,,0.45,,1.0
0.5070422535211268,,,0.1452380952380952,,0.38461538461538464
0.5205479452054794,,,0.45,,1.0
0.4657534246575342,,,0.15714285714285717,,0.3076923076923077
0.4788732394366197,,,0.06190476190476189,,0.38461538461538464
0.5211267605633803,,,0.130952380952381,,0.34615384615384615
0.4722222222222222,,,0.07857142857142857,,0.34615384615384615
0.48,,,0.08095238095238094,,0.34615384615384615
0.4647887323943662,,,0.06190476190476189,,0.3076923076923077
0.48,,,0.45,,1.0
0.49295774647887325,,,0.09047619047619046,,0.34615384615384615
0.4805194805194805,,,0.13690476190476186,,0.40625
0.4657534246575342,,,0.45,,1.0
0.4647887323943662,,,0.05714285714285714,,0.2692307692307692
0.5211267605633803,,,0.11666666666666667,,0.34615384615384615
0.4583333333333333,,,0.09523809523809526,,0.3076923076923077
0.5352112676056338,,,0.038095238095238085,,0.15384615384615385
0.4657534246575342,,,0.08333333333333333,,0.3076923076923077
0.4931506849315068,,,0.18095238095238092,,0.38461538461538464
0.4788732394366197,,,0.11428571428571428,,0.34615384615384615
0.4594594594594595,,,0.45,,1.0
0.5211267605633803,,,0.08095238095238094,,0.2692307692307692
0.5211267605633803,,,0.08095238095238093,,0.23076923076923078
0.45454545454545453,,,0.45,,1.0
0.4805194805194805,,,0.11904761904761904,,0.38461538461538464
0.4788732394366197,,,0.1595238095238095,,0.42857142857142855
0.49295774647887325,,,0.021428571428571422,,0.23076923076923078
0.48,,,0.19761904761904756,,0.46153846153846156
0.5135135135135135,,,0.08333333333333336,,0.2692307692307692
0.4520547945205479,,,0.05714285714285714,,0.34615384615384615
0.49295774647887325,,,0.042857142857142844,,0.23076923076923078
0.5070422535211268,,,0.09761904761904762,,0.38461538461538464
0.4931506849315068,,,0.20238095238095247,,0.38461538461538464
0.5070422535211268,,,0.16904761904761909,,0.46153846153846156
0.5066666666666667,,,0.45,,1.0
0.5211267605633803,,,0.09761904761904759,,0.4230769230769231
0.4864864864864865,,,0.10714285714285716,,0.3076923076923077
0.5352112676056338,,,0.16428571428571426,,0.4230769230769231
0.5211267605633803,,,0.028571428571428564,,0.19230769230769232
0.49295774647887325,,,0.14285714285714285,,0.4230769230769231
0.49295774647887325,,,0.07857142857142856,,0.23076923076923078
0.5333333333333333,,,0.45,,1.0
0.5070422535211268,,,0.45,,1.0
0.5,,,0.07857142857142856,,0.3076923076923077
0.5205479452054794,,,0.45,,1.0
0.4931506849315068,,,0.15714285714285717,,0.5
0.49295774647887325,,,0.10714285714285718,,0.34615384615384615
0.4861111111111111,,,0.04523809523809522,,0.23076923076923078
0.4657534246575342,,,0.45,,1.0
0.49295774647887325,,,0.20952380952380953,,0.4230769230769231
0.5492957746478874,,,0.17142857142857146,,0.46153846153846156
0.48,,,0.17142857142857143,,0.4230769230769231
0.5211267605633803,,,0.021428571428571422,,0.19230769230769232
0.4666666666666667,,,0.15,,0.5
0.5205479452054794,,,0.2095238095238095,,0.5384615384615384
0.5,,,0.45,,1.0
0.5070422535211268,,,0.45,,1.0
0.4594594594594595,,,0.45,,1.0
0.4931506849315068,,,0.45,,1.0
0.5070422535211268,,,0.06190476190476189,,0.3076923076923077
0.4788732394366197,,,0.07619047619047618,,0.3076923076923077
0.43243243243243246,,,0.0476190476190476,,0.34615384615384615
0.47368421052631576,,,0.059523809523809514,,0.34615384615384615
0.43661971830985913,,,0.10714285714285716,,0.4230769230769231
0.4794520547945205,,,0.033333333333333326,,0.2692307692307692
0.4507042253521127,,,0.035714285714285705,,0.3076923076923077
0.4647887323943662,,,0.07380952380952382,,0.35714285714285715
0.4788732394366197,,,0.033333333333333326,,0.3076923076923077
0.44594594594594594,,,0.12142857142857147,,0.38461538461538464
0.49333333333333335,,,0.45,,1.0
0.43661971830985913,,,0.0880952380952381,,0.34615384615384615
0.5205479452054794,,,0.45,,1.0
0.4794520547945205,,,0.061904761904761886,,0.23076923076923078
0.4225352112676056,,,0.07142857142857141,,0.38461538461538464
0.4225352112676056,,,0.04999999999999998,,0.3076923076923077
0.4583333333333333,,,0.04999999999999998,,0.34615384615384615
0.5066666666666667,,,0.052380952380952375,,0.4230769230769231
0.4507042253521127,,,0.05714285714285713,,0.34615384615384615
0.48,,,0.45,,1.0
0.4647887323943662,,,0.02857142857142857,,0.23076923076923078
0.45454545454545453,,,0.09880952380952378,,0.40625
0.4520547945205479,,,0.45,,1.0
0.4225352112676056,,,0.052380952380952375,,0.34615384615384615
0.4507042253521127,,,0.030952380952380946,,0.2692307692307692
0.4166666666666667,,,0.038095238095238085,,0.2692307692307692
0.4647887323943662,,,0.13333333333333333,,0.3076923076923077
0.4657534246575342,,,0.016666666666666663,,0.15384615384615385
0.5068493150684932,,,0.0857142857142857,,0.3076923076923077
0.4647887323943662,,,0.0238095238095238,,0.23076923076923078
0.44594594594594594,,,0.45,,1.0
0.4647887323943662,,,0.05714285714285713,,0.34615384615384615
0.49295774647887325,,,0.0238095238095238,,0.23076923076923078
0.45454545454545453,,,0.45,,1.0
0.42857142857142855,,,0.0476190476190476,,0.38461538461538464
0.4507042253521127,,,0.07380952380952381,,0.32142857142857145
0.4788732394366197,,,0.10238095238095238,,0.34615384615384615
0.4533333333333333,,,0.12619047619047624,,0.46153846153846156
0.4189189189189189,,,0.026190476190476188,,0.3076923076923077
0.410958904109589,,,0.05714285714285713,,0.38461538461538464
0.43661971830985913,,,0.09523809523809525,,0.34615384615384615
0.4788732394366197,,,0.021428571428571425,,0.3076923076923077
0.4520547945205479,,,0.10714285714285716,,0.4230769230769231
0.4788732394366197,,,0.0738095238095238,,0.3076923076923077
0.49333333333333335,,,0.45,,1.0
0.4788732394366197,,,0.035714285714285705,,0.38461538461538464
0.47297297297297297,,,0.06428571428571427,,0.4230769230769231
0.49295774647887325,,,0.06428571428571427,,0.2692307692307692
0.49295774647887325,,,0.10952380952380954,,0.38461538461538464
0.49295774647887325,,,0.061904761904761886,,0.4230769230769231
0.4788732394366197,,,0.04523809523809522,,0.2692307692307692
0.4666666666666667,,,0.45,,1.0
0.4647887323943662,,,0.45,,1.0
0.4605263157894737,,,0.04523809523809522,,0.38461538461538464
0.4794520547945205,,,0.45,,1.0
0.5068493150684932,,,0.06666666666666665,,0.38461538461538464
0.4507042253521127,,,0.04999999999999998,,0.2692307692307692
0.4722222222222222,,,0.0738095238095238,,0.2692307692307692
0.4931506849315068,,,0.45,,1.0
0.4788732394366197,,,0.1142857142857143,,0.34615384615384615
0.49295774647887325,,,0.09047619047619047,,0.3076923076923077
0.4666666666666667,,,0.07619047619047618,,0.2692307692307692
0.4647887323943662,,,0.10238095238095238,,0.38461538461538464
0.49333333333333335,,,0.059523809523809514,,0.2692307692307692
0.5068493150684932,,,0.14285714285714282,,0.46153846153846156
0.5135135135135135,,,0.0,,0.0
0.5,,,0.0,,0.0
0.5,,,0.0,,0.0
0.5405405405405406,,,0.45,,1.0
0.527027027027027,,,0.45,,1.0
0.4864864864864865,,,0.45,,1.0
0.4868421052631579,,,0.45,,1.0
0.5405405405405406,,,0.45,,1.0
0.527027027027027,,,0.45,,1.0
0.5135135135135135,,,0.45,,1.0
0.5405405405405406,,,0.4642857142857143,,1.0
0.5135135135135135,,,0.45,,1.0
0.4864864864864865,,,0.45,,1.0
0.48,,,0.0,,0.0
0.527027027027027,,,0.45,,1.0
0.5540540540540541,,,0.0,,0.0
0.5,,,0.45,,1.0
0.527027027027027,,,0.45,,1.0
0.5135135135135135,,,0.45,,1.0
0.47297297297297297,,,0.45,,1.0
0.5066666666666667,,,0.45,,1.0
0.5,,,0.45,,1.0
0.4666666666666667,,,0.0,,0.0
0.527027027027027,,,0.45,,1.0
0.5064935064935064,,,0.5107142857142858,,1.0
0.4594594594594595,,,0.0,,0.0
0.5135135135135135,,,0.45,,1.0
0.5540540540540541,,,0.45,,1.0
0.5,,,0.45,,1.0
0.5405405405405406,,,0.45,,1.0
0.5135135135135135,,,0.45,,1.0
0.5135135135135135,,,0.45,,1.0
0.527027027027027,,,0.45,,1.0
0.47297297297297297,,,0.0,,0.0
0.5675675675675675,,,0.45,,1.0
0.581081081081081,,,0.45,,1.0
0.4805194805194805,,,0.0,,0.0
0.4805194805194805,,,0.45,,1.0
0.5405405405405406,,,0.4333333333333334,,1.0
0.5540540540540541,,,0.45,,1.0
0.52,,,0.45,,1.0
0.47297297297297297,,,0.45,,1.0
0.5,,,0.45,,1.0
0.5405405405405406,,,0.45,,1.0
0.5405405405405406,,,0.45,,1.0
0.5135135135135135,,,0.45,,1.0
0.5,,,0.45,,1.0
0.48,,,0.0,,0.0
0.581081081081081,,,0.45,,1.0
0.4864864864864865,,,0.45,,1.0
0.5675675675675675,,,0.45,,1.0
0.5540540540540541,,,0.45,,1.0
0.527027027027027,,,0.45,,1.0
0.5540540540540541,,,0.45,,1.0
0.4666666666666667,,,0.0,,0.0
0.527027027027027,,,0.0,,0.0
0.4868421052631579,,,0.45,,1.0
0.4864864864864865,,,0.0,,0.0
0.5,,,0.45,,1.0
0.527027027027027,,,0.45,,1.0
0.5135135135135135,,,0.45,,1.0
0.4864864864864865,,,0.0,,0.0
0.5405405405405406,,,0.45,,1.0
0.6081081081081081,,,0.45,,1.0
0.48,,,0.45,,1.0
0.5135135135135135,,,0.45,,1.0
0.48,,,0.45,,1.0
0.527027027027027,,,0.45,,1.0
0.44594594594594594,,,0.0,,0.0
0.5342465753424658,,,0.0,,0.0
0.5211267605633803,,,0.45,,1.0
0.5352112676056338,,,0.45,,1.0
0.43243243243243246,,,0.45,,1.0
0.4868421052631579,,,0.45,,1.0
0.4788732394366197,,,0.45,,1.0
0.4931506849315068,,,0.45,,1.0
0.4788732394366197,,,0.45,,1.0
0.5070422535211268,,,0.4642857142857143,,1.0
0.5211267605633803,,,0.45,,1.0
0.4864864864864865,,,0.45,,1.0
0.4666666666666667,,,0.0,,0.0
0.49295774647887325,,,0.45,,1.0
0.4794520547945205,,,0.0,,0.0
0.4794520547945205,,,0.45,,1.0
0.5211267605633803,,,0.45,,1.0
0.49295774647887325,,,0.45,,1.0
0.4583333333333333,,,0.45,,1.0
0.4666666666666667,,,0.45,,1.0
0.5492957746478874,,,0.45,,1.0
0.4666666666666667,,,0.0,,0.0
0.5211267605633803,,,0.45,,1.0
0.4805194805194805,,,0.5107142857142858,,1.0
0.4931506849315068,,,0.0,,0.0
0.49295774647887325,,,0.45,,1.0
0.5211267605633803,,,0.45,,1.0
0.4583333333333333,,,0.45,,1.0
0.49295774647887325,,,0.45,,1.0
0.4657534246575342,,,0.45,,1.0
0.4794520547945205,,,0.45,,1.0
0.4788732394366197,,,0.45,,1.0
0.4864864864864865,,,0.0,,0.0
0.4647887323943662,,,0.45,,1.0
0.5352112676056338,,,0.45,,1.0
0.44155844155844154,,,0.0,,0.0
0.4805194805194805,,,0.45,,1.0
0.4647887323943662,,,0.4333333333333334,,1.0
0.5070422535211268,,,0.45,,1.0
0.5066666666666667,,,0.45,,1.0
0.4864864864864865,,,0.45,,1.0
0.4931506849315068,,,0.45,,1.0
0.49295774647887325,,,0.45,,1.0
0.5352112676056338,,,0.45,,1.0
0.5205479452054794,,,0.45,,1.0
0.49295774647887325,,,0.45,,1.0
0.48,,,0.0,,0.0
0.5211267605633803,,,0.45,,1.0
0.4864864864864865,,,0.45,,1.0
0.5352112676056338,,,0.45,,1.0
0.49295774647887325,,,0.45,,1.0
0.49295774647887325,,,0.45,,1.0
0.4788732394366197,,,0.45,,1.0
0.4533333333333333,,,0.0,,0.0
0.4788732394366197,,,0.0,,0.0
0.4868421052631579,,,0.45,,1.0
0.4794520547945205,,,0.0,,0.0
0.5068493150684932,,,0.45,,1.0
0.5070422535211268,,,0.45,,1.0
0.5,,,0.45,,1.0
0.4657534246575342,,,0.0,,0.0
0.4788732394366197,,,0.45,,1.0
0.5774647887323944,,,0.45,,1.0
0.44,,,0.45,,1.0
0.5211267605633803,,,0.45,,1.0
0.4666666666666667,,,0.45,,1.0
0.5068493150684932,,,0.45,,1.0
0.5,,,0.0,,0.0
0.4864864864864865,,,0.45,,1.0
0.5,,,0.45,,1.0
0.4594594594594595,,,0.45,,1.0
0.4605263157894737,,,0.45,,1.0
0.4864864864864865,,,0.45,,1.0
0.5,,,0.45,,1.0
0.5135135135135135,,,0.45,,1.0
0.4864864864864865,,,0.4642857142857143,,1.0
0.47297297297297297,,,0.45,,1.0
0.4594594594594595,,,0.45,,1.0
0.4533333333333333,,,0.0,,0.0
0.5,,,0.45,,1.0
0.47297297297297297,,,0.0,,0.0
0.4864864864864865,,,0.45,,1.0
0.47297297297297297,,,0.45,,1.0
0.43243243243243246,,,0.45,,1.0
0.40540540540540543,,,0.45,,1.0
0.49333333333333335,,,0.45,,1.0
0.5,,,0.45,,1.0
0.4666666666666667,,,0.0,,0.0
0.4864864864864865,,,0.45,,1.0
0.44155844155844154,,,0.5107142857142858,,1.0
0.47297297297297297,,,0.0,,0.0
0.47297297297297297,,,0.45,,1.0
0.5135135135135135,,,0.45,,1.0
0.4864864864864865,,,0.45,,1.0
0.47297297297297297,,,0.45,,1.0
0.47297297297297297,,,0.45,,1.0
0.4864864864864865,,,0.45,,1.0
0.4864864864864865,,,0.45,,1.0
0.44594594594594594,,,0.0,,0.0
0.5135135135135135,,,0.45,,1.0
0.5405405405405406,,,0.45,,1.0
0.45454545454545453,,,0.0,,0.0
0.4805194805194805,,,0.45,,1.0
0.5135135135135135,,,0.4333333333333334,,1.0
0.527027027027027,,,0.45,,1.0
0.4533333333333333,,,0.45,,1.0
0.44594594594594594,,,0.45,,1.0
0.4189189189189189,,,0.45,,1.0
0.4594594594594595,,,0.45,,1.0
0.4864864864864865,,,0.45,,1.0
0.5,,,0.45,,1.0
0.5135135135135135,,,0.45,,1.0
0.48,,,0.0,,0.0
0.5,,,0.45,,1.0
0.44594594594594594,,,0.45,,1.0
0.5405405405405406,,,0.45,,1.0
0.4864864864864865,,,0.45,,1.0
0.5135135135135135,,,0.45,,1.0
0.4594594594594595,,,0.45,,1.0
0.4666666666666667,,,0.0,,0.0
0.5,,,0.0,,0.0
0.4605263157894737,,,0.45,,1.0
0.5135135135135135,,,0.0,,0.0
0.5135135135135135,,,0.45,,1.0
0.527027027027027,,,0.45,,1.0
0.47297297297297297,,,0.45,,1.0
0.44594594594594594,,,0.0,,0.0
0.5135135135135135,,,0.45,,1.0
0.5540540540540541,,,0.45,,1.0
0.4666666666666667,,,0.45,,1.0
0.5135135135135135,,,0.45,,1.0
0.48,,,0.45,,1.0
0.4864864864864865,,,0.45,,1.0
0.5342465753424658,,,0.45,,1.0
0.5342465753424658,,,0.45,,1.0
0.47297297297297297,,,0.45,,1.0
0.47368421052631576,,,0.45,,1.0
0.5068493150684932,,,0.45,,1.0
0.4931506849315068,,,0.45,,1.0
0.4931506849315068,,,0.45,,1.0
0.5068493150684932,,,0.4642857142857143,,1.0
0.4794520547945205,,,0.45,,1.0
0.4864864864864865,,,0.45,,1.0
0.4666666666666667,,,0.0,,0.0
0.4931506849315068,,,0.45,,1.0
0.5068493150684932,,,0.0,,0.0
0.4794520547945205,,,0.45,,1.0
0.4931506849315068,,,0.45,,1.0
0.4931506849315068,,,0.45,,1.0
0.4657534246575342,,,0.45,,1.0
0.48,,,0.45,,1.0
0.5068493150684932,,,0.45,,1.0
0.49333333333333335,,,0.0,,0.0
0.5068493150684932,,,0.45,,1.0
0.4805194805194805,,,0.5107142857142858,,1.0
0.4657534246575342,,,0.0,,0.0
0.4931506849315068,,,0.45,,1.0
0.5205479452054794,,,0.45,,1.0
0.4657534246575342,,,0.45,,1.0
0.5068493150684932,,,0.45,,1.0
0.5068493150684932,,,0.45,,1.0
0.4794520547945205,,,0.45,,1.0
0.4931506849315068,,,0.45,,1.0
0.4594594594594595,,,0.0,,0.0
0.4931506849315068,,,0.45,,1.0
0.5205479452054794,,,0.45,,1.0
0.44155844155844154,,,0.0,,0.0
0.5064935064935064,,,0.45,,1.0
0.5068493150684932,,,0.4333333333333334,,1.0
0.5342465753424658,,,0.45,,1.0
0.4666666666666667,,,0.45,,1.0
0.4594594594594595,,,0.45,,1.0
0.4520547945205479,,,0.45,,1.0
0.5068493150684932,,,0.45,,1.0
0.547945205479452,,,0.45,,1.0
0.4931506849315068,,,0.45,,1.0
0.4931506849315068,,,0.45,,1.0
0.4666666666666667,,,0.0,,0.0
0.5342465753424658,,,0.45,,1.0
0.4594594594594595,,,0.45,,1.0
0.5616438356164384,,,0.45,,1.0
0.5342465753424658,,,0.45,,1.0
0.4931506849315068,,,0.45,,1.0
0.4931506849315068,,,0.45,,1.0
0.4533333333333333,,,0.0,,0.0
0.5205479452054794,,,0.0,,0.0
0.4605263157894737,,,0.45,,1.0
0.4794520547945205,,,0.0,,0.0
0.5068493150684932,,,0.45,,1.0
0.5205479452054794,,,0.45,,1.0
0.4794520547945205,,,0.45,,1.0
0.4657534246575342,,,0.0,,0.0
0.5205479452054794,,,0.45,,1.0
0.5753424657534246,,,0.45,,1.0
0.49333333333333335,,,0.45,,1.0
0.5068493150684932,,,0.45,,1.0
0.52,,,0.45,,1.0
0.4931506849315068,,,0.45,,1.0
0.4925373134328358,,,0.05714285714285713,,0.2692307692307692
0.5135135135135135,,,0.05714285714285714,,0.3076923076923077
0.5263157894736842,,,0.10238095238095239,,0.46153846153846156
0.4782608695652174,,,0.11190476190476192,,0.38461538461538464
0.5205479452054794,,,0.042857142857142844,,0.23076923076923078
0.4782608695652174,,,0.06904761904761904,,0.34615384615384615
0.5070422535211268,,,0.08095238095238097,,0.35714285714285715
0.47058823529411764,,,0.0761904761904762,,0.38461538461538464
0.527027027027027,,,0.18333333333333332,,0.46153846153846156
0.48,,,0.45,,1.0
0.5070422535211268,,,0.11666666666666667,,0.38461538461538464
0.547945205479452,,,0.45,,1.0
0.4931506849315068,,,0.12380952380952381,,0.38461538461538464
0.47058823529411764,,,0.05714285714285713,,0.3076923076923077
0.4714285714285714,,,0.10238095238095238,,0.4230769230769231
0.4722222222222222,,,0.06428571428571427,,0.46153846153846156
0.5066666666666667,,,0.061904761904761886,,0.4230769230769231
0.5072463768115942,,,0.052380952380952375,,0.34615384615384615
0.49333333333333335,,,0.45,,1.0
0.45588235294117646,,,0.0857142857142857,,0.38461538461538464
0.4675324675324675,,,0.11547619047619047,,0.375
0.5068493150684932,,,0.45,,1.0
0.45588235294117646,,,0.042857142857142844,,0.2692307692307692
0.4626865671641791,,,0.08809523809523807,,0.34615384615384615
0.5,,,0.07619047619047618,,0.4230769230769231
0.45588235294117646,,,0.07142857142857141,,0.19230769230769232
0.4520547945205479,,,0.04523809523809522,,0.3076923076923077
0.4794520547945205,,,0.14761904761904757,,0.38461538461538464
0.463768115942029,,,0.08095238095238094,,0.34615384615384615
0.43243243243243246,,,0.45,,1.0
0.4925373134328358,,,0.052380952380952375,,0.2692307692307692
0.5362318840579711,,,0.052380952380952375,,0.3076923076923077
0.45454545454545453,,,0.45,,1.0
0.4935064935064935,,,0.0857142857142857,,0.38461538461538464
0.4925373134328358,,,0.12619047619047621,,0.32142857142857145
0.4852941176470588,,,0.04523809523809522,,0.3076923076923077
0.49333333333333335,,,0.169047619047619,,0.5
0.47297297297297297,,,0.054761904761904755,,0.4230769230769231
0.4794520547945205,,,0.038095238095238085,,0.2692307692307692
0.5142857142857142,,,0.038095238095238085,,0.19230769230769232
0.47761194029850745,,,0.07857142857142857,,0.4230769230769231
0.5068493150684932,,,0.16904761904761903,,0.46153846153846156
0.5070422535211268,,,0.1357142857142857,,0.4230769230769231
0.5066666666666667,,,0.45,,1.0
0.4925373134328358,,,0.07857142857142856,,0.4230769230769231
0.4594594594594595,,,0.07857142857142857,,0.38461538461538464
0.5074626865671642,,,0.12619047619047616,,0.38461538461538464
0.4925373134328358,,,0.052380952380952375,,0.15384615384615385
0.4927536231884058,,,0.12380952380952381,,0.5
0.463768115942029,,,0.059523809523809514,,0.2692307692307692
0.52,,,0.45,,1.0
0.4927536231884058,,,0.45,,1.0
0.5,,,0.0738095238095238,,0.38461538461538464
0.4931506849315068,,,0.45,,1.0
0.5205479452054794,,,0.12380952380952379,,0.34615384615384615
0.47761194029850745,,,0.0738095238095238,,0.23076923076923078
0.5,,,0.040476190476190464,,0.34615384615384615
0.5205479452054794,,,0.45,,1.0
0.5072463768115942,,,0.17619047619047618,,0.46153846153846156
0.5223880597014925,,,0.14285714285714282,,0.5
0.5066666666666667,,,0.13809523809523808,,0.46153846153846156
0.4925373134328358,,,0.06428571428571427,,0.34615384615384615
0.52,,,0.12142857142857144,,0.5384615384615384
0.5205479452054794,,,0.18095238095238092,,0.4230769230769231
0.47297297297297297,,,0.08095238095238098,,0.5
0.5,,,0.10714285714285716,,0.3076923076923077
0.42028985507246375,,,0.13095238095238096,,0.38461538461538464
0.4931506849315068,,,0.04285714285714285,,0.3076923076923077
0.5362318840579711,,,0.06904761904761902,,0.3076923076923077
0.4788732394366197,,,0.06190476190476192,,0.35714285714285715
0.4117647058823529,,,0.08095238095238096,,0.38461538461538464
0.5135135135135135,,,0.1833333333333333,,0.5384615384615384
0.48,,,0.45,,1.0
0.4647887323943662,,,0.12619047619047621,,0.4230769230769231
0.547945205479452,,,0.45,,1.0
0.5205479452054794,,,0.1285714285714286,,0.38461538461538464
0.47058823529411764,,,0.07619047619047618,,0.5
0.4714285714285714,,,0.10238095238095238,,0.4230769230769231
0.4444444444444444,,,0.049999999999999996,,0.34615384615384615
0.48,,,0.06666666666666665,,0.34615384615384615
0.4782608695652174,,,0.05714285714285714,,0.4230769230769231
0.49333333333333335,,,0.45,,1.0
0.4852941176470588,,,0.07142857142857142,,0.2692307692307692
0.45454545454545453,,,0.11547619047619047,,0.375
0.4520547945205479,,,0.45,,1.0
0.45588235294117646,,,0.06190476190476189,,0.4230769230769231
0.4925373134328358,,,0.09761904761904763,,0.38461538461538464
0.4444444444444444,,,0.08095238095238096,,0.4230769230769231
0.4852941176470588,,,0.07142857142857141,,0.2692307692307692
0.4657534246575342,,,0.059523809523809514,,0.3076923076923077
0.4657534246575342,,,0.15238095238095237,,0.4230769230769231
0.463768115942029,,,0.09523809523809526,,0.38461538461538464
0.43243243243243246,,,0.45,,1.0
0.4626865671641791,,,0.052380952380952375,,0.2692307692307692
0.5072463768115942,,,0.061904761904761886,,0.3076923076923077
0.45454545454545453,,,0.45,,1.0
0.45454545454545453,,,0.10000000000000002,,0.5
0.4626865671641791,,,0.12619047619047621,,0.39285714285714285
0.45588235294117646,,,0.05476190476190475,,0.38461538461538464
0.44,,,0.1738095238095238,,0.5
0.4594594594594595,,,0.06904761904761904,,0.38461538461538464
0.4520547945205479,,,0.05714285714285714,,0.38461538461538464
0.4857142857142857,,,0.07142857142857141,,0.2692307692307692
0.47761194029850745,,,0.06904761904761904,,0.34615384615384615
0.5205479452054794,,,0.16904761904761906,,0.46153846153846156
0.5070422535211268,,,0.14047619047619045,,0.5
0.5333333333333333,,,0.45,,1.0
0.4925373134328358,,,0.07857142857142857,,0.34615384615384615
0.4594594594594595,,,0.07857142857142856,,0.23076923076923078
0.5373134328358209,,,0.14047619047619048,,0.4230769230769231
0.47761194029850745,,,0.05714285714285713,,0.2692307692307692
0.463768115942029,,,0.12380952380952381,,0.4230769230769231
0.5072463768115942,,,0.04523809523809522,,0.07692307692307693
0.49333333333333335,,,0.45,,1.0
0.4782608695652174,,,0.45,,1.0
0.5,,,0.04999999999999998,,0.3076923076923077
0.4931506849315068,,,0.45,,1.0
0.4794520547945205,,,0.12380952380952384,,0.38461538461538464
0.4626865671641791,,,0.08333333333333334,,0.38461538461538464
0.5,,,0.06904761904761902,,0.46153846153846156
0.5068493150684932,,,0.45,,1.0
0.43478260869565216,,,0.17619047619047618,,0.38461538461538464
0.5223880597014925,,,0.15238095238095234,,0.5384615384615384
0.49333333333333335,,,0.13809523809523808,,0.38461538461538464
0.43283582089552236,,,0.035714285714285705,,0.3076923076923077
0.5333333333333333,,,0.12619047619047621,,0.4230769230769231
0.5068493150684932,,,0.19047619047619044,,0.6153846153846154
0.4473684210526316,,,0.07857142857142857,,0.46153846153846156
0.5,,,0.08809523809523814,,0.4230769230769231
0.5135135135135135,,,0.0476190476190476,,0.34615384615384615
0.5,,,0.07380952380952381,,0.5
0.4594594594594595,,,0.09285714285714287,,0.35714285714285715
0.5135135135135135,,,0.061904761904761886,,0.38461538461538464
0.47297297297297297,,,0.1357142857142857,,0.38461538461538464
0.48,,,0.45,,1.0
0.4864864864864865,,,0.0738095238095238,,0.46153846153846156
0.5,,,0.45,,1.0
0.4864864864864865,,,0.0857142857142857,,0.4230769230769231
0.4864864864864865,,,0.052380952380952375,,0.23076923076923078
0.5,,,0.06428571428571427,,0.4230769230769231
0.5,,,0.04999999999999998,,0.38461538461538464
0.49333333333333335,,,0.061904761904761886,,0.46153846153846156
0.4864864864864865,,,0.042857142857142844,,0.3076923076923077
0.4666666666666667,,,0.45,,1.0
0.5,,,0.061904761904761886,,0.34615384615384615
0.44155844155844154,,,0.11547619047619048,,0.46875
0.43243243243243246,,,0.45,,1.0
0.4864864864864865,,,0.042857142857142844,,0.3076923076923077
0.527027027027027,,,0.04999999999999998,,0.3076923076923077
0.47297297297297297,,,0.05714285714285713,,0.34615384615384615
0.47297297297297297,,,0.11904761904761907,,0.38461538461538464
0.4864864864864865,,,0.040476190476190464,,0.34615384615384615
0.4864864864864865,,,0.1,,0.4230769230769231
0.4864864864864865,,,0.042857142857142844,,0.3076923076923077
0.44594594594594594,,,0.45,,1.0
0.4864864864864865,,,0.07142857142857141,,0.4230769230769231
0.5135135135135135,,,0.0476190476190476,,0.34615384615384615
0.42857142857142855,,,0.45,,1.0
0.45454545454545453,,,0.052380952380952375,,0.2692307692307692
0.527027027027027,,,0.07857142857142864,,0.2857142857142857
0.4594594594594595,,,0.0928571428571429,,0.34615384615384615
0.48,,,0.12619047619047621,,0.46153846153846156
0.4594594594594595,,,0.040476190476190464,,0.2692307692307692
0.44594594594594594,,,0.0476190476190476,,0.2692307692307692
0.44594594594594594,,,0.09523809523809526,,0.38461538461538464
0.5135135135135135,,,0.04999999999999998,,0.34615384615384615
0.4864864864864865,,,0.12142857142857141,,0.38461538461538464
0.5135135135135135,,,0.08809523809523807,,0.2692307692307692
0.4666666666666667,,,0.45,,1.0
0.5405405405405406,,,0.06428571428571427,,0.34615384615384615
0.4594594594594595,,,0.07857142857142857,,0.5384615384615384
0.527027027027027,,,0.08333333333333331,,0.34615384615384615
0.527027027027027,,,0.10000000000000005,,0.38461538461538464
0.4864864864864865,,,0.08095238095238094,,0.4230769230769231
0.5135135135135135,,,0.07857142857142857,,0.5384615384615384
0.4533333333333333,,,0.45,,1.0
0.527027027027027,,,0.45,,1.0
0.47368421052631576,,,0.0738095238095238,,0.5384615384615384
0.4594594594594595,,,0.45,,1.0
0.47297297297297297,,,0.08095238095238094,,0.34615384615384615
0.47297297297297297,,,0.04999999999999998,,0.2692307692307692
0.5,,,0.059523809523809514,,0.3076923076923077
0.47297297297297297,,,0.45,,1.0
0.5,,,0.1285714285714286,,0.46153846153846156
0.5135135135135135,,,0.1,,0.38461538461538464
0.49333333333333335,,,0.09047619047619046,,0.34615384615384615
0.47297297297297297,,,0.0928571428571429,,0.4230769230769231
0.49333333333333335,,,0.06428571428571427,,0.3076923076923077
0.47297297297297297,,,0.13809523809523808,,0.46153846153846156
0.4868421052631579,,,0.061904761904761886,,0.38461538461538464
0.5,,,0.08333333333333333,,0.34615384615384615
0.5263157894736842,,,0.0476190476190476,,0.3076923076923077
0.5,,,0.12619047619047624,,0.42857142857142855
0.5131578947368421,,,0.07857142857142856,,0.38461538461538464
0.4868421052631579,,,0.09047619047619047,,0.4230769230769231
0.4868421052631579,,,0.45,,1.0
0.4868421052631579,,,0.042857142857142844,,0.34615384615384615
0.5394736842105263,,,0.45,,1.0
0.5,,,0.035714285714285705,,0.2692307692307692
0.5,,,0.09761904761904762,,0.4230769230769231
0.5263157894736842,,,0.038095238095238085,,0.34615384615384615
0.5,,,0.06666666666666665,,0.38461538461538464
0.4868421052631579,,,0.04999999999999998,,0.3076923076923077
0.4868421052631579,,,0.06428571428571427,,0.34615384615384615
0.47368421052631576,,,0.45,,1.0
0.5131578947368421,,,0.08333333333333331,,0.4230769230769231
0.4935064935064935,,,0.08928571428571426,,0.40625
0.4473684210526316,,,0.45,,1.0
0.5263157894736842,,,0.06904761904761902,,0.3076923076923077
0.5,,,0.0476190476190476,,0.3076923076923077
0.47368421052631576,,,0.07380952380952381,,0.34615384615384615
0.5131578947368421,,,0.16428571428571428,,0.38461538461538464
0.4868421052631579,,,0.061904761904761886,,0.34615384615384615
0.4868421052631579,,,0.059523809523809514,,0.34615384615384615
0.5131578947368421,,,0.059523809523809514,,0.38461538461538464
0.4473684210526316,,,0.45,,1.0
0.5,,,0.059523809523809514,,0.34615384615384615
0.5131578947368421,,,0.06904761904761902,,0.2692307692307692
0.4805194805194805,,,0.45,,1.0
0.45454545454545453,,,0.040476190476190464,,0.34615384615384615
0.5,,,0.05476190476190477,,0.39285714285714285
0.5394736842105263,,,0.1285714285714286,,0.38461538461538464
0.4473684210526316,,,0.07142857142857141,,0.3076923076923077
0.4868421052631579,,,0.05714285714285713,,0.2692307692307692
0.4605263157894737,,,0.08809523809523809,,0.46153846153846156
0.5,,,0.12142857142857141,,0.38461538461538464
0.5263157894736842,,,0.05714285714285713,,0.38461538461538464
0.5263157894736842,,,0.07619047619047617,,0.2692307692307692
0.5131578947368421,,,0.05714285714285714,,0.38461538461538464
0.5131578947368421,,,0.45,,1.0
0.5394736842105263,,,0.0904761904761905,,0.46153846153846156
0.5131578947368421,,,0.052380952380952375,,0.3076923076923077
0.5131578947368421,,,0.06666666666666664,,0.34615384615384615
0.5,,,0.13571428571428568,,0.38461538461538464
0.5131578947368421,,,0.09761904761904762,,0.4230769230769231
0.5,,,0.061904761904761886,,0.3076923076923077
0.47368421052631576,,,0.45,,1.0
0.4868421052631579,,,0.45,,1.0
0.4868421052631579,,,0.06190476190476189,,0.3076923076923077
0.5131578947368421,,,0.45,,1.0
0.4868421052631579,,,0.05476190476190475,,0.34615384615384615
0.47368421052631576,,,0.05714285714285713,,0.38461538461538464
0.5,,,0.10476190476190479,,0.38461538461538464
0.5131578947368421,,,0.45,,1.0
0.5263157894736842,,,0.08333333333333331,,0.38461538461538464
0.5526315789473685,,,0.059523809523809514,,0.34615384615384615
0.47368421052631576,,,0.06904761904761902,,0.38461538461538464
0.4868421052631579,,,0.1285714285714286,,0.3076923076923077
0.47368421052631576,,,0.09523809523809525,,0.4230769230769231
0.5131578947368421,,,0.09285714285714287,,0.4230769230769231
0.5616438356164384,,,0.10714285714285718,,0.38461538461538464
0.463768115942029,,,0.10476190476190476,,0.4230769230769231
0.4788732394366197,,,0.16666666666666666,,0.5714285714285714
0.4492753623188406,,,0.1357142857142857,,0.5384615384615384
0.5135135135135135,,,0.1142857142857143,,0.38461538461538464
0.49333333333333335,,,0.45,,1.0
0.5070422535211268,,,0.042857142857142844,,0.3076923076923077
0.5342465753424658,,,0.45,,1.0
0.4657534246575342,,,0.06904761904761902,,0.38461538461538464
0.463768115942029,,,0.09285714285714289,,0.38461538461538464
0.42857142857142855,,,0.09523809523809522,,0.5
0.4027777777777778,,,0.0904761904761905,,0.4230769230769231
0.49333333333333335,,,0.08333333333333333,,0.4230769230769231
0.4492753623188406,,,0.07380952380952381,,0.38461538461538464
0.5066666666666667,,,0.45,,1.0
0.463768115942029,,,0.13571428571428573,,0.5
0.4805194805194805,,,0.10833333333333331,,0.40625
0.4794520547945205,,,0.45,,1.0
0.463768115942029,,,0.07380952380952381,,0.3076923076923077
0.5072463768115942,,,0.1,,0.46153846153846156
0.4583333333333333,,,0.130952380952381,,0.5384615384615384
0.4782608695652174,,,0.15952380952380954,,0.38461538461538464
0.4794520547945205,,,0.09523809523809525,,0.38461538461538464
0.5068493150684932,,,0.10238095238095238,,0.5
0.463768115942029,,,0.10714285714285716,,0.5
0.40540540540540543,,,0.45,,1.0
0.4492753623188406,,,0.07857142857142856,,0.3076923076923077
0.5507246376811594,,,0.11190476190476192,,0.5
0.4675324675324675,,,0.45,,1.0
0.42857142857142855,,,0.07857142857142857,,0.3076923076923077
0.4927536231884058,,,0.07619047619047618,,0.2857142857142857
0.4782608695652174,,,0.12857142857142861,,0.4230769230769231
0.48,,,0.07619047619047618,,0.3076923076923077
0.4594594594594595,,,0.09523809523809527,,0.34615384615384615
0.4794520547945205,,,0.09761904761904769,,0.34615384615384615
0.4714285714285714,,,0.11666666666666667,,0.23076923076923078
0.463768115942029,,,0.10476190476190479,,0.5
0.4931506849315068,,,0.0857142857142857,,0.38461538461538464
0.5211267605633803,,,0.09523809523809522,,0.38461538461538464
0.5066666666666667,,,0.45,,1.0
0.5072463768115942,,,0.13333333333333336,,0.5769230769230769
0.5,,,0.061904761904761886,,0.2692307692307692
0.4927536231884058,,,0.10952380952380954,,0.5384615384615384
0.4782608695652174,,,0.13095238095238096,,0.38461538461538464
0.4782608695652174,,,0.15476190476190474,,0.5769230769230769
0.5072463768115942,,,0.10476190476190479,,0.38461538461538464
0.48,,,0.45,,1.0
0.463768115942029,,,0.45,,1.0
0.5,,,0.10476190476190479,,0.4230769230769231
0.4931506849315068,,,0.45,,1.0
0.5342465753424658,,,0.09761904761904762,,0.46153846153846156
0.4782608695652174,,,0.06666666666666664,,0.34615384615384615
0.4861111111111111,,,0.10952380952380955,,0.38461538461538464
0.5205479452054794,,,0.45,,1.0
0.463768115942029,,,0.10238095238095238,,0.4230769230769231
0.5942028985507246,,,0.09761904761904762,,0.38461538461538464
0.5066666666666667,,,0.1214285714285714,,0.46153846153846156
0.4782608695652174,,,0.1285714285714286,,0.4230769230769231
0.49333333333333335,,,0.14761904761904765,,0.5769230769230769
0.547945205479452,,,0.09285714285714285,,0.2692307692307692
0.5205479452054794,,,0.04523809523809522,,0.34615384615384615
0.5205479452054794,,,0.06666666666666668,,0.32142857142857145
0.547945205479452,,,0.042857142857142844,,0.34615384615384615
0.47297297297297297,,,0.14999999999999997,,0.38461538461538464
0.5066666666666667,,,0.45,,1.0
0.5205479452054794,,,0.10238095238095242,,0.3076923076923077
0.5205479452054794,,,0.45,,1.0
0.4794520547945205,,,0.09047619047619046,,0.2692307692307692
0.5205479452054794,,,0.05714285714285713,,0.34615384615384615
0.547945205479452,,,0.0738095238095238,,0.34615384615384615
0.4931506849315068,,,0.035714285714285705,,0.34615384615384615
0.4666666666666667,,,0.042857142857142844,,0.38461538461538464
0.4931506849315068,,,0.038095238095238085,,0.38461538461538464
0.4666666666666667,,,0.45,,1.0
0.5068493150684932,,,0.0476190476190476,,0.2692307692307692
0.5064935064935064,,,0.09880952380952378,,0.40625
0.5205479452054794,,,0.45,,1.0
0.5205479452054794,,,0.033333333333333326,,0.3076923076923077
0.5342465753424658,,,0.059523809523809514,,0.34615384615384615
0.5205479452054794,,,0.05714285714285713,,0.34615384615384615
0.5205479452054794,,,0.10476190476190475,,0.2692307692307692
0.4931506849315068,,,0.026190476190476188,,0.2692307692307692
0.5205479452054794,,,0.1142857142857143,,0.23076923076923078
0.5616438356164384,,,0.052380952380952375,,0.3076923076923077
0.47297297297297297,,,0.45,,1.0
0.5068493150684932,,,0.038095238095238085,,0.2692307692307692
0.547945205479452,,,0.038095238095238085,,0.3076923076923077
0.4675324675324675,,,0.45,,1.0
0.4935064935064935,,,0.06666666666666664,,0.2692307692307692
0.5342465753424658,,,0.09285714285714285,,0.32142857142857145
0.5205479452054794,,,0.06904761904761902,,0.23076923076923078
0.48,,,0.14999999999999997,,0.46153846153846156
0.44594594594594594,,,0.030952380952380946,,0.2692307692307692
0.5068493150684932,,,0.03333333333333332,,0.3076923076923077
0.4794520547945205,,,0.07142857142857141,,0.2692307692307692
0.5068493150684932,,,0.040476190476190464,,0.3076923076923077
0.4931506849315068,,,0.1357142857142857,,0.3076923076923077
0.5342465753424658,,,0.10238095238095242,,0.34615384615384615
0.5066666666666667,,,0.45,,1.0
0.5753424657534246,,,0.05476190476190475,,0.34615384615384615
0.4864864864864865,,,0.059523809523809514,,0.38461538461538464
0.5753424657534246,,,0.09761904761904763,,0.34615384615384615
0.547945205479452,,,0.07619047619047618,,0.23076923076923078
0.5068493150684932,,,0.08571428571428573,,0.38461538461538464
0.5205479452054794,,,0.040476190476190464,,0.2692307692307692
0.49333333333333335,,,0.45,,1.0
0.5068493150684932,,,0.45,,1.0
0.5131578947368421,,,0.040476190476190464,,0.3076923076923077
0.4931506849315068,,,0.45,,1.0
0.4931506849315068,,,0.09523809523809525,,0.4230769230769231
0.5616438356164384,,,0.04047619047619047,,0.23076923076923078
0.4931506849315068,,,0.05476190476190475,,0.3076923076923077
0.4794520547945205,,,0.45,,1.0
0.547945205479452,,,0.14285714285714285,,0.38461538461538464
0.589041095890411,,,0.11904761904761907,,0.38461538461538464
0.49333333333333335,,,0.10476190476190476,,0.34615384615384615
0.5342465753424658,,,0.06904761904761902,,0.3076923076923077
0.5066666666666667,,,0.08809523809523809,,0.4230769230769231
0.5205479452054794,,,0.16190476190476186,,0.46153846153846156
0.49295774647887325,,,0.08095238095238098,,0.35714285714285715
0.463768115942029,,,0.040476190476190464,,0.4230769230769231
0.4594594594594595,,,0.12857142857142861,,0.5
0.48,,,0.45,,1.0
0.49295774647887325,,,0.08571428571428573,,0.4230769230769231
0.5205479452054794,,,0.45,,1.0
0.5068493150684932,,,0.06904761904761902,,0.2692307692307692
0.4492753623188406,,,0.08333333333333331,,0.46153846153846156
0.44285714285714284,,,0.052380952380952375,,0.38461538461538464
0.4444444444444444,,,0.052380952380952375,,0.34615384615384615
0.48,,,0.04523809523809522,,0.34615384615384615
0.4492753623188406,,,0.059523809523809514,,0.4230769230769231
0.49333333333333335,,,0.45,,1.0
0.4927536231884058,,,0.05476190476190475,,0.3076923076923077
0.4675324675324675,,,0.0964285714285714,,0.46875
0.4794520547945205,,,0.45,,1.0
0.4492753623188406,,,0.059523809523809514,,0.4230769230769231
0.463768115942029,,,0.052380952380952375,,0.38461538461538464
0.4722222222222222,,,0.04999999999999998,,0.38461538461538464
0.463768115942029,,,0.12619047619047616,,0.38461538461538464
0.4931506849315068,,,0.03333333333333332,,0.3076923076923077
0.4931506849315068,,,0.09285714285714287,,0.38461538461538464
0.463768115942029,,,0.059523809523809514,,0.46153846153846156
0.43243243243243246,,,0.45,,1.0
0.4782608695652174,,,0.04523809523809522,,0.2692307692307692
0.5217391304347826,,,0.035714285714285705,,0.3076923076923077
0.45454545454545453,,,0.45,,1.0
0.44155844155844154,,,0.05476190476190475,,0.38461538461538464
0.4782608695652174,,,0.0880952380952381,,0.4642857142857143
0.4782608695652174,,,0.09047619047619045,,0.34615384615384615
0.5066666666666667,,,0.1142857142857143,,0.4230769230769231
0.4594594594594595,,,0.03333333333333332,,0.2692307692307692
0.4383561643835616,,,0.06904761904761902,,0.5
0.45714285714285713,,,0.08333333333333331,,0.3076923076923077
0.4782608695652174,,,0.0476190476190476,,0.4230769230769231
0.4931506849315068,,,0.1142857142857143,,0.46153846153846156
0.49295774647887325,,,0.08095238095238096,,0.46153846153846156
0.52,,,0.45,,1.0
0.4782608695652174,,,0.06190476190476189,,0.4230769230769231
0.4864864864864865,,,0.052380952380952375,,0.3076923076923077
0.4927536231884058,,,0.08571428571428572,,0.3076923076923077
0.4927536231884058,,,0.09761904761904762,,0.34615384615384615
0.4782608695652174,,,0.08333333333333331,,0.38461538461538464
0.463768115942029,,,0.0238095238095238,,0.23076923076923078
0.4666666666666667,,,0.45,,1.0
0.4782608695652174,,,0.45,,1.0
0.4868421052631579,,,0.038095238095238085,,0.3076923076923077
0.4931506849315068,,,0.45,,1.0
0.4931506849315068,,,0.08333333333333336,,0.46153846153846156
0.5217391304347826,,,0.07142857142857142,,0.34615384615384615
0.4722222222222222,,,0.07619047619047617,,0.46153846153846156
0.4794520547945205,,,0.45,,1.0
0.4927536231884058,,,0.12142857142857144,,0.3076923076923077
0.5797101449275363,,,0.08333333333333334,,0.3076923076923077
0.5066666666666667,,,0.08333333333333333,,0.34615384615384615
0.4927536231884058,,,0.09047619047619045,,0.23076923076923078
0.49333333333333335,,,0.08571428571428573,,0.34615384615384615
0.5205479452054794,,,0.13095238095238096,,0.5
0.4788732394366197,,,0.05714285714285714,,0.32142857142857145
0.44594594594594594,,,0.1928571428571429,,0.5
0.49333333333333335,,,0.4642857142857143,,1.0
0.43661971830985913,,,0.15238095238095234,,0.4642857142857143
0.5068493150684932,,,0.4642857142857143,,1.0
0.5068493150684932,,,0.13333333333333333,,0.4642857142857143
0.4647887323943662,,,0.0761904761904762,,0.35714285714285715
0.4788732394366197,,,0.11190476190476191,,0.35714285714285715
0.4444444444444444,,,0.08095238095238097,,0.2857142857142857
0.4666666666666667,,,0.09285714285714287,,0.35714285714285715
0.4788732394366197,,,0.09523809523809526,,0.35714285714285715
0.49333333333333335,,,0.4642857142857143,,1.0
0.5070422535211268,,,0.05952380952380952,,0.2857142857142857
0.45454545454545453,,,0.13214285714285715,,0.375
0.4657534246575342,,,0.4642857142857143,,1.0
0.4647887323943662,,,0.09523809523809527,,0.35714285714285715
0.5211267605633803,,,0.09285714285714289,,0.39285714285714285
0.4722222222222222,,,0.05238095238095238,,0.2857142857142857
0.5070422535211268,,,0.08095238095238096,,0.2857142857142857
0.4794520547945205,,,0.07619047619047624,,0.42857142857142855
0.4931506849315068,,,0.15714285714285714,,0.39285714285714285
0.49295774647887325,,,0.07857142857142858,,0.35714285714285715
0.4594594594594595,,,0.4642857142857143,,1.0
0.5070422535211268,,,0.09285714285714287,,0.35714285714285715
0.5211267605633803,,,0.05952380952380955,,0.32142857142857145
0.4805194805194805,,,0.4642857142857143,,1.0
0.4805194805194805,,,0.11666666666666667,,0.39285714285714285
0.5070422535211268,,,0.14761904761904757,,0.5357142857142857
0.4647887323943662,,,0.06904761904761902,,0.2857142857142857
0.52,,,0.19285714285714278,,0.5357142857142857
0.47297297297297297,,,0.08571428571428576,,0.35714285714285715
0.4657534246575342,,,0.08095238095238097,,0.35714285714285715
0.5211267605633803,,,0.10714285714285718,,0.39285714285714285
0.4788732394366197,,,0.07619047619047621,,0.32142857142857145
0.4931506849315068,,,0.17857142857142852,,0.5357142857142857
0.5211267605633803,,,0.1452380952380952,,0.42857142857142855
0.52,,,0.4642857142857143,,1.0
0.5211267605633803,,,0.04761904761904762,,0.2857142857142857
0.47297297297297297,,,0.1142857142857143,,0.35714285714285715
0.5070422535211268,,,0.13571428571428568,,0.35714285714285715
0.49295774647887325,,,0.09761904761904765,,0.32142857142857145
0.4507042253521127,,,0.1142857142857143,,0.32142857142857145
0.5211267605633803,,,0.07142857142857147,,0.39285714285714285
0.4666666666666667,,,0.4642857142857143,,1.0
0.4788732394366197,,,0.4642857142857143,,1.0
0.4868421052631579,,,0.06666666666666668,,0.21428571428571427
0.5068493150684932,,,0.4642857142857143,,1.0
0.5205479452054794,,,0.13809523809523808,,0.39285714285714285
0.49295774647887325,,,0.10714285714285714,,0.42857142857142855
0.5,,,0.06904761904761904,,0.35714285714285715
0.5068493150684932,,,0.4642857142857143,,1.0
0.4788732394366197,,,0.18571428571428575,,0.42857142857142855
0.5633802816901409,,,0.15714285714285714,,0.4642857142857143
0.4533333333333333,,,0.14761904761904757,,0.39285714285714285
0.49295774647887325,,,0.06428571428571427,,0.32142857142857145
0.49333333333333335,,,0.12142857142857147,,0.35714285714285715
0.5205479452054794,,,0.2095238095238095,,0.6428571428571429
0.527027027027027,,,0.14047619047619045,,0.34615384615384615
0.5066666666666667,,,0.45,,1.0
0.4647887323943662,,,0.11666666666666672,,0.46153846153846156
0.547945205479452,,,0.45,,1.0
0.4657534246575342,,,0.08571428571428576,,0.38461538461538464
0.4264705882352941,,,0.061904761904761886,,0.34615384615384615
0.44285714285714284,,,0.06904761904761902,,0.2692307692307692
0.4444444444444444,,,0.059523809523809514,,0.3076923076923077
0.48,,,0.06666666666666664,,0.34615384615384615
0.4492753623188406,,,0.07142857142857141,,0.34615384615384615
0.48,,,0.45,,1.0
0.45588235294117646,,,0.028571428571428564,,0.2692307692307692
0.4935064935064935,,,0.1130952380952381,,0.40625
0.4794520547945205,,,0.45,,1.0
0.4264705882352941,,,0.07142857142857141,,0.34615384615384615
0.47058823529411764,,,0.04523809523809522,,0.2692307692307692
0.4444444444444444,,,0.019047619047619042,,0.19230769230769232
0.5,,,0.11428571428571428,,0.3076923076923077
0.4657534246575342,,,0.040476190476190464,,0.2692307692307692
0.4794520547945205,,,0.10952380952380954,,0.38461538461538464
0.42028985507246375,,,0.038095238095238085,,0.2692307692307692
0.44594594594594594,,,0.45,,1.0
0.4117647058823529,,,0.08095238095238096,,0.38461538461538464
0.4927536231884058,,,0.038095238095238085,,0.3076923076923077
0.4805194805194805,,,0.45,,1.0
0.45454545454545453,,,0.07619047619047618,,0.38461538461538464
0.47058823529411764,,,0.09999999999999999,,0.32142857142857145
0.4852941176470588,,,0.09761904761904759,,0.2692307692307692
0.49333333333333335,,,0.14523809523809522,,0.5
0.47297297297297297,,,0.04523809523809522,,0.3076923076923077
0.4520547945205479,,,0.05714285714285714,,0.3076923076923077
0.4857142857142857,,,0.10952380952380951,,0.4230769230769231
0.47058823529411764,,,0.030952380952380943,,0.2692307692307692
0.5068493150684932,,,0.12619047619047621,,0.38461538461538464
0.49295774647887325,,,0.09285714285714287,,0.34615384615384615
0.49333333333333335,,,0.45,,1.0
0.47058823529411764,,,0.030952380952380943,,0.2692307692307692
0.47297297297297297,,,0.0880952380952381,,0.46153846153846156
0.5,,,0.08809523809523807,,0.34615384615384615
0.45588235294117646,,,0.11428571428571428,,0.38461538461538464
0.4782608695652174,,,0.061904761904761886,,0.19230769230769232
0.4492753623188406,,,0.059523809523809514,,0.38461538461538464
0.49333333333333335,,,0.45,,1.0
0.463768115942029,,,0.45,,1.0
0.5,,,0.05476190476190475,,0.34615384615384615
0.5205479452054794,,,0.45,,1.0
0.547945205479452,,,0.09047619047619052,,0.34615384615384615
0.45588235294117646,,,0.07857142857142857,,0.38461538461538464
0.4861111111111111,,,0.059523809523809514,,0.2692307692307692
0.4931506849315068,,,0.45,,1.0
0.463768115942029,,,0.13333333333333336,,0.4230769230769231
0.4852941176470588,,,0.1142857142857143,,0.4230769230769231
0.52,,,0.09523809523809525,,0.34615384615384615
0.45588235294117646,,,0.09761904761904759,,0.2692307692307692
0.49333333333333335,,,0.06904761904761902,,0.3076923076923077
0.5205479452054794,,,0.16190476190476188,,0.5769230769230769
0.49333333333333335,,,0.45,,1.0
0.527027027027027,,,0.09047619047619045,,0.34615384615384615
0.5135135135135135,,,0.45,,1.0
0.5,,,0.06428571428571427,,0.38461538461538464
0.527027027027027,,,0.18809523809523812,,0.4230769230769231
0.5,,,0.08571428571428572,,0.4230769230769231
0.5,,,0.14285714285714288,,0.34615384615384615
0.52,,,0.14047619047619045,,0.4230769230769231
0.4864864864864865,,,0.15476190476190474,,0.4230769230769231
0.4666666666666667,,,0.45,,1.0
0.5405405405405406,,,0.1357142857142857,,0.38461538461538464
0.4675324675324675,,,0.11785714285714284,,0.375
0.4594594594594595,,,0.45,,1.0
0.47297297297297297,,,0.15952380952380954,,0.38461538461538464
0.527027027027027,,,0.10476190476190479,,0.34615384615384615
0.5,,,0.15,,0.38461538461538464
0.4864864864864865,,,0.25476190476190474,,0.5384615384615384
0.47297297297297297,,,0.13809523809523808,,0.38461538461538464
0.4594594594594595,,,0.04999999999999998,,0.34615384615384615
0.5135135135135135,,,0.11666666666666667,,0.34615384615384615
0.47297297297297297,,,0.45,,1.0
0.527027027027027,,,0.1357142857142857,,0.46153846153846156
0.5675675675675675,,,0.14523809523809522,,0.46153846153846156
0.45454545454545453,,,0.45,,1.0
0.45454545454545453,,,0.09761904761904762,,0.38461538461538464
0.4864864864864865,,,0.06428571428571427,,0.2857142857142857
0.5,,,0.21904761904761907,,0.5
0.49333333333333335,,,0.061904761904761886,,0.38461538461538464
0.47297297297297297,,,0.13333333333333333,,0.3076923076923077
0.4864864864864865,,,0.16428571428571428,,0.34615384615384615
0.5,,,0.21190476190476187,,0.5384615384615384
0.527027027027027,,,0.12380952380952384,,0.3076923076923077
0.4864864864864865,,,0.038095238095238085,,0.23076923076923078
0.527027027027027,,,0.0476190476190476,,0.3076923076923077
0.49333333333333335,,,0.45,,1.0
0.527027027027027,,,0.15238095238095234,,0.34615384615384615
0.47297297297297297,,,0.1285714285714286,,0.46153846153846156
0.5540540540540541,,,0.07142857142857141,,0.46153846153846156
0.5,,,0.2261904761904762,,0.5384615384615384
0.5,,,0.09285714285714287,,0.3076923076923077
0.5,,,0.1380952380952381,,0.5
0.4533333333333333,,,0.45,,1.0
0.527027027027027,,,0.45,,1.0
0.4868421052631579,,,0.1380952380952381,,0.38461538461538464
0.4594594594594595,,,0.45,,1.0
0.4864864864864865,,,0.059523809523809514,,0.3076923076923077
0.4864864864864865,,,0.10952380952380954,,0.3076923076923077
0.527027027027027,,,0.19523809523809524,,0.38461538461538464
0.44594594594594594,,,0.45,,1.0
0.5,,,0.04999999999999998,,0.3076923076923077
0.5540540540540541,,,0.04523809523809522,,0.34615384615384615
0.48,,,0.054761904761904755,,0.3076923076923077
0.4864864864864865,,,0.21904761904761907,,0.46153846153846156
0.48,,,0.07142857142857142,,0.3076923076923077
0.5,,,0.0738095238095238,,0.34615384615384615
0.5066666666666667,,,0.45,,1.0
0.52,,,0.0,,0.0
0.49333333333333335,,,0.45,,1.0
0.48,,,0.45,,1.0
0.49333333333333335,,,0.45,,1.0
0.49333333333333335,,,0.45,,1.0
0.48,,,0.45,,1.0
0.52,,,0.45,,1.0
0.4666666666666667,,,0.0,,0.0
0.49333333333333335,,,0.45,,1.0
0.4805194805194805,,,0.5107142857142858,,1.0
0.48,,,0.0,,0.0
0.49333333333333335,,,0.45,,1.0
0.52,,,0.45,,1.0
0.48,,,0.45,,1.0
0.52,,,0.45,,1.0
0.48,,,0.45,,1.0
0.48,,,0.45,,1.0
0.5333333333333333,,,0.45,,1.0
0.4666666666666667,,,0.0,,0.0
0.52,,,0.45,,1.0
0.5466666666666666,,,0.45,,1.0
0.4675324675324675,,,0.0,,0.0
0.4805194805194805,,,0.45,,1.0
0.49333333333333335,,,0.4333333333333334,,1.0
0.49333333333333335,,,0.45,,1.0
0.4666666666666667,,,0.45,,1.0
0.49333333333333335,,,0.45,,1.0
0.4666666666666667,,,0.45,,1.0
0.49333333333333335,,,0.45,,1.0
0.5333333333333333,,,0.45,,1.0
0.52,,,0.45,,1.0
0.48,,,0.45,,1.0
0.49333333333333335,,,0.0,,0.0
0.5466666666666666,,,0.45,,1.0
0.5066666666666667,,,0.45,,1.0
0.56,,,0.45,,1.0
0.49333333333333335,,,0.45,,1.0
0.5333333333333333,,,0.45,,1.0
0.4666666666666667,,,0.45,,1.0
0.4266666666666667,,,0.0,,0.0
0.5066666666666667,,,0.0,,0.0
0.4605263157894737,,,0.45,,1.0
0.52,,,0.0,,0.0
0.52,,,0.45,,1.0
0.5066666666666667,,,0.45,,1.0
0.5333333333333333,,,0.45,,1.0
0.48,,,0.0,,0.0
0.56,,,0.45,,1.0
0.6,,,0.45,,1.0
0.48,,,0.45,,1.0
0.5066666666666667,,,0.45,,1.0
0.4666666666666667,,,0.45,,1.0
0.4666666666666667,,,0.45,,1.0
0.547945205479452,,,0.45,,1.0
0.4794520547945205,,,0.04523809523809522,,0.3076923076923077
0.4507042253521127,,,0.11666666666666672,,0.4230769230769231
0.43661971830985913,,,0.06666666666666664,,0.3076923076923077
0.4722222222222222,,,0.08095238095238097,,0.34615384615384615
0.48,,,0.06428571428571427,,0.3076923076923077
0.4788732394366197,,,0.08333333333333336,,0.2692307692307692
0.5066666666666667,,,0.45,,1.0
0.5070422535211268,,,0.11190476190476192,,0.5
0.45454545454545453,,,0.09166666666666666,,0.375
0.4931506849315068,,,0.45,,1.0
0.43661971830985913,,,0.0880952380952381,,0.2692307692307692
0.49295774647887325,,,0.0761904761904762,,0.38461538461538464
0.4444444444444444,,,0.11190476190476195,,0.46153846153846156
0.4788732394366197,,,0.1833333333333333,,0.4230769230769231
0.4383561643835616,,,0.08095238095238096,,0.3076923076923077
0.4794520547945205,,,0.06904761904761902,,0.38461538461538464
0.5070422535211268,,,0.08333333333333334,,0.4230769230769231
0.4594594594594595,,,0.45,,1.0
0.5070422535211268,,,0.0738095238095238,,0.34615384615384615
0.5633802816901409,,,0.09285714285714285,,0.4230769230769231
0.4805194805194805,,,0.45,,1.0
0.4675324675324675,,,0.04999999999999998,,0.3076923076923077
0.49295774647887325,,,0.04999999999999998,,0.35714285714285715
0.5070422535211268,,,0.1476190476190476,,0.34615384615384615
0.4533333333333333,,,0.052380952380952375,,0.2692307692307692
0.4594594594594595,,,0.07619047619047618,,0.4230769230769231
0.4657534246575342,,,0.10238095238095242,,0.38461538461538464
0.4647887323943662,,,0.14047619047619045,,0.38461538461538464
0.4507042253521127,,,0.08571428571428576,,0.34615384615384615
0.5068493150684932,,,0.05714285714285713,,0.3076923076923077
0.5070422535211268,,,0.061904761904761886,,0.38461538461538464
0.52,,,0.45,,1.0
0.5070422535211268,,,0.1142857142857143,,0.46153846153846156
0.47297297297297297,,,0.04761904761904761,,0.2692307692307692
0.5070422535211268,,,0.08095238095238094,,0.46153846153846156
0.5070422535211268,,,0.15476190476190474,,0.34615384615384615
0.4225352112676056,,,0.1261904761904762,,0.46153846153846156
0.4647887323943662,,,0.08571428571428573,,0.38461538461538464
0.4666666666666667,,,0.45,,1.0
0.49295774647887325,,,0.45,,1.0
0.4868421052631579,,,0.08571428571428572,,0.38461538461538464
0.4657534246575342,,,0.45,,1.0
0.5068493150684932,,,0.06428571428571427,,0.4230769230769231
0.49295774647887325,,,0.061904761904761886,,0.3076923076923077
0.4722222222222222,,,0.12380952380952384,,0.34615384615384615
0.4931506849315068,,,0.45,,1.0
0.4507042253521127,,,0.06904761904761902,,0.38461538461538464
0.5211267605633803,,,0.06428571428571427,,0.34615384615384615
0.4666666666666667,,,0.08809523809523807,,0.38461538461538464
0.49295774647887325,,,0.1476190476190476,,0.38461538461538464
0.4666666666666667,,,0.11428571428571428,,0.5
0.5205479452054794,,,0.07857142857142857,,0.3076923076923077
0.4657534246575342,,,0.45,,1.0
0.5068493150684932,,,0.45,,1.0
0.4931506849315068,,,0.45,,1.0
0.4657534246575342,,,0.45,,1.0
0.4666666666666667,,,0.45,,1.0
0.4657534246575342,,,0.45,,1.0
0.44,,,0.0,,0.0
0.4520547945205479,,,0.45,,1.0
0.45454545454545453,,,0.5107142857142858,,1.0
0.4657534246575342,,,0.0,,0.0
0.4794520547945205,,,0.45,,1.0
0.5205479452054794,,,0.45,,1.0
0.4657534246575342,,,0.45,,1.0
0.4657534246575342,,,0.45,,1.0
0.4657534246575342,,,0.45,,1.0
0.4794520547945205,,,0.45,,1.0
0.5205479452054794,,,0.45,,1.0
0.4594594594594595,,,0.0,,0.0
0.4931506849315068,,,0.45,,1.0
0.5068493150684932,,,0.45,,1.0
0.45454545454545453,,,0.0,,0.0
0.45454545454545453,,,0.45,,1.0
0.5068493150684932,,,0.4333333333333334,,1.0
0.5342465753424658,,,0.45,,1.0
0.48,,,0.45,,1.0
0.5,,,0.45,,1.0
0.4794520547945205,,,0.45,,1.0
0.5205479452054794,,,0.45,,1.0
0.5342465753424658,,,0.45,,1.0
0.4794520547945205,,,0.45,,1.0
0.4657534246575342,,,0.45,,1.0
0.4666666666666667,,,0.0,,0.0
0.547945205479452,,,0.45,,1.0
0.44594594594594594,,,0.45,,1.0
0.5205479452054794,,,0.45,,1.0
0.5342465753424658,,,0.45,,1.0
0.4794520547945205,,,0.45,,1.0
0.4520547945205479,,,0.45,,1.0
0.4666666666666667,,,0.0,,0.0
0.4931506849315068,,,0.0,,0.0
0.47368421052631576,,,0.45,,1.0
0.4794520547945205,,,0.0,,0.0
0.4657534246575342,,,0.45,,1.0
0.5205479452054794,,,0.45,,1.0
0.5068493150684932,,,0.45,,1.0
0.4383561643835616,,,0.0,,0.0
0.4931506849315068,,,0.45,,1.0
0.5616438356164384,,,0.45,,1.0
0.4533333333333333,,,0.45,,1.0
0.5342465753424658,,,0.45,,1.0
0.48,,,0.45,,1.0
0.4931506849315068,,,0.45,,1.0
0.5068493150684932,,,0.1285714285714286,,0.4230769230769231
0.4794520547945205,,,0.035714285714285705,,0.34615384615384615
0.4520547945205479,,,0.0880952380952381,,0.34615384615384615
0.4533333333333333,,,0.0857142857142857,,0.34615384615384615
0.4931506849315068,,,0.09999999999999999,,0.38461538461538464
0.48,,,0.45,,1.0
0.5205479452054794,,,0.08571428571428576,,0.38461538461538464
0.4935064935064935,,,0.07976190476190474,,0.4375
0.4657534246575342,,,0.45,,1.0
0.4931506849315068,,,0.09999999999999999,,0.3076923076923077
0.5616438356164384,,,0.04523809523809522,,0.3076923076923077
0.4794520547945205,,,0.09047619047619052,,0.38461538461538464
0.5068493150684932,,,0.19523809523809524,,0.38461538461538464
0.4794520547945205,,,0.07857142857142857,,0.3076923076923077
0.4931506849315068,,,0.033333333333333326,,0.2692307692307692
0.5342465753424658,,,0.05714285714285714,,0.3076923076923077
0.47297297297297297,,,0.45,,1.0
0.5342465753424658,,,0.08095238095238096,,0.34615384615384615
0.547945205479452,,,0.08571428571428576,,0.3076923076923077
0.4675324675324675,,,0.45,,1.0
0.4805194805194805,,,0.0476190476190476,,0.34615384615384615
0.5342465753424658,,,0.04761904761904761,,0.32142857142857145
0.547945205479452,,,0.15952380952380954,,0.38461538461538464
0.49333333333333335,,,0.06428571428571427,,0.34615384615384615
0.4864864864864865,,,0.0738095238095238,,0.3076923076923077
0.4794520547945205,,,0.10952380952380954,,0.38461538461538464
0.5068493150684932,,,0.15238095238095234,,0.34615384615384615
0.5068493150684932,,,0.06904761904761904,,0.34615384615384615
0.5068493150684932,,,0.04523809523809522,,0.3076923076923077
0.5068493150684932,,,0.035714285714285705,,0.3076923076923077
0.5066666666666667,,,0.45,,1.0
0.5616438356164384,,,0.09761904761904766,,0.46153846153846156
0.47297297297297297,,,0.06904761904761902,,0.34615384615384615
0.547945205479452,,,0.04523809523809522,,0.3076923076923077
0.5205479452054794,,,0.16666666666666666,,0.38461538461538464
0.4794520547945205,,,0.08571428571428573,,0.4230769230769231
0.5068493150684932,,,0.08333333333333334,,0.3076923076923077
0.4666666666666667,,,0.45,,1.0
0.5342465753424658,,,0.45,,1.0
0.5263157894736842,,,0.08333333333333336,,0.4230769230769231
0.4794520547945205,,,0.45,,1.0
0.5205479452054794,,,0.042857142857142844,,0.4230769230769231
0.5342465753424658,,,0.04999999999999998,,0.2692307692307692
0.5068493150684932,,,0.1357142857142857,,0.4230769230769231
0.4520547945205479,,,0.45,,1.0
0.4931506849315068,,,0.052380952380952375,,0.23076923076923078
0.589041095890411,,,0.0476190476190476,,0.34615384615384615
0.4666666666666667,,,0.05714285714285713,,0.34615384615384615
0.547945205479452,,,0.15952380952380954,,0.3076923076923077
0.5066666666666667,,,0.07857142857142858,,0.38461538461538464
0.5342465753424658,,,0.08571428571428576,,0.3076923076923077
0.38571428571428573,,,0.10238095238095238,,0.38461538461538464
0.4305555555555556,,,0.059523809523809514,,0.34615384615384615
0.4266666666666667,,,0.061904761904761886,,0.38461538461538464
0.391304347826087,,,0.033333333333333326,,0.23076923076923078
0.4266666666666667,,,0.45,,1.0
0.45588235294117646,,,0.06666666666666664,,0.34615384615384615
0.4155844155844156,,,0.13928571428571423,,0.4375
0.4383561643835616,,,0.45,,1.0
0.39705882352941174,,,0.02857142857142857,,0.23076923076923078
0.4117647058823529,,,0.08333333333333331,,0.3076923076923077
0.4166666666666667,,,0.04761904761904761,,0.2692307692307692
0.4264705882352941,,,0.06666666666666665,,0.23076923076923078
0.4520547945205479,,,0.059523809523809514,,0.34615384615384615
0.410958904109589,,,0.15238095238095237,,0.5
0.391304347826087,,,0.07142857142857141,,0.3076923076923077
0.3918918918918919,,,0.45,,1.0
0.4264705882352941,,,0.07619047619047618,,0.4230769230769231
0.463768115942029,,,0.05714285714285713,,0.34615384615384615
0.44155844155844154,,,0.45,,1.0
0.45454545454545453,,,0.09047619047619047,,0.3076923076923077
0.4411764705882353,,,0.13095238095238096,,0.32142857142857145
0.47058823529411764,,,0.05476190476190475,,0.3076923076923077
0.4266666666666667,,,0.16904761904761906,,0.4230769230769231
0.43243243243243246,,,0.06428571428571427,,0.38461538461538464
0.4246575342465753,,,0.042857142857142844,,0.19230769230769232
0.42857142857142855,,,0.07142857142857141,,0.38461538461538464
0.45588235294117646,,,0.06428571428571427,,0.3076923076923077
0.4520547945205479,,,0.17380952380952383,,0.4230769230769231
0.4647887323943662,,,0.14047619047619045,,0.34615384615384615
0.52,,,0.45,,1.0
0.4411764705882353,,,0.049999999999999996,,0.3076923076923077
0.4594594594594595,,,0.09285714285714287,,0.5
0.45588235294117646,,,0.13095238095238096,,0.38461538461538464
0.4264705882352941,,,0.06666666666666664,,0.34615384615384615
0.4492753623188406,,,0.10952380952380954,,0.38461538461538464
0.43478260869565216,,,0.08809523809523807,,0.5384615384615384
0.4266666666666667,,,0.45,,1.0
0.4492753623188406,,,0.45,,1.0
0.4605263157894737,,,0.06904761904761902,,0.46153846153846156
0.4657534246575342,,,0.45,,1.0
0.4931506849315068,,,0.1285714285714286,,0.34615384615384615
0.4411764705882353,,,0.07857142857142857,,0.3076923076923077
0.5138888888888888,,,0.016666666666666663,,0.19230769230769232
0.4383561643835616,,,0.45,,1.0
0.4927536231884058,,,0.18095238095238095,,0.5384615384615384
0.4852941176470588,,,0.14285714285714285,,0.34615384615384615
0.49333333333333335,,,0.14285714285714285,,0.4230769230769231
0.4411764705882353,,,0.054761904761904755,,0.38461538461538464
0.48,,,0.11666666666666665,,0.34615384615384615
0.4794520547945205,,,0.180952380952381,,0.38461538461538464
0.4166666666666667,,,0.06666666666666664,,0.34615384615384615
0.4666666666666667,,,0.059523809523809514,,0.2692307692307692
0.45714285714285713,,,0.0738095238095238,,0.4230769230769231
0.4666666666666667,,,0.45,,1.0
0.4857142857142857,,,0.06904761904761902,,0.34615384615384615
0.4805194805194805,,,0.09404761904761903,,0.4375
0.4657534246575342,,,0.45,,1.0
0.4142857142857143,,,0.0738095238095238,,0.34615384615384615
0.5,,,0.028571428571428564,,0.34615384615384615
0.4444444444444444,,,0.06904761904761902,,0.34615384615384615
0.4714285714285714,,,0.169047619047619,,0.4230769230769231
0.4520547945205479,,,0.05714285714285713,,0.34615384615384615
0.4520547945205479,,,0.04999999999999998,,0.23076923076923078
0.45714285714285713,,,0.040476190476190464,,0.2692307692307692
0.43243243243243246,,,0.45,,1.0
0.4142857142857143,,,0.06904761904761902,,0.34615384615384615
0.4714285714285714,,,0.059523809523809514,,0.2692307692307692
0.45454545454545453,,,0.45,,1.0
0.4805194805194805,,,0.035714285714285705,,0.34615384615384615
0.44285714285714284,,,0.06666666666666668,,0.42857142857142855
0.45714285714285713,,,0.13333333333333333,,0.3076923076923077
0.4666666666666667,,,0.08571428571428576,,0.3076923076923077
0.4594594594594595,,,0.05714285714285713,,0.38461538461538464
0.4520547945205479,,,0.08809523809523809,,0.38461538461538464
0.42857142857142855,,,0.13095238095238093,,0.46153846153846156
0.45714285714285713,,,0.052380952380952375,,0.34615384615384615
0.4246575342465753,,,0.07619047619047618,,0.34615384615384615
0.5070422535211268,,,0.052380952380952375,,0.38461538461538464
0.49333333333333335,,,0.45,,1.0
0.4857142857142857,,,0.07619047619047618,,0.23076923076923078
0.4189189189189189,,,0.07142857142857141,,0.34615384615384615
0.5,,,0.0476190476190476,,0.34615384615384615
0.44285714285714284,,,0.14047619047619045,,0.4230769230769231
0.45714285714285713,,,0.059523809523809514,,0.2692307692307692
0.45714285714285713,,,0.06666666666666664,,0.34615384615384615
0.48,,,0.45,,1.0
0.45714285714285713,,,0.45,,1.0
0.4605263157894737,,,0.05714285714285713,,0.2692307692307692
0.4657534246575342,,,0.45,,1.0
0.4931506849315068,,,0.04523809523809522,,0.34615384615384615
0.4714285714285714,,,0.061904761904761886,,0.4230769230769231
0.4861111111111111,,,0.10952380952380954,,0.3076923076923077
0.4657534246575342,,,0.45,,1.0
0.5,,,0.07857142857142857,,0.38461538461538464
0.5142857142857142,,,0.059523809523809514,,0.34615384615384615
0.48,,,0.04999999999999998,,0.34615384615384615
0.44285714285714284,,,0.13333333333333333,,0.38461538461538464
0.49333333333333335,,,0.05714285714285713,,0.38461538461538464
0.4520547945205479,,,0.10714285714285716,,0.46153846153846156
0.4666666666666667,,,0.030952380952380943,,0.2692307692307692
0.4583333333333333,,,0.035714285714285705,,0.2692307692307692
0.4666666666666667,,,0.45,,1.0
0.4861111111111111,,,0.05476190476190475,,0.38461538461538464
0.44155844155844154,,,0.09404761904761903,,0.34375
0.4657534246575342,,,0.45,,1.0
0.4444444444444444,,,0.04523809523809522,,0.2692307692307692
0.4861111111111111,,,0.07619047619047618,,0.38461538461538464
0.4166666666666667,,,0.04999999999999998,,0.2692307692307692
0.4583333333333333,,,0.11666666666666667,,0.38461538461538464
0.4657534246575342,,,0.038095238095238085,,0.34615384615384615
0.4520547945205479,,,0.11190476190476191,,0.38461538461538464
0.4583333333333333,,,0.06904761904761902,,0.2692307692307692
0.43243243243243246,,,0.45,,1.0
0.4305555555555556,,,0.04523809523809522,,0.38461538461538464
0.5,,,0.04999999999999998,,0.38461538461538464
0.45454545454545453,,,0.45,,1.0
0.4805194805194805,,,0.05476190476190475,,0.34615384615384615
0.4583333333333333,,,0.09523809523809526,,0.39285714285714285
0.4722222222222222,,,0.08095238095238096,,0.3076923076923077
0.49333333333333335,,,0.1285714285714286,,0.46153846153846156
0.47297297297297297,,,0.038095238095238085,,0.3076923076923077
0.4383561643835616,,,0.035714285714285705,,0.19230769230769232
0.4861111111111111,,,0.09285714285714285,,0.38461538461538464
0.4861111111111111,,,0.042857142857142844,,0.23076923076923078
0.4794520547945205,,,0.12380952380952384,,0.3076923076923077
0.5,,,0.10476190476190479,,0.38461538461538464
0.5066666666666667,,,0.45,,1.0
0.5138888888888888,,,0.05714285714285713,,0.3076923076923077
0.4864864864864865,,,0.042857142857142844,,0.3076923076923077
0.5,,,0.10952380952380954,,0.5
0.4583333333333333,,,0.0880952380952381,,0.38461538461538464
0.4722222222222222,,,0.09761904761904762,,0.38461538461538464
0.4861111111111111,,,0.0476190476190476,,0.38461538461538464
0.49333333333333335,,,0.45,,1.0
0.5,,,0.45,,1.0
0.4473684210526316,,,0.028571428571428564,,0.3076923076923077
0.4657534246575342,,,0.45,,1.0
0.5342465753424658,,,0.10238095238095239,,0.46153846153846156
0.4861111111111111,,,0.06190476190476189,,0.38461538461538464
0.4861111111111111,,,0.05714285714285713,,0.2692307692307692
0.4931506849315068,,,0.45,,1.0
0.4583333333333333,,,0.13095238095238096,,0.3076923076923077
0.5277777777777778,,,0.12142857142857147,,0.4230769230769231
0.49333333333333335,,,0.10238095238095238,,0.34615384615384615
0.4722222222222222,,,0.08095238095238096,,0.38461538461538464
0.48,,,0.1,,0.4230769230769231
0.4931506849315068,,,0.14999999999999997,,0.5384615384615384
0.49333333333333335,,,0.028571428571428564,,0.2692307692307692
0.44,,,0.45,,1.0
0.5066666666666667,,,0.07142857142857141,,0.4230769230769231
0.4675324675324675,,,0.0988095238095238,,0.40625
0.49333333333333335,,,0.45,,1.0
0.5333333333333333,,,0.033333333333333326,,0.2692307692307692
0.56,,,0.06904761904761902,,0.38461538461538464
0.48,,,0.06666666666666664,,0.3076923076923077
0.56,,,0.11904761904761904,,0.3076923076923077
0.5066666666666667,,,0.040476190476190464,,0.38461538461538464
0.4666666666666667,,,0.10952380952380954,,0.3076923076923077
0.5466666666666666,,,0.06666666666666664,,0.4230769230769231
0.49333333333333335,,,0.45,,1.0
0.5066666666666667,,,0.042857142857142844,,0.34615384615384615
0.5466666666666666,,,0.042857142857142844,,0.3076923076923077
0.44155844155844154,,,0.45,,1.0
0.4675324675324675,,,0.04761904761904761,,0.38461538461538464
0.5333333333333333,,,0.09285714285714289,,0.39285714285714285
0.5066666666666667,,,0.08333333333333333,,0.3076923076923077
0.48,,,0.11666666666666672,,0.38461538461538464
0.4533333333333333,,,0.040476190476190464,,0.38461538461538464
0.48,,,0.0476190476190476,,0.3076923076923077
0.5066666666666667,,,0.08095238095238094,,0.4230769230769231
0.5466666666666666,,,0.04523809523809522,,0.3076923076923077
0.48,,,0.12142857142857144,,0.34615384615384615
0.52,,,0.10238095238095239,,0.4230769230769231
0.49333333333333335,,,0.45,,1.0
0.56,,,0.06904761904761902,,0.38461538461538464
0.4666666666666667,,,0.04999999999999998,,0.3076923076923077
0.56,,,0.10714285714285714,,0.46153846153846156
0.5333333333333333,,,0.09047619047619046,,0.34615384615384615
0.5333333333333333,,,0.09999999999999999,,0.4230769230769231
0.4666666666666667,,,0.035714285714285705,,0.34615384615384615
0.4666666666666667,,,0.45,,1.0
0.49333333333333335,,,0.45,,1.0
0.5,,,0.026190476190476188,,0.2692307692307692
0.49333333333333335,,,0.45,,1.0
0.5066666666666667,,,0.09523809523809526,,0.34615384615384615
0.5466666666666666,,,0.06904761904761902,,0.46153846153846156
0.52,,,0.06428571428571427,,0.3076923076923077
0.4666666666666667,,,0.45,,1.0
0.5333333333333333,,,0.12857142857142856,,0.38461538461538464
0.5466666666666666,,,0.10952380952380954,,0.46153846153846156
0.4666666666666667,,,0.09999999999999999,,0.38461538461538464
0.5333333333333333,,,0.08333333333333333,,0.3076923076923077
0.49333333333333335,,,0.10238095238095238,,0.38461538461538464
0.5066666666666667,,,0.13809523809523808,,0.5
0.48,,,0.45,,1.0
0.4782608695652174,,,0.07142857142857141,,0.34615384615384615
0.5064935064935064,,,0.11071428571428572,,0.40625
0.4657534246575342,,,0.45,,1.0
0.4492753623188406,,,0.009523809523809523,,0.19230769230769232
0.42028985507246375,,,0.0738095238095238,,0.2692307692307692
0.4583333333333333,,,0.06666666666666664,,0.2692307692307692
0.43478260869565216,,,0.09999999999999999,,0.3076923076923077
0.4657534246575342,,,0.04523809523809522,,0.34615384615384615
0.4794520547945205,,,0.12380952380952381,,0.46153846153846156
0.42028985507246375,,,0.07142857142857141,,0.38461538461538464
0.44594594594594594,,,0.45,,1.0
0.4492753623188406,,,0.042857142857142844,,0.3076923076923077
0.5217391304347826,,,0.0476190476190476,,0.38461538461538464
0.4805194805194805,,,0.45,,1.0
0.45454545454545453,,,0.061904761904761886,,0.3076923076923077
0.4492753623188406,,,0.09761904761904766,,0.32142857142857145
0.4782608695652174,,,0.06428571428571427,,0.3076923076923077
0.49333333333333335,,,0.1357142857142857,,0.34615384615384615
0.47297297297297297,,,0.040476190476190464,,0.34615384615384615
0.4383561643835616,,,0.028571428571428564,,0.23076923076923078
0.44285714285714284,,,0.06666666666666665,,0.38461538461538464
0.4782608695652174,,,0.04523809523809522,,0.23076923076923078
0.4657534246575342,,,0.14047619047619045,,0.38461538461538464
0.4788732394366197,,,0.11190476190476191,,0.38461538461538464
0.49333333333333335,,,0.45,,1.0
0.463768115942029,,,0.06904761904761902,,0.38461538461538464
0.5,,,0.059523809523809514,,0.38461538461538464
0.4782608695652174,,,0.11190476190476191,,0.46153846153846156
0.463768115942029,,,0.07142857142857142,,0.3076923076923077
0.43478260869565216,,,0.1,,0.46153846153846156
0.463768115942029,,,0.05476190476190475,,0.38461538461538464
0.4666666666666667,,,0.45,,1.0
0.4492753623188406,,,0.45,,1.0
0.47368421052631576,,,0.04523809523809522,,0.3076923076923077
0.5068493150684932,,,0.45,,1.0
0.5068493150684932,,,0.09999999999999999,,0.34615384615384615
0.4492753623188406,,,0.05476190476190475,,0.38461538461538464
0.4861111111111111,,,0.040476190476190464,,0.23076923076923078
0.4794520547945205,,,0.45,,1.0
0.4492753623188406,,,0.14761904761904765,,0.34615384615384615
0.5072463768115942,,,0.11904761904761903,,0.38461538461538464
0.48,,,0.10952380952380954,,0.3076923076923077
0.463768115942029,,,0.06428571428571427,,0.34615384615384615
0.49333333333333335,,,0.10238095238095238,,0.38461538461538464
0.5068493150684932,,,0.15238095238095234,,0.4230769230769231
0.52,,,0.45,,1.0
0.4805194805194805,,,0.5107142857142858,,1.0
0.44,,,0.0,,0.0
0.52,,,0.45,,1.0
0.48,,,0.45,,1.0
0.4533333333333333,,,0.45,,1.0
0.52,,,0.45,,1.0
0.48,,,0.45,,1.0
0.48,,,0.45,,1.0
0.52,,,0.45,,1.0
0.4533333333333333,,,0.0,,0.0
0.5066666666666667,,,0.45,,1.0
0.56,,,0.45,,1.0
0.44155844155844154,,,0.0,,0.0
0.44155844155844154,,,0.45,,1.0
0.52,,,0.4333333333333334,,1.0
0.5466666666666666,,,0.45,,1.0
0.4666666666666667,,,0.45,,1.0
0.4533333333333333,,,0.45,,1.0
0.49333333333333335,,,0.45,,1.0
0.49333333333333335,,,0.45,,1.0
0.5466666666666666,,,0.45,,1.0
0.4666666666666667,,,0.45,,1.0
0.5333333333333333,,,0.45,,1.0
0.4666666666666667,,,0.0,,0.0
0.52,,,0.45,,1.0
0.4533333333333333,,,0.45,,1.0
0.5333333333333333,,,0.45,,1.0
0.52,,,0.45,,1.0
0.52,,,0.45,,1.0
0.49333333333333335,,,0.45,,1.0
0.4533333333333333,,,0.0,,0.0
0.4533333333333333,,,0.0,,0.0
0.47368421052631576,,,0.45,,1.0
0.49333333333333335,,,0.0,,0.0
0.52,,,0.45,,1.0
0.56,,,0.45,,1.0
0.5333333333333333,,,0.45,,1.0
0.49333333333333335,,,0.0,,0.0
0.48,,,0.45,,1.0
0.5733333333333334,,,0.45,,1.0
0.48,,,0.45,,1.0
0.5333333333333333,,,0.45,,1.0
0.52,,,0.45,,1.0
0.48,,,0.45,,1.0
0.5064935064935064,,,0.10833333333333331,,0.40625
0.4794520547945205,,,0.45,,1.0
0.47058823529411764,,,0.07142857142857141,,0.38461538461538464
0.5147058823529411,,,0.04523809523809522,,0.2692307692307692
0.4583333333333333,,,0.033333333333333326,,0.3076923076923077
0.4852941176470588,,,0.11904761904761907,,0.34615384615384615
0.4794520547945205,,,0.04523809523809522,,0.23076923076923078
0.4794520547945205,,,0.10476190476190479,,0.38461538461538464
0.463768115942029,,,0.038095238095238085,,0.3076923076923077
0.4594594594594595,,,0.45,,1.0
0.4411764705882353,,,0.08571428571428572,,0.38461538461538464
0.4927536231884058,,,0.042857142857142844,,0.38461538461538464
0.44155844155844154,,,0.45,,1.0
0.4935064935064935,,,0.07142857142857141,,0.34615384615384615
0.45588235294117646,,,0.09761904761904762,,0.42857142857142855
0.47058823529411764,,,0.08809523809523809,,0.34615384615384615
0.4666666666666667,,,0.15000000000000002,,0.5
0.4594594594594595,,,0.040476190476190464,,0.3076923076923077
0.4520547945205479,,,0.061904761904761886,,0.3076923076923077
0.44285714285714284,,,0.1142857142857143,,0.4230769230769231
0.45588235294117646,,,0.030952380952380946,,0.3076923076923077
0.4931506849315068,,,0.12619047619047621,,0.4230769230769231
0.5070422535211268,,,0.08809523809523813,,0.3076923076923077
0.49333333333333335,,,0.45,,1.0
0.5,,,0.026190476190476188,,0.2692307692307692
0.5135135135135135,,,0.0928571428571429,,0.38461538461538464
0.4852941176470588,,,0.08333333333333333,,0.38461538461538464
0.45588235294117646,,,0.10476190476190479,,0.4230769230769231
0.463768115942029,,,0.05714285714285713,,0.3076923076923077
0.4927536231884058,,,0.06428571428571427,,0.3076923076923077
0.49333333333333335,,,0.45,,1.0
0.4492753623188406,,,0.45,,1.0
0.47368421052631576,,,0.04523809523809522,,0.34615384615384615
0.4657534246575342,,,0.45,,1.0
0.4794520547945205,,,0.08571428571428576,,0.4230769230769231
0.45588235294117646,,,0.07857142857142858,,0.4230769230769231
0.5,,,0.06904761904761902,,0.34615384615384615
0.4931506849315068,,,0.45,,1.0
0.463768115942029,,,0.1285714285714286,,0.34615384615384615
0.5441176470588235,,,0.1142857142857143,,0.46153846153846156
0.4666666666666667,,,0.09047619047619046,,0.19230769230769232
0.45588235294117646,,,0.08809523809523809,,0.2692307692307692
0.5333333333333333,,,0.06428571428571427,,0.23076923076923078
0.4794520547945205,,,0.16666666666666663,,0.5769230769230769
0.4675324675324675,,,0.5107142857142858,,1.0
0.5454545454545454,,,0.1130952380952381,,0.4375
0.5064935064935064,,,0.10595238095238095,,0.46875
0.4805194805194805,,,0.125,,0.5
0.5064935064935064,,,0.16785714285714282,,0.4375
0.4935064935064935,,,0.10357142857142856,,0.40625
0.5194805194805194,,,0.094047619047619,,0.4375
0.5324675324675324,,,0.10833333333333332,,0.4375
0.4805194805194805,,,0.5107142857142858,,1.0
0.5194805194805194,,,0.09166666666666665,,0.375
0.5584415584415584,,,0.1130952380952381,,0.40625
0.4675324675324675,,,0.5107142857142858,,1.0
0.4675324675324675,,,0.08928571428571429,,0.40625
0.5844155844155844,,,0.10595238095238088,,0.40625
0.5324675324675324,,,0.13928571428571423,,0.4375
0.4675324675324675,,,0.12023809523809521,,0.40625
0.4935064935064935,,,0.10119047619047619,,0.4375
0.45454545454545453,,,0.10833333333333335,,0.40625
0.5194805194805194,,,0.1297619047619047,,0.4375
0.5194805194805194,,,0.10119047619047619,,0.4375
0.5064935064935064,,,0.09880952380952376,,0.3125
0.5064935064935064,,,0.09642857142857139,,0.4375
0.5324675324675324,,,0.5107142857142858,,1.0
0.5324675324675324,,,0.12499999999999997,,0.40625
0.5064935064935064,,,0.08214285714285713,,0.3125
0.5324675324675324,,,0.10595238095238094,,0.5
0.5194805194805194,,,0.13928571428571423,,0.40625
0.4935064935064935,,,0.11785714285714284,,0.40625
0.4675324675324675,,,0.08928571428571427,,0.4375
0.4675324675324675,,,0.5107142857142858,,1.0
0.5714285714285714,,,0.5107142857142858,,1.0
0.5064935064935064,,,0.0988095238095238,,0.375
0.5064935064935064,,,0.5107142857142858,,1.0
0.5454545454545454,,,0.10357142857142856,,0.4375
0.5454545454545454,,,0.09166666666666665,,0.40625
0.5064935064935064,,,0.13452380952380952,,0.40625
0.5064935064935064,,,0.5107142857142858,,1.0
0.4935064935064935,,,0.094047619047619,,0.3125
0.5714285714285714,,,0.11547619047619047,,0.53125
0.4935064935064935,,,0.09642857142857139,,0.46875
0.5454545454545454,,,0.14642857142857138,,0.4375
0.5064935064935064,,,0.12023809523809521,,0.46875
0.5194805194805194,,,0.14880952380952375,,0.5
0.4794520547945205,,,0.45,,1.0
0.5205479452054794,,,0.45,,1.0
0.4520547945205479,,,0.45,,1.0
0.4657534246575342,,,0.45,,1.0
0.4383561643835616,,,0.45,,1.0
0.4794520547945205,,,0.45,,1.0
0.4657534246575342,,,0.45,,1.0
0.44594594594594594,,,0.0,,0.0
0.4657534246575342,,,0.45,,1.0
0.5068493150684932,,,0.45,,1.0
0.42857142857142855,,,0.0,,0.0
0.42857142857142855,,,0.45,,1.0
0.4794520547945205,,,0.4333333333333334,,1.0
0.4794520547945205,,,0.45,,1.0
0.4666666666666667,,,0.45,,1.0
0.43243243243243246,,,0.45,,1.0
0.4657534246575342,,,0.45,,1.0
0.4794520547945205,,,0.45,,1.0
0.5068493150684932,,,0.45,,1.0
0.4931506849315068,,,0.45,,1.0
0.5068493150684932,,,0.45,,1.0
0.4533333333333333,,,0.0,,0.0
0.5205479452054794,,,0.45,,1.0
0.47297297297297297,,,0.45,,1.0
0.5205479452054794,,,0.45,,1.0
0.4794520547945205,,,0.45,,1.0
0.4931506849315068,,,0.45,,1.0
0.4657534246575342,,,0.45,,1.0
0.4266666666666667,,,0.0,,0.0
0.4794520547945205,,,0.0,,0.0
0.4605263157894737,,,0.45,,1.0
0.5068493150684932,,,0.0,,0.0
0.4657534246575342,,,0.45,,1.0
0.4657534246575342,,,0.45,,1.0
0.4520547945205479,,,0.45,,1.0
0.4520547945205479,,,0.0,,0.0
0.4657534246575342,,,0.45,,1.0
0.5616438356164384,,,0.45,,1.0
0.4533333333333333,,,0.45,,1.0
0.4931506849315068,,,0.45,,1.0
0.4533333333333333,,,0.45,,1.0
0.4794520547945205,,,0.45,,1.0
0.47058823529411764,,,0.06904761904761902,,0.34615384615384615
0.4305555555555556,,,0.06666666666666664,,0.3076923076923077
0.4852941176470588,,,0.09523809523809522,,0.2692307692307692
0.4794520547945205,,,0.040476190476190464,,0.34615384615384615
0.5068493150684932,,,0.12380952380952379,,0.34615384615384615
0.463768115942029,,,0.06666666666666664,,0.3076923076923077
0.4189189189189189,,,0.45,,1.0
0.45588235294117646,,,0.0476190476190476,,0.38461538461538464
0.4782608695652174,,,0.0476190476190476,,0.3076923076923077
0.45454545454545453,,,0.45,,1.0
0.4805194805194805,,,0.061904761904761886,,0.23076923076923078
0.45588235294117646,,,0.10238095238095242,,0.32142857142857145
0.5,,,0.059523809523809514,,0.2692307692307692
0.4666666666666667,,,0.14047619047619045,,0.34615384615384615
0.44594594594594594,,,0.040476190476190464,,0.3076923076923077
0.4794520547945205,,,0.028571428571428564,,0.3076923076923077
0.4857142857142857,,,0.06190476190476189,,0.3076923076923077
0.4852941176470588,,,0.04999999999999998,,0.3076923076923077
0.4931506849315068,,,0.14523809523809525,,0.34615384615384615
0.49295774647887325,,,0.11190476190476191,,0.38461538461538464
0.5333333333333333,,,0.45,,1.0
0.47058823529411764,,,0.06904761904761902,,0.38461538461538464
0.5135135135135135,,,0.06428571428571427,,0.38461538461538464
0.5,,,0.11190476190476191,,0.4230769230769231
0.45588235294117646,,,0.06666666666666665,,0.3076923076923077
0.463768115942029,,,0.1,,0.46153846153846156
0.43478260869565216,,,0.059523809523809514,,0.4230769230769231
0.48,,,0.45,,1.0
0.463768115942029,,,0.45,,1.0
0.5,,,0.05476190476190475,,0.38461538461538464
0.5068493150684932,,,0.45,,1.0
0.5068493150684932,,,0.1,,0.34615384615384615
0.4264705882352941,,,0.05476190476190475,,0.34615384615384615
0.5277777777777778,,,0.035714285714285705,,0.23076923076923078
0.4794520547945205,,,0.45,,1.0
0.4782608695652174,,,0.1523809523809524,,0.4230769230769231
0.5,,,0.11904761904761904,,0.38461538461538464
0.49333333333333335,,,0.11428571428571428,,0.34615384615384615
0.47058823529411764,,,0.059523809523809514,,0.34615384615384615
0.5066666666666667,,,0.10238095238095239,,0.4230769230769231
0.5205479452054794,,,0.15238095238095237,,0.38461538461538464
0.4583333333333333,,,0.04999999999999998,,0.3076923076923077
0.4852941176470588,,,0.15,,0.34615384615384615
0.4520547945205479,,,0.042857142857142844,,0.23076923076923078
0.4657534246575342,,,0.06904761904761902,,0.2692307692307692
0.463768115942029,,,0.016666666666666663,,0.23076923076923078
0.44594594594594594,,,0.45,,1.0
0.4393939393939394,,,0.0738095238095238,,0.38461538461538464
0.4927536231884058,,,0.04523809523809522,,0.34615384615384615
0.42857142857142855,,,0.45,,1.0
0.4675324675324675,,,0.05476190476190475,,0.4230769230769231
0.4393939393939394,,,0.06428571428571431,,0.39285714285714285
0.45588235294117646,,,0.11904761904761904,,0.34615384615384615
0.4666666666666667,,,0.10476190476190479,,0.38461538461538464
0.44594594594594594,,,0.052380952380952375,,0.38461538461538464
0.4520547945205479,,,0.07857142857142857,,0.34615384615384615
0.4857142857142857,,,0.12142857142857141,,0.38461538461538464
0.45454545454545453,,,0.038095238095238085,,0.23076923076923078
0.4794520547945205,,,0.09047619047619047,,0.4230769230769231
0.5352112676056338,,,0.05714285714285713,,0.3076923076923077
0.52,,,0.45,,1.0
0.4393939393939394,,,0.052380952380952375,,0.19230769230769232
0.47297297297297297,,,0.08095238095238097,,0.4230769230769231
0.4696969696969697,,,0.0476190476190476,,0.19230769230769232
0.417910447761194,,,0.13095238095238093,,0.38461538461538464
0.4492753623188406,,,0.059523809523809514,,0.38461538461538464
0.43478260869565216,,,0.07142857142857141,,0.34615384615384615
0.48,,,0.45,,1.0
0.4492753623188406,,,0.45,,1.0
0.4868421052631579,,,0.06666666666666664,,0.38461538461538464
0.5205479452054794,,,0.45,,1.0
0.5068493150684932,,,0.04523809523809522,,0.23076923076923078
0.4626865671641791,,,0.0476190476190476,,0.34615384615384615
0.4583333333333333,,,0.09047619047619045,,0.34615384615384615
0.5068493150684932,,,0.45,,1.0
0.4492753623188406,,,0.09761904761904766,,0.46153846153846156
0.48484848484848486,,,0.06904761904761902,,0.3076923076923077
0.48,,,0.06428571428571427,,0.34615384615384615
0.4696969696969697,,,0.11904761904761903,,0.4230769230769231
0.4666666666666667,,,0.052380952380952375,,0.34615384615384615
0.5068493150684932,,,0.12142857142857147,,0.38461538461538464
0.4861111111111111,,,0.10476190476190479,,0.3076923076923077
0.4794520547945205,,,0.04523809523809522,,0.34615384615384615
0.4794520547945205,,,0.1142857142857143,,0.34615384615384615
0.4444444444444444,,,0.042857142857142844,,0.2692307692307692
0.4189189189189189,,,0.45,,1.0
0.4583333333333333,,,0.08571428571428573,,0.4230769230769231
0.4722222222222222,,,0.042857142857142844,,0.3076923076923077
0.45454545454545453,,,0.45,,1.0
0.45454545454545453,,,0.07142857142857141,,0.34615384615384615
0.4861111111111111,,,0.10476190476190476,,0.39285714285714285
0.5,,,0.08809523809523809,,0.2692307692307692
0.4666666666666667,,,0.14047619047619045,,0.5
0.47297297297297297,,,0.04523809523809522,,0.34615384615384615
0.410958904109589,,,0.05714285714285713,,0.3076923076923077
0.4583333333333333,,,0.1142857142857143,,0.46153846153846156
0.5138888888888888,,,0.035714285714285705,,0.23076923076923078
0.4520547945205479,,,0.1357142857142857,,0.38461538461538464
0.4583333333333333,,,0.10238095238095242,,0.38461538461538464
0.49333333333333335,,,0.45,,1.0
0.5,,,0.021428571428571425,,0.3076923076923077
0.4594594594594595,,,0.09285714285714289,,0.4230769230769231
0.5277777777777778,,,0.09285714285714285,,0.3076923076923077
0.4861111111111111,,,0.10952380952380954,,0.4230769230769231
0.4583333333333333,,,0.07142857142857141,,0.2692307692307692
0.4583333333333333,,,0.06904761904761902,,0.4230769230769231
0.48,,,0.45,,1.0
0.4861111111111111,,,0.45,,1.0
0.4868421052631579,,,0.05476190476190475,,0.3076923076923077
0.4794520547945205,,,0.45,,1.0
0.4931506849315068,,,0.09523809523809527,,0.38461538461538464
0.4861111111111111,,,0.08333333333333334,,0.4230769230769231
0.4722222222222222,,,0.049999999999999996,,0.2692307692307692
0.4931506849315068,,,0.45,,1.0
0.4722222222222222,,,0.14285714285714288,,0.4230769230769231
0.5277777777777778,,,0.11428571428571432,,0.38461538461538464
0.49333333333333335,,,0.10476190476190479,,0.3076923076923077
0.4722222222222222,,,0.0880952380952381,,0.2692307692307692
0.4666666666666667,,,0.07857142857142856,,0.34615384615384615
0.4931506849315068,,,0.1571428571428571,,0.5384615384615384
0.4520547945205479,,,0.11666666666666667,,0.3076923076923077
0.4931506849315068,,,0.219047619047619,,0.4230769230769231
0.4492753623188406,,,0.13809523809523808,,0.34615384615384615
0.43243243243243246,,,0.45,,1.0
0.45588235294117646,,,0.11904761904761903,,0.2692307692307692
0.5072463768115942,,,0.10952380952380954,,0.2692307692307692
0.4675324675324675,,,0.45,,1.0
0.44155844155844154,,,0.15714285714285708,,0.46153846153846156
0.45588235294117646,,,0.1976190476190477,,0.39285714285714285
0.45588235294117646,,,0.035714285714285705,,0.15384615384615385
0.4666666666666667,,,0.23571428571428568,,0.5
0.4594594594594595,,,0.12142857142857144,,0.38461538461538464
0.4520547945205479,,,0.09047619047619052,,0.23076923076923078
0.44285714285714284,,,0.042857142857142844,,0.19230769230769232
0.45588235294117646,,,0.13095238095238096,,0.34615384615384615
0.5068493150684932,,,0.2404761904761905,,0.46153846153846156
0.4788732394366197,,,0.20714285714285716,,0.46153846153846156
0.4666666666666667,,,0.45,,1.0
0.4852941176470588,,,0.10714285714285716,,0.34615384615384615
0.4864864864864865,,,0.14523809523809522,,0.38461538461538464
0.47058823529411764,,,0.19761904761904753,,0.38461538461538464
0.4264705882352941,,,0.028571428571428564,,0.15384615384615385
0.43478260869565216,,,0.17619047619047615,,0.5
0.4782608695652174,,,0.11666666666666667,,0.3076923076923077
0.44,,,0.45,,1.0
0.43478260869565216,,,0.45,,1.0
0.47368421052631576,,,0.11666666666666667,,0.3076923076923077
0.4794520547945205,,,0.45,,1.0
0.4931506849315068,,,0.19523809523809524,,0.4230769230769231
0.47058823529411764,,,0.14523809523809522,,0.3076923076923077
0.4722222222222222,,,0.059523809523809514,,0.23076923076923078
0.4931506849315068,,,0.45,,1.0
0.4492753623188406,,,0.24761904761904757,,0.5384615384615384
0.5,,,0.2095238095238095,,0.5
0.48,,,0.2095238095238095,,0.46153846153846156
0.4411764705882353,,,0.035714285714285705,,0.23076923076923078
0.49333333333333335,,,0.18333333333333332,,0.5384615384615384
0.4931506849315068,,,0.24761904761904763,,0.5384615384615384
0.4794520547945205,,,0.10238095238095239,,0.34615384615384615
0.5068493150684932,,,0.040476190476190464,,0.23076923076923078
0.43243243243243246,,,0.45,,1.0
0.5205479452054794,,,0.040476190476190464,,0.34615384615384615
0.5342465753424658,,,0.021428571428571422,,0.23076923076923078
0.45454545454545453,,,0.45,,1.0
0.45454545454545453,,,0.04999999999999998,,0.38461538461538464
0.4931506849315068,,,0.08095238095238096,,0.2857142857142857
0.4794520547945205,,,0.0857142857142857,,0.34615384615384615
0.4533333333333333,,,0.1285714285714286,,0.4230769230769231
0.44594594594594594,,,0.0238095238095238,,0.3076923076923077
0.4794520547945205,,,0.04523809523809522,,0.38461538461538464
0.4931506849315068,,,0.07857142857142857,,0.3076923076923077
0.5205479452054794,,,0.033333333333333326,,0.3076923076923077
0.4794520547945205,,,0.12380952380952384,,0.38461538461538464
0.5205479452054794,,,0.09047619047619052,,0.3076923076923077
0.49333333333333335,,,0.45,,1.0
0.5342465753424658,,,0.042857142857142844,,0.3076923076923077
0.47297297297297297,,,0.0476190476190476,,0.4230769230769231
0.4794520547945205,,,0.08095238095238094,,0.34615384615384615
0.4794520547945205,,,0.09285714285714285,,0.38461538461538464
0.4657534246575342,,,0.07857142857142856,,0.4230769230769231
0.4931506849315068,,,0.038095238095238085,,0.2692307692307692
0.48,,,0.45,,1.0
0.4931506849315068,,,0.45,,1.0
0.47368421052631576,,,0.042857142857142844,,0.38461538461538464
0.5205479452054794,,,0.45,,1.0
0.4931506849315068,,,0.07857142857142858,,0.34615384615384615
0.4931506849315068,,,0.0476190476190476,,0.3076923076923077
0.4931506849315068,,,0.05714285714285713,,0.3076923076923077
0.4794520547945205,,,0.45,,1.0
0.4931506849315068,,,0.13095238095238096,,0.34615384615384615
0.5616438356164384,,,0.09761904761904762,,0.3076923076923077
0.49333333333333335,,,0.09285714285714285,,0.34615384615384615
0.4931506849315068,,,0.0857142857142857,,0.34615384615384615
0.48,,,0.0761904761904762,,0.3076923076923077
0.4931506849315068,,,0.14047619047619045,,0.4230769230769231
0.4794520547945205,,,0.08095238095238094,,0.3076923076923077
0.44594594594594594,,,0.45,,1.0
0.5068493150684932,,,0.10952380952380955,,0.34615384615384615
0.547945205479452,,,0.10952380952380954,,0.2692307692307692
0.42857142857142855,,,0.45,,1.0
0.4675324675324675,,,0.061904761904761886,,0.38461538461538464
0.4794520547945205,,,0.05476190476190475,,0.42857142857142855
0.4657534246575342,,,0.1833333333333333,,0.34615384615384615
0.4533333333333333,,,0.0738095238095238,,0.38461538461538464
0.47297297297297297,,,0.09761904761904762,,0.4230769230769231
0.410958904109589,,,0.13333333333333333,,0.4230769230769231
0.4931506849315068,,,0.17619047619047615,,0.46153846153846156
0.5205479452054794,,,0.09285714285714283,,0.38461538461538464
0.4794520547945205,,,0.05476190476190475,,0.38461538461538464
0.5342465753424658,,,0.035714285714285705,,0.3076923076923077
0.5333333333333333,,,0.45,,1.0
0.547945205479452,,,0.11666666666666667,,0.3076923076923077
0.4864864864864865,,,0.10238095238095239,,0.4230769230769231
0.5205479452054794,,,0.026190476190476188,,0.23076923076923078
0.5205479452054794,,,0.1904761904761904,,0.38461538461538464
0.4794520547945205,,,0.07142857142857142,,0.38461538461538464
0.4794520547945205,,,0.10714285714285714,,0.38461538461538464
0.4666666666666667,,,0.45,,1.0
0.5205479452054794,,,0.45,,1.0
0.4868421052631579,,,0.10714285714285716,,0.34615384615384615
0.4931506849315068,,,0.45,,1.0
0.5342465753424658,,,0.038095238095238085,,0.38461538461538464
0.4794520547945205,,,0.0738095238095238,,0.34615384615384615
0.5205479452054794,,,0.1595238095238095,,0.4230769230769231
0.4520547945205479,,,0.45,,1.0
0.4931506849315068,,,0.038095238095238085,,0.38461538461538464
0.5342465753424658,,,0.038095238095238085,,0.34615384615384615
0.44,,,0.03333333333333332,,0.38461538461538464
0.4931506849315068,,,0.18333333333333332,,0.4230769230769231
0.49333333333333335,,,0.06428571428571427,,0.38461538461538464
0.4931506849315068,,,0.09523809523809525,,0.4230769230769231
0.40540540540540543,,,0.45,,1.0
0.463768115942029,,,0.07142857142857141,,0.4230769230769231
0.463768115942029,,,0.038095238095238085,,0.3076923076923077
0.45454545454545453,,,0.45,,1.0
0.4675324675324675,,,0.0476190476190476,,0.4230769230769231
0.5217391304347826,,,0.06904761904761907,,0.2857142857142857
0.43478260869565216,,,0.11666666666666667,,0.38461538461538464
0.44,,,0.12142857142857148,,0.46153846153846156
0.4594594594594595,,,0.04523809523809522,,0.4230769230769231
0.4520547945205479,,,0.07142857142857141,,0.23076923076923078
0.42857142857142855,,,0.11904761904761907,,0.4230769230769231
0.42028985507246375,,,0.030952380952380943,,0.19230769230769232
0.5068493150684932,,,0.10238095238095242,,0.38461538461538464
0.43661971830985913,,,0.06904761904761902,,0.3076923076923077
0.52,,,0.45,,1.0
0.4927536231884058,,,0.040476190476190464,,0.23076923076923078
0.47297297297297297,,,0.07857142857142858,,0.5
0.4927536231884058,,,0.059523809523809514,,0.2692307692307692
0.463768115942029,,,0.1285714285714286,,0.38461538461538464
0.4057971014492754,,,0.061904761904761886,,0.34615384615384615
0.42028985507246375,,,0.06904761904761902,,0.38461538461538464
0.4666666666666667,,,0.45,,1.0
0.4927536231884058,,,0.45,,1.0
0.47368421052631576,,,0.06428571428571427,,0.4230769230769231
0.5068493150684932,,,0.45,,1.0
0.4794520547945205,,,0.061904761904761886,,0.23076923076923078
0.4782608695652174,,,0.04999999999999998,,0.3076923076923077
0.4444444444444444,,,0.07857142857142856,,0.2692307692307692
0.4657534246575342,,,0.45,,1.0
0.43478260869565216,,,0.10952380952380954,,0.4230769230769231
0.5507246376811594,,,0.08571428571428572,,0.3076923076923077
0.4666666666666667,,,0.07142857142857141,,0.38461538461538464
0.4927536231884058,,,0.11666666666666667,,0.4230769230769231
0.4666666666666667,,,0.059523809523809514,,0.34615384615384615
0.4931506849315068,,,0.1380952380952381,,0.38461538461538464
0.5,,,0.45,,1.0
0.527027027027027,,,0.45,,1.0
0.45454545454545453,,,0.0,,0.0
0.4935064935064935,,,0.45,,1.0
0.527027027027027,,,0.4333333333333334,,1.0
0.5405405405405406,,,0.45,,1.0
0.4666666666666667,,,0.45,,1.0
0.4864864864864865,,,0.45,,1.0
0.4864864864864865,,,0.45,,1.0
0.4864864864864865,,,0.45,,1.0
0.527027027027027,,,0.45,,1.0
0.4864864864864865,,,0.45,,1.0
0.5135135135135135,,,0.45,,1.0
0.48,,,0.0,,0.0
0.5,,,0.45,,1.0
0.4864864864864865,,,0.45,,1.0
0.5540540540540541,,,0.45,,1.0
0.4864864864864865,,,0.45,,1.0
0.4864864864864865,,,0.45,,1.0
0.5,,,0.45,,1.0
0.44,,,0.0,,0.0
0.4864864864864865,,,0.0,,0.0
0.4605263157894737,,,0.45,,1.0
0.47297297297297297,,,0.0,,0.0
0.5,,,0.45,,1.0
0.5,,,0.45,,1.0
0.5,,,0.45,,1.0
0.5,,,0.0,,0.0
0.5,,,0.45,,1.0
0.5405405405405406,,,0.45,,1.0
0.49333333333333335,,,0.45,,1.0
0.4864864864864865,,,0.45,,1.0
0.4666666666666667,,,0.45,,1.0
0.5,,,0.45,,1.0
0.463768115942029,,,0.0476190476190476,,0.23076923076923078
0.4675324675324675,,,0.45,,1.0
0.45454545454545453,,,0.05714285714285714,,0.4230769230769231
0.4090909090909091,,,0.08809523809523813,,0.35714285714285715
0.4264705882352941,,,0.08333333333333333,,0.3076923076923077
0.48,,,0.12142857142857141,,0.4230769230769231
0.4864864864864865,,,0.05476190476190475,,0.4230769230769231
0.4246575342465753,,,0.052380952380952375,,0.34615384615384615
0.45714285714285713,,,0.07619047619047617,,0.2692307692307692
0.42424242424242425,,,0.059523809523809514,,0.38461538461538464
0.4794520547945205,,,0.12142857142857141,,0.38461538461538464
0.4788732394366197,,,0.09285714285714289,,0.38461538461538464
0.5066666666666667,,,0.45,,1.0
0.42424242424242425,,,0.08333333333333336,,0.34615384615384615
0.4594594594594595,,,0.026190476190476188,,0.2692307692307692
0.4393939393939394,,,0.10714285714285716,,0.3076923076923077
0.43283582089552236,,,0.09047619047619045,,0.2692307692307692
0.43478260869565216,,,0.11428571428571428,,0.4230769230769231
0.4492753623188406,,,0.035714285714285705,,0.23076923076923078
0.4533333333333333,,,0.45,,1.0
0.4782608695652174,,,0.45,,1.0
0.47368421052631576,,,0.04523809523809522,,0.23076923076923078
0.4657534246575342,,,0.45,,1.0
0.4931506849315068,,,0.09523809523809526,,0.38461538461538464
0.417910447761194,,,0.04999999999999998,,0.3076923076923077
0.5,,,0.06904761904761904,,0.4230769230769231
0.4657534246575342,,,0.45,,1.0
0.4927536231884058,,,0.1285714285714286,,0.38461538461538464
0.45454545454545453,,,0.10476190476190476,,0.38461538461538464
0.4533333333333333,,,0.09523809523809525,,0.4230769230769231
0.4393939393939394,,,0.08333333333333333,,0.34615384615384615
0.48,,,0.11666666666666667,,0.5
0.4931506849315068,,,0.13809523809523808,,0.46153846153846156
0.4805194805194805,,,0.45,,1.0
0.4805194805194805,,,0.06666666666666664,,0.4230769230769231
0.5072463768115942,,,0.09761904761904765,,0.39285714285714285
0.5217391304347826,,,0.08333333333333331,,0.34615384615384615
0.49333333333333335,,,0.1357142857142857,,0.46153846153846156
0.47297297297297297,,,0.04523809523809522,,0.4230769230769231
0.4794520547945205,,,0.052380952380952375,,0.38461538461538464
0.4857142857142857,,,0.0857142857142857,,0.3076923076923077
0.5217391304347826,,,0.035714285714285705,,0.38461538461538464
0.5068493150684932,,,0.130952380952381,,0.4230769230769231
0.49295774647887325,,,0.09761904761904763,,0.34615384615384615
0.5333333333333333,,,0.45,,1.0
0.5507246376811594,,,0.035714285714285705,,0.2692307692307692
0.4864864864864865,,,0.059523809523809514,,0.34615384615384615
0.5217391304347826,,,0.0880952380952381,,0.23076923076923078
0.463768115942029,,,0.09047619047619047,,0.3076923076923077
0.463768115942029,,,0.07619047619047618,,0.34615384615384615
0.4782608695652174,,,0.040476190476190464,,0.3076923076923077
0.49333333333333335,,,0.45,,1.0
0.5072463768115942,,,0.45,,1.0
0.4868421052631579,,,0.030952380952380946,,0.3076923076923077
0.5068493150684932,,,0.45,,1.0
0.5342465753424658,,,0.08571428571428573,,0.2692307692307692
0.4492753623188406,,,0.06428571428571427,,0.34615384615384615
0.4861111111111111,,,0.04999999999999998,,0.3076923076923077
0.5205479452054794,,,0.45,,1.0
0.5072463768115942,,,0.1380952380952381,,0.46153846153846156
0.5652173913043478,,,0.09999999999999999,,0.3076923076923077
0.4666666666666667,,,0.1,,0.4230769230769231
0.4927536231884058,,,0.08333333333333331,,0.34615384615384615
0.52,,,0.07380952380952381,,0.4230769230769231
0.4931506849315068,,,0.15238095238095234,,0.5
0.42857142857142855,,,0.45,,1.0
0.4935064935064935,,,0.4333333333333334,,1.0
0.5064935064935064,,,0.45,,1.0
0.4675324675324675,,,0.45,,1.0
0.4675324675324675,,,0.45,,1.0
0.42857142857142855,,,0.45,,1.0
0.4935064935064935,,,0.45,,1.0
0.5064935064935064,,,0.45,,1.0
0.5194805194805194,,,0.45,,1.0
0.5454545454545454,,,0.45,,1.0
0.5064935064935064,,,0.0,,0.0
0.5064935064935064,,,0.45,,1.0
0.45454545454545453,,,0.45,,1.0
0.5324675324675324,,,0.45,,1.0
0.5064935064935064,,,0.45,,1.0
0.4935064935064935,,,0.45,,1.0
0.4675324675324675,,,0.45,,1.0
0.45454545454545453,,,0.0,,0.0
0.5064935064935064,,,0.0,,0.0
0.45454545454545453,,,0.45,,1.0
0.4675324675324675,,,0.0,,0.0
0.5324675324675324,,,0.45,,1.0
0.5454545454545454,,,0.45,,1.0
0.4805194805194805,,,0.45,,1.0
0.45454545454545453,,,0.0,,0.0
0.5194805194805194,,,0.45,,1.0
0.5714285714285714,,,0.45,,1.0
0.4805194805194805,,,0.45,,1.0
0.5194805194805194,,,0.45,,1.0
0.4675324675324675,,,0.45,,1.0
0.5324675324675324,,,0.45,,1.0
0.5584415584415584,,,0.054761904761904776,,0.42857142857142855
0.5324675324675324,,,0.12142857142857144,,0.34615384615384615
0.4935064935064935,,,0.08809523809523813,,0.4230769230769231
0.4935064935064935,,,0.035714285714285705,,0.19230769230769232
0.4935064935064935,,,0.07142857142857141,,0.38461538461538464
0.5064935064935064,,,0.1142857142857143,,0.46153846153846156
0.5454545454545454,,,0.04999999999999998,,0.38461538461538464
0.5324675324675324,,,0.08333333333333333,,0.3076923076923077
0.5454545454545454,,,0.05476190476190475,,0.2692307692307692
0.5324675324675324,,,0.45,,1.0
0.5584415584415584,,,0.08333333333333333,,0.38461538461538464
0.5194805194805194,,,0.05476190476190475,,0.38461538461538464
0.5844155844155844,,,0.06904761904761902,,0.4230769230769231
0.5324675324675324,,,0.12857142857142861,,0.38461538461538464
0.5194805194805194,,,0.07619047619047617,,0.38461538461538464
0.5194805194805194,,,0.059523809523809514,,0.46153846153846156
0.4935064935064935,,,0.45,,1.0
0.5194805194805194,,,0.45,,1.0
0.4935064935064935,,,0.06428571428571427,,0.46153846153846156
0.5194805194805194,,,0.45,,1.0
0.5584415584415584,,,0.06190476190476189,,0.4230769230769231
0.5844155844155844,,,0.05476190476190475,,0.38461538461538464
0.5324675324675324,,,0.09761904761904763,,0.38461538461538464
0.5064935064935064,,,0.45,,1.0
0.5324675324675324,,,0.09047619047619046,,0.34615384615384615
0.6103896103896104,,,0.07142857142857141,,0.34615384615384615
0.5064935064935064,,,0.05714285714285713,,0.3076923076923077
0.5454545454545454,,,0.12142857142857147,,0.3076923076923077
0.5194805194805194,,,0.07857142857142856,,0.34615384615384615
0.5064935064935064,,,0.10000000000000005,,0.4230769230769231
0.45588235294117646,,,0.1619047619047619,,0.42857142857142855
0.48,,,0.0642857142857143,,0.42857142857142855
0.5,,,0.07619047619047623,,0.32142857142857145
0.4657534246575342,,,0.10714285714285716,,0.32142857142857145
0.44285714285714284,,,0.1547619047619048,,0.32142857142857145
0.4090909090909091,,,0.07142857142857144,,0.32142857142857145
0.4931506849315068,,,0.052380952380952375,,0.2857142857142857
0.5211267605633803,,,0.040476190476190464,,0.32142857142857145
0.5333333333333333,,,0.4333333333333334,,1.0
0.4307692307692308,,,0.10952380952380954,,0.4642857142857143
0.4594594594594595,,,0.08571428571428576,,0.42857142857142855
0.4461538461538462,,,0.059523809523809514,,0.35714285714285715
0.43283582089552236,,,0.16904761904761909,,0.42857142857142855
0.4492753623188406,,,0.10238095238095242,,0.4642857142857143
0.42028985507246375,,,0.09047619047619047,,0.39285714285714285
0.44,,,0.4333333333333334,,1.0
0.4782608695652174,,,0.4333333333333334,,1.0
0.5,,,0.10000000000000002,,0.5
0.4931506849315068,,,0.4333333333333334,,1.0
0.5068493150684932,,,0.040476190476190464,,0.2857142857142857
0.417910447761194,,,0.052380952380952375,,0.32142857142857145
0.5138888888888888,,,0.13809523809523808,,0.32142857142857145
0.4931506849315068,,,0.4333333333333334,,1.0
0.4927536231884058,,,0.0785714285714286,,0.39285714285714285
0.4461538461538462,,,0.05476190476190475,,0.39285714285714285
0.5066666666666667,,,0.06666666666666667,,0.42857142857142855
0.38461538461538464,,,0.1619047619047619,,0.4642857142857143
0.52,,,0.08809523809523813,,0.42857142857142855
0.5205479452054794,,,0.07380952380952384,,0.32142857142857145
0.4666666666666667,,,0.20000000000000004,,0.38461538461538464
0.4864864864864865,,,0.08571428571428573,,0.3076923076923077
0.4383561643835616,,,0.05476190476190475,,0.3076923076923077
0.44285714285714284,,,0.04523809523809522,,0.2692307692307692
0.5,,,0.09523809523809522,,0.2692307692307692
0.4794520547945205,,,0.20476190476190484,,0.46153846153846156
0.5211267605633803,,,0.17142857142857146,,0.4230769230769231
0.5066666666666667,,,0.45,,1.0
0.45588235294117646,,,0.09047619047619046,,0.34615384615384615
0.4594594594594595,,,0.10952380952380955,,0.34615384615384615
0.47058823529411764,,,0.16666666666666663,,0.4230769230769231
0.45588235294117646,,,0.030952380952380943,,0.15384615384615385
0.43478260869565216,,,0.14047619047619048,,0.38461538461538464
0.4782608695652174,,,0.08095238095238094,,0.3076923076923077
0.49333333333333335,,,0.45,,1.0
0.4492753623188406,,,0.45,,1.0
0.4868421052631579,,,0.08095238095238093,,0.2692307692307692
0.4520547945205479,,,0.45,,1.0
0.5205479452054794,,,0.1595238095238095,,0.46153846153846156
0.47058823529411764,,,0.10952380952380955,,0.34615384615384615
0.5,,,0.042857142857142844,,0.23076923076923078
0.4794520547945205,,,0.45,,1.0
0.4782608695652174,,,0.2119047619047619,,0.46153846153846156
0.5294117647058824,,,0.17380952380952383,,0.46153846153846156
0.4666666666666667,,,0.1738095238095238,,0.38461538461538464
0.45588235294117646,,,0.019047619047619042,,0.15384615384615385
0.5066666666666667,,,0.15238095238095237,,0.5
0.5342465753424658,,,0.21190476190476187,,0.5
0.44,,,0.12380952380952386,,0.46153846153846156
0.4666666666666667,,,0.15476190476190474,,0.5
0.5066666666666667,,,0.1928571428571428,,0.4230769230769231
0.5333333333333333,,,0.12380952380952386,,0.38461538461538464
0.49333333333333335,,,0.033333333333333326,,0.34615384615384615
0.52,,,0.061904761904761886,,0.38461538461538464
0.49333333333333335,,,0.45,,1.0
0.56,,,0.15714285714285708,,0.5
0.48,,,0.09523809523809525,,0.34615384615384615
0.5466666666666666,,,0.09523809523809526,,0.4230769230769231
0.52,,,0.20714285714285713,,0.38461538461538464
0.5466666666666666,,,0.13571428571428573,,0.46153846153846156
0.49333333333333335,,,0.1285714285714286,,0.4230769230769231
0.4666666666666667,,,0.45,,1.0
0.5333333333333333,,,0.45,,1.0
0.47368421052631576,,,0.12857142857142861,,0.4230769230769231
0.52,,,0.45,,1.0
0.5066666666666667,,,0.06428571428571427,,0.38461538461538464
0.5466666666666666,,,0.10952380952380954,,0.4230769230769231
0.5066666666666667,,,0.17619047619047618,,0.5
0.49333333333333335,,,0.45,,1.0
0.5333333333333333,,,0.059523809523809514,,0.4230769230769231
0.6133333333333333,,,0.059523809523809514,,0.38461538461538464
0.4533333333333333,,,0.09285714285714285,,0.34615384615384615
0.5333333333333333,,,0.20000000000000004,,0.46153846153846156
0.49333333333333335,,,0.1190476190476191,,0.46153846153846156
0.52,,,0.040476190476190464,,0.2692307692307692
0.43243243243243246,,,0.04523809523809522,,0.34615384615384615
0.5,,,0.07857142857142858,,0.38461538461538464
0.5135135135135135,,,0.038095238095238085,,0.34615384615384615
0.527027027027027,,,0.11904761904761907,,0.38461538461538464
0.5405405405405406,,,0.08571428571428572,,0.34615384615384615
0.52,,,0.45,,1.0
0.527027027027027,,,0.05714285714285713,,0.34615384615384615
0.43243243243243246,,,0.061904761904761886,,0.4230769230769231
0.5675675675675675,,,0.08095238095238094,,0.38461538461538464
0.5540540540540541,,,0.09285714285714287,,0.34615384615384615
0.4864864864864865,,,0.07857142857142856,,0.34615384615384615
0.4864864864864865,,,0.042857142857142844,,0.3076923076923077
0.48,,,0.45,,1.0
0.5135135135135135,,,0.45,,1.0
0.47368421052631576,,,0.0476190476190476,,0.4230769230769231
0.4864864864864865,,,0.45,,1.0
0.5,,,0.08333333333333333,,0.46153846153846156
0.527027027027027,,,0.052380952380952375,,0.38461538461538464
0.4864864864864865,,,0.06666666666666664,,0.38461538461538464
0.5,,,0.45,,1.0
0.5,,,0.1261904761904762,,0.34615384615384615
0.5675675675675675,,,0.09761904761904763,,0.34615384615384615
0.48,,,0.08809523809523809,,0.3076923076923077
0.5405405405405406,,,0.08571428571428573,,0.2692307692307692
0.49333333333333335,,,0.08095238095238094,,0.2692307692307692
0.5,,,0.13571428571428573,,0.46153846153846156
0.4383561643835616,,,0.07142857142857141,,0.38461538461538464
0.5205479452054794,,,0.040476190476190464,,0.19230769230769232
0.4931506849315068,,,0.15000000000000002,,0.34615384615384615
0.5205479452054794,,,0.12142857142857141,,0.38461538461538464
0.48,,,0.45,,1.0
0.5205479452054794,,,0.06428571428571427,,0.2692307692307692
0.4864864864864865,,,0.06904761904761904,,0.4230769230769231
0.5205479452054794,,,0.1214285714285714,,0.4230769230769231
0.5068493150684932,,,0.07142857142857141,,0.34615384615384615
0.4794520547945205,,,0.09523809523809525,,0.46153846153846156
0.4931506849315068,,,0.059523809523809514,,0.46153846153846156
0.4666666666666667,,,0.45,,1.0
0.5205479452054794,,,0.45,,1.0
0.47368421052631576,,,0.05476190476190475,,0.34615384615384615
0.4931506849315068,,,0.45,,1.0
0.4931506849315068,,,0.10952380952380954,,0.38461538461538464
0.5342465753424658,,,0.06428571428571427,,0.2692307692307692
0.4794520547945205,,,0.030952380952380943,,0.23076923076923078
0.4657534246575342,,,0.45,,1.0
0.5068493150684932,,,0.15714285714285714,,0.46153846153846156
0.589041095890411,,,0.13809523809523808,,0.4230769230769231
0.4666666666666667,,,0.11904761904761904,,0.38461538461538464
0.5342465753424658,,,0.06428571428571427,,0.34615384615384615
0.44,,,0.10714285714285716,,0.38461538461538464
0.5068493150684932,,,0.1714285714285714,,0.5
0.45714285714285713,,,0.11190476190476191,,0.46153846153846156
0.5342465753424658,,,0.1976190476190476,,0.46153846153846156
0.5211267605633803,,,0.16428571428571428,,0.4230769230769231
0.5066666666666667,,,0.45,,1.0
0.5,,,0.11666666666666667,,0.46153846153846156
0.47297297297297297,,,0.10238095238095238,,0.34615384615384615
0.5285714285714286,,,0.15476190476190477,,0.38461538461538464
0.42857142857142855,,,0.019047619047619042,,0.19230769230769232
0.45714285714285713,,,0.15714285714285714,,0.5384615384615384
0.4857142857142857,,,0.07380952380952381,,0.2692307692307692
0.4666666666666667,,,0.45,,1.0
0.5,,,0.45,,1.0
0.5131578947368421,,,0.09285714285714285,,0.38461538461538464
0.5342465753424658,,,0.45,,1.0
0.5068493150684932,,,0.1571428571428571,,0.46153846153846156
0.44285714285714284,,,0.10238095238095238,,0.3076923076923077
0.5,,,0.06428571428571427,,0.38461538461538464
0.4931506849315068,,,0.45,,1.0
0.45714285714285713,,,0.20476190476190476,,0.5
0.6,,,0.16666666666666666,,0.46153846153846156
0.4666666666666667,,,0.16666666666666669,,0.5
0.4857142857142857,,,0.059523809523809514,,0.2692307692307692
0.5066666666666667,,,0.15476190476190477,,0.5384615384615384
0.5342465753424658,,,0.20476190476190476,,0.46153846153846156
0.4931506849315068,,,0.10952380952380955,,0.4230769230769231
0.49295774647887325,,,0.08095238095238096,,0.38461538461538464
0.5333333333333333,,,0.45,,1.0
0.45454545454545453,,,0.038095238095238085,,0.2692307692307692
0.4864864864864865,,,0.06666666666666665,,0.46153846153846156
0.48484848484848486,,,0.08095238095238093,,0.3076923076923077
0.4626865671641791,,,0.11190476190476191,,0.4230769230769231
0.463768115942029,,,0.054761904761904755,,0.3076923076923077
0.4927536231884058,,,0.0476190476190476,,0.38461538461538464
0.49333333333333335,,,0.45,,1.0
0.4492753623188406,,,0.45,,1.0
0.47368421052631576,,,0.042857142857142844,,0.34615384615384615
0.4794520547945205,,,0.45,,1.0
0.5205479452054794,,,0.06904761904761904,,0.3076923076923077
0.44776119402985076,,,0.05714285714285713,,0.3076923076923077
0.4861111111111111,,,0.07142857142857141,,0.34615384615384615
0.4794520547945205,,,0.45,,1.0
0.463768115942029,,,0.11666666666666667,,0.38461538461538464
0.48484848484848486,,,0.10238095238095239,,0.4230769230769231
0.5066666666666667,,,0.07857142857142856,,0.3076923076923077
0.45454545454545453,,,0.09523809523809522,,0.34615384615384615
0.5333333333333333,,,0.06666666666666665,,0.38461538461538464
0.5342465753424658,,,0.1452380952380952,,0.5
0.4794520547945205,,,0.042857142857142844,,0.2692307692307692
0.5066666666666667,,,0.45,,1.0
0.5342465753424658,,,0.14285714285714282,,0.46153846153846156
0.4864864864864865,,,0.09523809523809525,,0.3076923076923077
0.547945205479452,,,0.07619047619047618,,0.46153846153846156
0.5068493150684932,,,0.2119047619047619,,0.5
0.4794520547945205,,,0.10714285714285718,,0.4230769230769231
0.4931506849315068,,,0.12380952380952384,,0.46153846153846156
0.5066666666666667,,,0.45,,1.0
0.5068493150684932,,,0.45,,1.0
0.4605263157894737,,,0.12380952380952384,,0.46153846153846156
0.5068493150684932,,,0.45,,1.0
0.5205479452054794,,,0.04999999999999998,,0.34615384615384615
0.5205479452054794,,,0.09523809523809522,,0.38461538461538464
0.4794520547945205,,,0.18095238095238103,,0.3076923076923077
0.4657534246575342,,,0.45,,1.0
0.5205479452054794,,,0.035714285714285705,,0.2692307692307692
0.589041095890411,,,0.04999999999999998,,0.38461538461538464
0.4666666666666667,,,0.059523809523809514,,0.34615384615384615
0.4931506849315068,,,0.20476190476190484,,0.4230769230769231
0.4533333333333333,,,0.08571428571428573,,0.34615384615384615
0.4794520547945205,,,0.059523809523809514,,0.3076923076923077
0.5066666666666667,,,0.45,,1.0
0.5352112676056338,,,0.10476190476190479,,0.34615384615384615
0.4594594594594595,,,0.09523809523809526,,0.4230769230769231
0.5352112676056338,,,0.042857142857142844,,0.34615384615384615
0.5352112676056338,,,0.17857142857142863,,0.4230769230769231
0.4507042253521127,,,0.07857142857142856,,0.34615384615384615
0.4507042253521127,,,0.09523809523809529,,0.46153846153846156
0.4666666666666667,,,0.45,,1.0
0.5070422535211268,,,0.45,,1.0
0.5,,,0.10000000000000002,,0.4230769230769231
0.4794520547945205,,,0.45,,1.0
0.5342465753424658,,,0.026190476190476188,,0.3076923076923077
0.5352112676056338,,,0.061904761904761886,,0.3076923076923077
0.4861111111111111,,,0.14761904761904762,,0.34615384615384615
0.4931506849315068,,,0.45,,1.0
0.49295774647887325,,,0.05476190476190475,,0.3076923076923077
0.5774647887323944,,,0.035714285714285705,,0.34615384615384615
0.4666666666666667,,,0.040476190476190464,,0.3076923076923077
0.49295774647887325,,,0.17142857142857146,,0.5
0.4533333333333333,,,0.061904761904761886,,0.2692307692307692
0.4794520547945205,,,0.07857142857142857,,0.34615384615384615
0.5733333333333334,,,0.45,,1.0
0.4666666666666667,,,0.45,,1.0
0.56,,,0.45,,1.0
0.5333333333333333,,,0.45,,1.0
0.52,,,0.45,,1.0
0.49333333333333335,,,0.45,,1.0
0.4533333333333333,,,0.0,,0.0
0.52,,,0.0,,0.0
0.4868421052631579,,,0.45,,1.0
0.5066666666666667,,,0.0,,0.0
0.5066666666666667,,,0.45,,1.0
0.52,,,0.45,,1.0
0.5066666666666667,,,0.45,,1.0
0.4666666666666667,,,0.0,,0.0
0.5066666666666667,,,0.45,,1.0
0.5733333333333334,,,0.45,,1.0
0.4666666666666667,,,0.45,,1.0
0.52,,,0.45,,1.0
0.4666666666666667,,,0.45,,1.0
0.49333333333333335,,,0.45,,1.0
0.44594594594594594,,,0.09047619047619053,,0.4230769230769231
0.47692307692307695,,,0.09523809523809522,,0.2692307692307692
0.43283582089552236,,,0.11190476190476191,,0.4230769230769231
0.4927536231884058,,,0.0738095238095238,,0.3076923076923077
0.4782608695652174,,,0.06666666666666665,,0.4230769230769231
0.4666666666666667,,,0.45,,1.0
0.4492753623188406,,,0.45,,1.0
0.5,,,0.0476190476190476,,0.2692307692307692
0.4794520547945205,,,0.45,,1.0
0.4931506849315068,,,0.09285714285714287,,0.2692307692307692
0.4925373134328358,,,0.08095238095238097,,0.38461538461538464
0.5,,,0.052380952380952375,,0.3076923076923077
0.4931506849315068,,,0.45,,1.0
0.4927536231884058,,,0.1452380952380952,,0.46153846153846156
0.47692307692307695,,,0.12142857142857144,,0.34615384615384615
0.4533333333333333,,,0.10714285714285716,,0.4230769230769231
0.4153846153846154,,,0.09047619047619046,,0.38461538461538464
0.44,,,0.08095238095238096,,0.34615384615384615
0.5205479452054794,,,0.17380952380952377,,0.5769230769230769
0.527027027027027,,,0.10952380952380954,,0.46153846153846156
0.5135135135135135,,,0.11666666666666665,,0.34615384615384615
0.5,,,0.12142857142857141,,0.46153846153846156
0.5135135135135135,,,0.052380952380952375,,0.2692307692307692
0.48,,,0.45,,1.0
0.527027027027027,,,0.45,,1.0
0.4868421052631579,,,0.05714285714285713,,0.3076923076923077
0.4864864864864865,,,0.45,,1.0
0.5540540540540541,,,0.09761904761904763,,0.4230769230769231
0.5135135135135135,,,0.061904761904761886,,0.4230769230769231
0.527027027027027,,,0.08571428571428573,,0.46153846153846156
0.4864864864864865,,,0.45,,1.0
0.4864864864864865,,,0.10238095238095238,,0.2692307692307692
0.5675675675675675,,,0.10238095238095239,,0.4230769230769231
0.4666666666666667,,,0.09761904761904763,,0.34615384615384615
0.5135135135135135,,,0.10952380952380954,,0.34615384615384615
0.4666666666666667,,,0.12380952380952384,,0.5384615384615384
0.4864864864864865,,,0.12142857142857141,,0.46153846153846156
0.4925373134328358,,,0.17380952380952377,,0.4230769230769231
0.4782608695652174,,,0.059523809523809514,,0.38461538461538464
0.463768115942029,,,0.10476190476190476,,0.38461538461538464
0.49333333333333335,,,0.45,,1.0
0.463768115942029,,,0.45,,1.0
0.5131578947368421,,,0.10476190476190479,,0.38461538461538464
0.5205479452054794,,,0.45,,1.0
0.5342465753424658,,,0.035714285714285705,,0.2692307692307692
0.47761194029850745,,,0.05714285714285714,,0.3076923076923077
0.5416666666666666,,,0.13809523809523808,,0.38461538461538464
0.5068493150684932,,,0.45,,1.0
0.4782608695652174,,,0.059523809523809514,,0.38461538461538464
0.43548387096774194,,,0.04999999999999998,,0.34615384615384615
0.52,,,0.040476190476190464,,0.38461538461538464
0.4307692307692308,,,0.16666666666666666,,0.46153846153846156
0.5333333333333333,,,0.052380952380952375,,0.38461538461538464
0.5205479452054794,,,0.11666666666666667,,0.46153846153846156
0.4927536231884058,,,0.15714285714285714,,0.5
0.463768115942029,,,0.08809523809523807,,0.2692307692307692
0.49333333333333335,,,0.45,,1.0
0.4927536231884058,,,0.45,,1.0
0.5131578947368421,,,0.08809523809523807,,0.2692307692307692
0.5342465753424658,,,0.45,,1.0
0.547945205479452,,,0.16666666666666666,,0.46153846153846156
0.4925373134328358,,,0.11666666666666665,,0.2692307692307692
0.5,,,0.059523809523809514,,0.38461538461538464
0.4794520547945205,,,0.45,,1.0
0.5217391304347826,,,0.219047619047619,,0.46153846153846156
0.5373134328358209,,,0.18095238095238092,,0.5
0.48,,,0.18095238095238092,,0.5
0.47761194029850745,,,0.04523809523809522,,0.19230769230769232
0.5066666666666667,,,0.1595238095238095,,0.5769230769230769
0.5205479452054794,,,0.21904761904761907,,0.46153846153846156
0.42028985507246375,,,0.10238095238095239,,0.34615384615384615
0.4666666666666667,,,0.45,,1.0
0.4492753623188406,,,0.45,,1.0
0.47368421052631576,,,0.09285714285714285,,0.3076923076923077
0.4657534246575342,,,0.45,,1.0
0.4794520547945205,,,0.07142857142857141,,0.34615384615384615
0.463768115942029,,,0.09761904761904763,,0.46153846153846156
0.5,,,0.11666666666666667,,0.38461538461538464
0.5068493150684932,,,0.45,,1.0
0.463768115942029,,,0.08571428571428576,,0.38461538461538464
0.4782608695652174,,,0.08095238095238094,,0.34615384615384615
0.48,,,0.052380952380952375,,0.38461538461538464
0.4492753623188406,,,0.14047619047619045,,0.3076923076923077
0.48,,,0.030952380952380943,,0.2692307692307692
0.4794520547945205,,,0.1523809523809524,,0.5384615384615384
0.48,,,0.45,,1.0
0.463768115942029,,,0.45,,1.0
0.4868421052631579,,,0.02857142857142857,,0.3076923076923077
0.5068493150684932,,,0.45,,1.0
0.4931506849315068,,,0.09285714285714289,,0.4230769230769231
0.5072463768115942,,,0.07142857142857142,,0.34615384615384615
0.5277777777777778,,,0.08095238095238094,,0.46153846153846156
0.4794520547945205,,,0.45,,1.0
0.4492753623188406,,,0.13095238095238096,,0.3076923076923077
0.4927536231884058,,,0.10714285714285716,,0.46153846153846156
0.49333333333333335,,,0.09285714285714289,,0.3076923076923077
0.4492753623188406,,,0.08095238095238094,,0.23076923076923078
0.49333333333333335,,,0.10476190476190479,,0.38461538461538464
0.4931506849315068,,,0.14999999999999994,,0.5384615384615384
0.5066666666666667,,,0.0,,0.0
0.4868421052631579,,,0.45,,1.0
0.4533333333333333,,,0.0,,0.0
0.5066666666666667,,,0.45,,1.0
0.49333333333333335,,,0.45,,1.0
0.5333333333333333,,,0.45,,1.0
0.48,,,0.0,,0.0
0.5066666666666667,,,0.45,,1.0
0.5466666666666666,,,0.45,,1.0
0.4533333333333333,,,0.45,,1.0
0.52,,,0.45,,1.0
0.49333333333333335,,,0.45,,1.0
0.48,,,0.45,,1.0
0.5,,,0.45,,1.0
0.5068493150684932,,,0.0,,0.0
0.5068493150684932,,,0.45,,1.0
0.4782608695652174,,,0.45,,1.0
0.4722222222222222,,,0.45,,1.0
0.4794520547945205,,,0.0,,0.0
0.5072463768115942,,,0.45,,1.0
0.5072463768115942,,,0.45,,1.0
0.49333333333333335,,,0.45,,1.0
0.463768115942029,,,0.45,,1.0
0.48,,,0.45,,1.0
0.4794520547945205,,,0.45,,1.0
0.4868421052631579,,,0.45,,1.0
0.5131578947368421,,,0.09285714285714289,,0.38461538461538464
0.5131578947368421,,,0.0761904761904762,,0.4230769230769231
0.5263157894736842,,,0.06666666666666664,,0.3076923076923077
0.4605263157894737,,,0.45,,1.0
0.4605263157894737,,,0.13095238095238096,,0.3076923076923077
0.5657894736842105,,,0.10714285714285714,,0.38461538461538464
0.4605263157894737,,,0.09761904761904763,,0.4230769230769231
0.5394736842105263,,,0.08095238095238093,,0.2692307692307692
0.4868421052631579,,,0.09523809523809526,,0.46153846153846156
0.4868421052631579,,,0.14999999999999997,,0.5384615384615384
0.4931506849315068,,,0.45,,1.0
0.6027397260273972,,,0.45,,1.0
0.4794520547945205,,,0.45,,1.0
0.4794520547945205,,,0.0,,0.0
0.5068493150684932,,,0.45,,1.0
0.6164383561643836,,,0.45,,1.0
0.5466666666666666,,,0.45,,1.0
0.547945205479452,,,0.45,,1.0
0.48,,,0.45,,1.0
0.5068493150684932,,,0.45,,1.0
0.4657534246575342,,,0.059523809523809514,,0.38461538461538464
0.4931506849315068,,,0.1357142857142857,,0.34615384615384615
0.4794520547945205,,,0.45,,1.0
0.4931506849315068,,,0.06666666666666665,,0.38461538461538464
0.5616438356164384,,,0.042857142857142844,,0.34615384615384615
0.44,,,0.0476190476190476,,0.34615384615384615
0.5068493150684932,,,0.15952380952380954,,0.5
0.48,,,0.059523809523809514,,0.38461538461538464
0.4794520547945205,,,0.09047619047619052,,0.46153846153846156
0.4861111111111111,,,0.08571428571428572,,0.34615384615384615
0.5068493150684932,,,0.45,,1.0
0.4927536231884058,,,0.10238095238095239,,0.46153846153846156
0.5074626865671642,,,0.07857142857142858,,0.38461538461538464
0.5066666666666667,,,0.08333333333333333,,0.4230769230769231
0.44776119402985076,,,0.10952380952380954,,0.4230769230769231
0.5066666666666667,,,0.09047619047619046,,0.38461538461538464
0.5068493150684932,,,0.12142857142857147,,0.34615384615384615
0.5068493150684932,,,0.45,,1.0
0.5,,,0.18809523809523812,,0.5
0.5555555555555556,,,0.15,,0.38461538461538464
0.48,,,0.15,,0.4230769230769231
0.5,,,0.052380952380952375,,0.34615384615384615
0.56,,,0.12380952380952379,,0.34615384615384615
0.5068493150684932,,,0.18809523809523812,,0.4230769230769231
0.5342465753424658,,,0.45,,1.0
0.5205479452054794,,,0.45,,1.0
0.48,,,0.45,,1.0
0.4931506849315068,,,0.45,,1.0
0.4666666666666667,,,0.45,,1.0
0.4794520547945205,,,0.45,,1.0
0.5072463768115942,,,0.05714285714285713,,0.4230769230769231
0.48,,,0.038095238095238085,,0.2692307692307692
0.463768115942029,,,0.21190476190476196,,0.46153846153846156
0.5066666666666667,,,0.07380952380952381,,0.38461538461538464
0.4794520547945205,,,0.0857142857142857,,0.4230769230769231
0.49333333333333335,,,0.0476190476190476,,0.38461538461538464
0.4461538461538462,,,0.1738095238095238,,0.46153846153846156
0.5333333333333333,,,0.059523809523809514,,0.34615384615384615
0.5205479452054794,,,0.07142857142857141,,0.23076923076923078
0.52,,,0.17380952380952383,,0.4230769230769231
0.52,,,0.035714285714285705,,0.23076923076923078
0.5466666666666666,,,0.10952380952380954,,0.5384615384615384
0.49333333333333335,,,0.1523809523809524,,0.4230769230769231
0.5205479452054794,,,0.2119047619047619,,0.5384615384615384
0.52,,,0.13095238095238101,,0.5
