CompressionDistanceMetric,LeniencyMetric,SolvabilityMetric,AStarDiversityMetric,AStarDifficultyMetric,AStarEditDistanceDiversityMetric
0.4444444444444444,0.6940298507462687,1.0,0.22500000000000003,0.3584905660377358,0.7407407407407407
0.5416666666666666,0.7981651376146789,1.0,0.22619047619047633,0.038834951456310676,0.7037037037037037
0.4583333333333333,1.0,1.0,0.2071428571428573,0.04285714285714286,0.5925925925925926
0.5,0.696969696969697,1.0,0.4142857142857144,0.0761904761904762,0.725
0.4861111111111111,0.7073170731707317,1.0,0.2988095238095238,0.5853658536585366,0.7666666666666667
0.5,0.8421052631578947,1.0,0.22380952380952396,0.45714285714285713,0.5925925925925926
0.4794520547945205,0.9428571428571428,1.0,0.40357142857142864,0.0782608695652174,0.8666666666666668
0.47297297297297297,0.5607476635514018,1.0,0.3309523809523809,0.2840909090909091,0.6078431372549019
0.44594594594594594,0.808,1.0,0.21428571428571447,0.273972602739726,0.5555555555555556
0.4861111111111111,0.8529411764705882,1.0,0.15,0.20720720720720723,0.5555555555555556
0.4861111111111111,0.6788321167883211,1.0,0.23095238095238096,0.14678899082568808,0.7142857142857143
0.4861111111111111,0.8571428571428571,1.0,0.20476190476190492,0.19469026548672566,0.5925925925925926
0.4444444444444444,0.7767857142857143,1.0,0.2690476190476191,0.1326530612244898,0.7037037037037037
0.5068493150684932,0.9530201342281879,1.0,0.32261904761904764,0.0,0.6486486486486487
0.5,0.6206896551724138,1.0,0.19166666666666668,0.7790697674418605,0.6222222222222222
0.4861111111111111,0.6355140186915887,1.0,0.3047619047619047,0.4583333333333333,0.7407407407407407
0.4583333333333333,0.8954248366013072,1.0,0.26547619047619053,0.0,0.7407407407407407
0.4722222222222222,0.9318181818181818,1.0,0.3857142857142858,0.0,0.7222222222222222
0.4520547945205479,0.7459016393442623,1.0,0.20595238095238105,0.4470588235294118,0.5925925925925926
0.47297297297297297,0.8309859154929577,1.0,0.2369047619047619,0.11016949152542373,0.5
0.47297297297297297,0.6859504132231405,1.0,0.31309523809523804,0.32222222222222224,0.7352941176470589
0.47368421052631576,0.5338983050847458,1.0,0.1369047619047619,0.6395348837209303,0.44827586206896547
0.4861111111111111,0.8450704225352113,1.0,0.31547619047619047,0.24137931034482757,0.8
0.4722222222222222,0.852112676056338,1.0,0.24404761904761907,0.6194690265486725,0.6296296296296297
0.4861111111111111,0.8523489932885906,1.0,0.21428571428571447,0.008130081300813009,0.5925925925925926
0.4861111111111111,0.9333333333333333,1.0,0.3416666666666667,0.12195121951219512,0.6428571428571429
0.4166666666666667,0.6410256410256411,1.0,0.23095238095238108,0.5443037974683544,0.5555555555555556
0.44594594594594594,0.934640522875817,1.0,0.25238095238095254,0.09523809523809523,0.6296296296296297
0.4444444444444444,0.8244274809160306,1.0,0.2857142857142857,0.0,0.8055555555555556
0.4861111111111111,0.8368794326241135,1.0,0.2476190476190478,0.5714285714285714,0.5925925925925926
0.527027027027027,0.7847222222222222,1.0,0.3321428571428571,0.20512820512820512,0.8484848484848484
0.5,0.7901234567901234,1.0,0.14761904761904765,0.28,0.525
0.4864864864864865,0.8545454545454545,1.0,0.14761904761904762,0.09859154929577464,0.4814814814814815
0.5342465753424658,0.7226277372262774,1.0,0.2547619047619048,0.6306306306306306,0.8
0.4861111111111111,0.5588235294117647,1.0,0.23095238095238108,0.46153846153846156,0.5555555555555556
0.4722222222222222,0.948051948051948,1.0,0.2380952380952383,0.11811023622047243,0.5555555555555556
0.44594594594594594,0.922077922077922,1.0,0.2678571428571429,0.3858267716535433,0.5151515151515151
0.4605263157894737,0.6204379562043796,1.0,0.19642857142857142,0.1650485436893204,0.625
0.4722222222222222,0.9007633587786259,1.0,0.22380952380952399,0.5,0.5555555555555556
0.5205479452054794,0.9113924050632911,1.0,0.3428571428571428,0.42748091603053434,0.6153846153846154
0.4861111111111111,0.7333333333333333,1.0,0.26904761904761904,0.7125,0.8571428571428571
0.4722222222222222,0.7698412698412699,1.0,0.27142857142857146,0.3669724770642202,0.7407407407407407
0.4583333333333333,0.8421052631578947,1.0,0.25714285714285723,0.0,0.6666666666666666
0.44594594594594594,0.9487179487179487,1.0,0.09166666666666669,0.0,0.38235294117647056
0.4666666666666667,0.6464646464646465,1.0,0.18333333333333326,0.4375,0.6274509803921569
0.4027777777777778,0.9180327868852459,1.0,0.3488095238095238,0.05084745762711864,0.5757575757575758
0.4931506849315068,0.6476190476190476,1.0,0.18333333333333332,0.49367088607594944,0.5555555555555556
0.4931506849315068,0.8703703703703703,1.0,0.25238095238095243,0.0,0.6666666666666666
0.4444444444444444,0.8192771084337349,1.0,0.22619047619047628,0.3563218390804598,0.6666666666666666
0.4722222222222222,0.8627450980392157,1.0,0.22023809523809507,0.0,0.5454545454545454
0.4444444444444444,0.8357142857142857,1.0,0.3273809523809525,0.4166666666666667,0.625
0.49333333333333335,0.8896551724137931,1.0,0.30476190476190473,0.09649122807017543,0.5833333333333334
0.5,0.6666666666666666,1.0,0.20000000000000018,0.375,0.6296296296296297
0.44,0.9276315789473685,1.0,0.2928571428571428,0.28,0.8709677419354838
0.4722222222222222,0.7592592592592593,1.0,0.23571428571428582,0.4942528735632184,0.6296296296296297
0.44155844155844154,0.825503355704698,1.0,0.2369047619047619,0.00819672131147541,0.5609756097560976
0.4520547945205479,0.6931818181818182,1.0,0.33095238095238094,0.37662337662337664,0.6923076923076923
0.4861111111111111,0.7716535433070866,1.0,0.2380952380952383,0.39080459770114945,0.5185185185185185
0.4861111111111111,0.9607843137254902,1.0,0.23571428571428582,0.36507936507936506,0.6296296296296297
0.4583333333333333,0.89937106918239,1.0,0.24761904761904768,0.045454545454545456,0.5925925925925926
0.4722222222222222,0.7945205479452054,1.0,0.2833333333333332,0.0,0.6296296296296297
0.4657534246575342,0.9671052631578947,1.0,0.20952380952380967,0.04,0.6296296296296297
0.4383561643835616,0.8943661971830986,1.0,0.14285714285714288,0.06956521739130435,0.525
0.4583333333333333,0.8111111111111111,1.0,0.24523809523809534,0.3918918918918919,0.5925925925925926
0.43243243243243246,0.8874172185430463,1.0,0.1988095238095239,0.04032258064516129,0.5555555555555556
0.4444444444444444,0.9219858156028369,1.0,0.20952380952380967,0.14049586776859505,0.6666666666666666
0.5,0.9430379746835443,1.0,0.25833333333333336,0.15267175572519084,0.59375
0.45454545454545453,0.8253968253968254,1.0,0.33214285714285713,0.2150537634408602,0.8648648648648649
0.4675324675324675,0.6363636363636364,1.0,0.20714285714285735,0.5,0.4814814814814815
0.5,0.7560975609756098,1.0,0.20476190476190492,0.08602150537634409,0.5185185185185185
0.4583333333333333,0.9477124183006536,1.0,0.23333333333333345,0.007874015748031496,0.5925925925925926
0.44,0.8993288590604027,1.0,0.2857142857142856,0.12295081967213115,0.7142857142857143
0.4594594594594595,0.7301587301587301,1.0,0.29047619047619055,0.48453608247422675,0.7777777777777778
0.4383561643835616,0.5905511811023622,1.0,0.2404761904761906,0.24242424242424243,0.6666666666666666
0.4861111111111111,0.8913043478260869,1.0,0.22142857142857159,0.02702702702702703,0.5925925925925926
0.5,0.8541666666666666,1.0,0.20714285714285735,0.17094017094017094,0.6296296296296297
0.4794520547945205,0.8807947019867549,1.0,0.21071428571428572,0.1774193548387097,0.5918367346938775
0.4722222222222222,0.6372549019607843,1.0,0.3119047619047619,0.48484848484848486,0.7714285714285715
0.49333333333333335,0.7022900763358778,1.0,0.10357142857142858,0.7578947368421053,0.38235294117647056
0.4861111111111111,0.6160714285714286,1.0,0.261904761904762,0.569620253164557,0.7037037037037037
0.4864864864864865,0.9299363057324841,1.0,0.1392857142857143,0.0,0.4375
0.5138888888888888,0.828125,1.0,0.288095238095238,0.5684210526315789,0.7037037037037037
0.5,0.9822485207100592,1.0,0.2476190476190477,0.0,0.6666666666666666
0.4583333333333333,0.9415584415584416,1.0,0.23571428571428577,0.14960629921259844,0.5925925925925926
0.4722222222222222,0.9133333333333333,1.0,0.20952380952380972,0.08130081300813008,0.6296296296296297
0.44,0.8137931034482758,1.0,0.22261904761904766,0.15254237288135594,0.5925925925925926
0.5,0.688,1.0,0.20833333333333343,0.02830188679245283,0.5555555555555556
0.4342105263157895,0.6595744680851063,1.0,0.2285714285714287,0.2347826086956522,0.7037037037037037
0.4794520547945205,0.8220338983050848,1.0,0.28095238095238095,0.06862745098039216,0.6666666666666666
0.4931506849315068,0.6213592233009708,1.0,0.32976190476190476,0.4805194805194805,0.8108108108108109
0.4861111111111111,0.7456140350877193,1.0,0.20000000000000018,0.5952380952380952,0.5555555555555556
0.4861111111111111,0.8807947019867549,1.0,0.275,0.0,0.8333333333333334
0.4794520547945205,0.7364341085271318,1.0,0.25357142857142834,0.21428571428571427,0.4666666666666667
0.4583333333333333,0.6206896551724138,1.0,0.2476190476190477,0.1038961038961039,0.5925925925925926
0.5,0.8029197080291971,1.0,0.31785714285714284,0.3119266055045872,0.7931034482758621
0.4666666666666667,0.9299363057324841,1.0,0.28928571428571426,0.14960629921259844,0.8125
0.4722222222222222,0.4230769230769231,1.0,0.2619047619047619,0.17857142857142858,0.6296296296296297
0.48,0.9634146341463414,1.0,0.3345238095238096,0.05109489051094891,0.8529411764705882
0.4794520547945205,0.6728971962616822,1.0,0.257142857142857,0.4883720930232558,0.5789473684210527
0.5142857142857142,0.6276595744680851,1.0,0.041666666666666664,0.3888888888888889,0.23076923076923078
0.5138888888888888,,,0.06309523809523811,,0.4230769230769231
0.5,,,0.3083333333333334,,0.725
0.4714285714285714,,,0.2666666666666667,,0.6666666666666666
0.4714285714285714,,,0.06785714285714287,,0.4230769230769231
0.4520547945205479,,,0.29047619047619044,,0.6
0.4864864864864865,,,0.29404761904761906,,0.6274509803921569
0.47297297297297297,,,0.0916666666666667,,0.46153846153846156
0.5142857142857142,,,0.28452380952380957,,0.6296296296296297
0.4788732394366197,,,0.175,,0.5357142857142857
0.4861111111111111,,,0.06547619047619048,,0.4230769230769231
0.4647887323943662,,,0.10833333333333335,,0.2692307692307692
0.4931506849315068,,,0.18571428571428567,,0.5405405405405406
0.4857142857142857,,,0.3476190476190476,,0.7777777777777778
0.5285714285714286,,,0.1416666666666666,,0.34615384615384615
0.5,,,0.11666666666666667,,0.28
0.4647887323943662,,,0.3345238095238096,,0.6666666666666666
0.4657534246575342,,,0.05714285714285713,,0.4
0.4864864864864865,,,0.24761904761904757,,0.59375
0.5135135135135135,,,0.16190476190476188,,0.5588235294117647
0.5131578947368421,,,0.24285714285714288,,0.6551724137931034
0.45714285714285713,,,0.17619047619047618,,0.6
0.42857142857142855,,,0.06428571428571427,,0.32
0.4857142857142857,,,0.07023809523809525,,0.3076923076923077
0.4788732394366197,,,0.28809523809523807,,0.5238095238095238
0.45714285714285713,,,0.08452380952380957,,0.46153846153846156
0.4594594594594595,,,0.09642857142857146,,0.3076923076923077
0.4788732394366197,,,0.21071428571428572,,0.6111111111111112
0.4788732394366197,,,0.11071428571428574,,0.38461538461538464
0.5,,,0.2619047619047619,,0.7272727272727273
0.5211267605633803,,,0.2369047619047619,,0.6
0.4864864864864865,,,0.2797619047619049,,0.6923076923076923
0.547945205479452,,,0.22738095238095238,,0.6571428571428571
0.5142857142857142,,,0.08928571428571434,,0.4230769230769231
0.4714285714285714,,,0.17738095238095236,,0.5769230769230769
0.47297297297297297,,,0.21904761904761902,,0.6060606060606061
0.4868421052631579,,,0.34999999999999987,,0.78125
0.4714285714285714,,,0.10595238095238094,,0.38461538461538464
0.5205479452054794,,,0.2821428571428571,,0.6153846153846154
0.45714285714285713,,,0.2130952380952381,,0.6071428571428571
0.5070422535211268,,,0.07261904761904761,,0.23076923076923078
0.4714285714285714,,,0.07500000000000001,,0.34615384615384615
0.47297297297297297,,,0.24285714285714283,,0.6176470588235294
0.4533333333333333,,,0.2535714285714285,,0.6078431372549019
0.4507042253521127,,,0.30238095238095236,,0.696969696969697
0.5068493150684932,,,0.08928571428571429,,0.4
0.4794520547945205,,,0.10357142857142856,,0.37037037037037035
0.4714285714285714,,,0.0797619047619048,,0.4230769230769231
0.4714285714285714,,,0.3142857142857142,,0.5151515151515151
0.4861111111111111,,,0.32857142857142846,,0.78125
0.52,,,0.22500000000000003,,0.5555555555555556
0.45714285714285713,,,0.12023809523809523,,0.46153846153846156
0.48,,,0.19642857142857142,,0.6774193548387096
0.4857142857142857,,,0.048809523809523796,,0.3076923076923077
0.4935064935064935,,,0.23809523809523805,,0.6097560975609756
0.4931506849315068,,,0.20833333333333331,,0.41025641025641024
0.4714285714285714,,,0.1226190476190476,,0.46153846153846156
0.5,,,0.06547619047619048,,0.34615384615384615
0.4583333333333333,,,0.055952380952380934,,0.3076923076923077
0.5,,,0.1273809523809524,,0.4230769230769231
0.4246575342465753,,,0.05357142857142857,,0.38461538461538464
0.4794520547945205,,,0.3369047619047618,,0.7
0.4857142857142857,,,0.05357142857142856,,0.34615384615384615
0.43243243243243246,,,0.06666666666666664,,0.48
0.4857142857142857,,,0.06547619047619048,,0.34615384615384615
0.5285714285714286,,,0.13095238095238096,,0.4375
0.45454545454545453,,,0.22142857142857145,,0.6216216216216216
0.4675324675324675,,,0.06785714285714285,,0.34615384615384615
0.5142857142857142,,,0.10119047619047619,,0.5
0.4714285714285714,,,0.08928571428571433,,0.38461538461538464
0.4533333333333333,,,0.10833333333333335,,0.32142857142857145
0.4594594594594595,,,0.2488095238095238,,0.6666666666666666
0.4383561643835616,,,0.07500000000000001,,0.3076923076923077
0.4714285714285714,,,0.08928571428571433,,0.5
0.5,,,0.06785714285714285,,0.34615384615384615
0.4383561643835616,,,0.2904761904761904,,0.6122448979591837
0.4788732394366197,,,0.175,,0.5714285714285714
0.52,,,0.24999999999999994,,0.6470588235294118
0.5142857142857142,,,0.07023809523809524,,0.3076923076923077
0.44594594594594594,,,0.31666666666666665,,0.6875
0.5285714285714286,,,0.1273809523809524,,0.3076923076923077
0.4857142857142857,,,0.08928571428571427,,0.46153846153846156
0.4714285714285714,,,0.06785714285714287,,0.38461538461538464
0.44285714285714284,,,0.05357142857142857,,0.3076923076923077
0.49333333333333335,,,0.05476190476190475,,0.36
0.5,,,0.05714285714285713,,0.32
0.4868421052631579,,,0.03928571428571428,,0.2692307692307692
0.4931506849315068,,,0.13214285714285712,,0.38461538461538464
0.5342465753424658,,,0.21190476190476196,,0.6486486486486487
0.4714285714285714,,,0.08452380952380953,,0.5384615384615384
0.4861111111111111,,,0.22142857142857145,,0.6
0.5068493150684932,,,0.30000000000000004,,0.6666666666666666
0.4714285714285714,,,0.11547619047619047,,0.40740740740740733
0.5142857142857142,,,0.15238095238095237,,0.44827586206896547
0.48,,,0.20952380952380958,,0.5625
0.5,,,0.10119047619047623,,0.34615384615384615
0.5066666666666667,,,0.23095238095238096,,0.6176470588235294
0.5068493150684932,,,0.25119047619047613,,0.6842105263157895
0.5138888888888888,,,0.042857142857142844,,0.34615384615384615
0.5405405405405406,,,0.32619047619047614,,0.7
0.5373134328358209,,,0.29166666666666674,,0.6
0.5507246376811594,,,0.035714285714285705,,0.34615384615384615
0.5616438356164384,,,0.3130952380952381,,0.7
0.4864864864864865,,,0.30000000000000004,,0.6274509803921569
0.5135135135135135,,,0.06428571428571427,,0.34615384615384615
0.5217391304347826,,,0.3047619047619047,,0.6296296296296297
0.5070422535211268,,,0.1952380952380953,,0.5
0.5277777777777778,,,0.05476190476190475,,0.34615384615384615
0.4788732394366197,,,0.06904761904761902,,0.23076923076923078
0.5205479452054794,,,0.19880952380952382,,0.5135135135135135
0.5,,,0.3488095238095238,,0.7777777777777778
0.4696969696969697,,,0.09999999999999999,,0.3076923076923077
0.4852941176470588,,,0.07738095238095238,,0.23076923076923078
0.5633802816901409,,,0.35238095238095235,,0.6666666666666666
0.4794520547945205,,,0.039285714285714285,,0.2692307692307692
0.5405405405405406,,,0.2654761904761904,,0.59375
0.5675675675675675,,,0.1773809523809524,,0.5294117647058824
0.5657894736842105,,,0.23452380952380958,,0.6206896551724138
0.5147058823529411,,,0.15357142857142855,,0.6333333333333333
0.4927536231884058,,,0.04880952380952381,,0.34615384615384615
0.5151515151515151,,,0.05476190476190475,,0.38461538461538464
0.5211267605633803,,,0.2988095238095238,,0.5714285714285714
0.4714285714285714,,,0.04999999999999998,,0.34615384615384615
0.527027027027027,,,0.1166666666666667,,0.4230769230769231
0.49295774647887325,,,0.22380952380952382,,0.5833333333333334
0.5211267605633803,,,0.13095238095238096,,0.38461538461538464
0.5945945945945946,,,0.275,,0.6666666666666666
0.5352112676056338,,,0.24047619047619045,,0.6
0.527027027027027,,,0.3047619047619048,,0.6923076923076923
0.589041095890411,,,0.2357142857142857,,0.6285714285714286
0.47761194029850745,,,0.05714285714285714,,0.38461538461538464
0.5223880597014925,,,0.20714285714285716,,0.5384615384615384
0.47297297297297297,,,0.244047619047619,,0.5757575757575758
0.5526315789473685,,,0.3583333333333332,,0.78125
0.4782608695652174,,,0.13333333333333333,,0.38461538461538464
0.547945205479452,,,0.2976190476190475,,0.5641025641025641
0.5217391304347826,,,0.2357142857142857,,0.5357142857142857
0.5211267605633803,,,0.061904761904761886,,0.2692307692307692
0.45588235294117646,,,0.05714285714285713,,0.34615384615384615
0.527027027027027,,,0.263095238095238,,0.6176470588235294
0.5733333333333334,,,0.26666666666666666,,0.5882352941176471
0.49295774647887325,,,0.3297619047619048,,0.6666666666666666
0.5342465753424658,,,0.1,,0.38461538461538464
0.5616438356164384,,,0.10000000000000002,,0.3333333333333333
0.5,,,0.04999999999999998,,0.3076923076923077
0.4857142857142857,,,0.3035714285714286,,0.5454545454545454
0.5138888888888888,,,0.3583333333333332,,0.8125
0.5066666666666667,,,0.2547619047619047,,0.5833333333333334
0.5362318840579711,,,0.10476190476190479,,0.38461538461538464
0.52,,,0.1976190476190476,,0.6129032258064516
0.5147058823529411,,,0.04999999999999998,,0.23076923076923078
0.5064935064935064,,,0.25357142857142856,,0.6585365853658537
0.5616438356164384,,,0.21904761904761902,,0.46153846153846156
0.5,,,0.1476190476190476,,0.4230769230769231
0.5,,,0.035714285714285705,,0.2692307692307692
0.4861111111111111,,,0.04999999999999998,,0.34615384615384615
0.47058823529411764,,,0.0880952380952381,,0.34615384615384615
0.4931506849315068,,,0.035714285714285705,,0.2692307692307692
0.5068493150684932,,,0.33333333333333315,,0.675
0.4927536231884058,,,0.042857142857142844,,0.34615384615384615
0.5,,,0.04404761904761904,,0.3076923076923077
0.5,,,0.05476190476190475,,0.34615384615384615
0.6086956521739131,,,0.10833333333333332,,0.40625
0.5064935064935064,,,0.23214285714285715,,0.6486486486486487
0.5454545454545454,,,0.06904761904761902,,0.3076923076923077
0.46153846153846156,,,0.1142857142857143,,0.34615384615384615
0.5294117647058824,,,0.052380952380952375,,0.3076923076923077
0.56,,,0.12380952380952384,,0.39285714285714285
0.5675675675675675,,,0.27380952380952384,,0.6296296296296297
0.5068493150684932,,,0.042857142857142844,,0.3076923076923077
0.5285714285714286,,,0.061904761904761886,,0.38461538461538464
0.4696969696969697,,,0.06904761904761902,,0.3076923076923077
0.547945205479452,,,0.2964285714285714,,0.6122448979591837
0.5915492957746479,,,0.18571428571428567,,0.6285714285714286
0.5733333333333334,,,0.24642857142857139,,0.6470588235294118
0.5076923076923077,,,0.04999999999999998,,0.3076923076923077
0.5945945945945946,,,0.31547619047619047,,0.6875
0.47540983606557374,,,0.0857142857142857,,0.2692307692307692
0.47761194029850745,,,0.049999999999999996,,0.23076923076923078
0.463768115942029,,,0.026190476190476188,,0.3076923076923077
0.5072463768115942,,,0.05476190476190475,,0.34615384615384615
0.4666666666666667,,,0.03214285714285713,,0.2692307692307692
0.5362318840579711,,,0.08452380952380953,,0.2692307692307692
0.5394736842105263,,,0.035714285714285705,,0.3076923076923077
0.547945205479452,,,0.15238095238095234,,0.43589743589743596
0.589041095890411,,,0.22023809523809526,,0.6486486486486487
0.4925373134328358,,,0.06190476190476189,,0.38461538461538464
0.5277777777777778,,,0.22976190476190475,,0.6333333333333333
0.5342465753424658,,,0.32738095238095255,,0.6
0.5362318840579711,,,0.14285714285714282,,0.37037037037037035
0.5483870967741935,,,0.1773809523809524,,0.5517241379310345
0.5466666666666666,,,0.23452380952380952,,0.5625
0.47692307692307695,,,0.06190476190476189,,0.2692307692307692
0.52,,,0.24880952380952376,,0.6470588235294118
0.5753424657534246,,,0.26190476190476186,,0.631578947368421
0.4864864864864865,,,0.33809523809523806,,0.725
0.5277777777777778,,,0.29166666666666674,,0.5666666666666667
0.5,,,0.04999999999999998,,0.23076923076923078
0.4794520547945205,,,0.3083333333333333,,0.7333333333333333
0.47297297297297297,,,0.3142857142857143,,0.6078431372549019
0.44594594594594594,,,0.059523809523809514,,0.38461538461538464
0.5,,,0.28571428571428575,,0.7037037037037037
0.4444444444444444,,,0.19047619047619052,,0.5357142857142857
0.4722222222222222,,,0.04999999999999998,,0.34615384615384615
0.4444444444444444,,,0.07857142857142857,,0.3076923076923077
0.4657534246575342,,,0.21309523809523814,,0.5405405405405406
0.5,,,0.3369047619047619,,0.7555555555555555
0.5,,,0.12380952380952384,,0.38461538461538464
0.4722222222222222,,,0.09166666666666669,,0.3076923076923077
0.5,,,0.36428571428571427,,0.6666666666666666
0.4657534246575342,,,0.048809523809523817,,0.38461538461538464
0.44594594594594594,,,0.2607142857142856,,0.625
0.4864864864864865,,,0.18214285714285713,,0.5294117647058824
0.4868421052631579,,,0.21071428571428577,,0.6551724137931034
0.4722222222222222,,,0.1821428571428571,,0.6333333333333333
0.4583333333333333,,,0.0773809523809524,,0.46153846153846156
0.5,,,0.04999999999999998,,0.34615384615384615
0.4722222222222222,,,0.305952380952381,,0.6190476190476191
0.4305555555555556,,,0.040476190476190464,,0.2692307692307692
0.44594594594594594,,,0.1166666666666667,,0.5
0.4583333333333333,,,0.22857142857142856,,0.6666666666666666
0.4861111111111111,,,0.13095238095238101,,0.4230769230769231
0.5,,,0.27738095238095245,,0.6363636363636364
0.4583333333333333,,,0.24047619047619045,,0.55
0.44594594594594594,,,0.2857142857142857,,0.6923076923076923
0.4794520547945205,,,0.22142857142857145,,0.6285714285714286
0.4861111111111111,,,0.05714285714285714,,0.34615384615384615
0.4861111111111111,,,0.20238095238095227,,0.5384615384615384
0.44594594594594594,,,0.24404761904761899,,0.6060606060606061
0.4605263157894737,,,0.34166666666666656,,0.75
0.4444444444444444,,,0.12380952380952381,,0.3076923076923077
0.4794520547945205,,,0.3142857142857143,,0.5897435897435898
0.5,,,0.23333333333333334,,0.5714285714285714
0.4583333333333333,,,0.09523809523809527,,0.46153846153846156
0.4583333333333333,,,0.08571428571428573,,0.4230769230769231
0.43243243243243246,,,0.24642857142857139,,0.5588235294117647
0.48,,,0.26666666666666666,,0.5686274509803921
0.4722222222222222,,,0.32976190476190476,,0.696969696969697
0.5068493150684932,,,0.09761904761904763,,0.38461538461538464
0.4931506849315068,,,0.11666666666666667,,0.4814814814814815
0.4583333333333333,,,0.035714285714285705,,0.19230769230769232
0.4444444444444444,,,0.3035714285714286,,0.5151515151515151
0.4305555555555556,,,0.35119047619047616,,0.8125
0.4666666666666667,,,0.25952380952380955,,0.5833333333333334
0.4444444444444444,,,0.0857142857142857,,0.38461538461538464
0.48,,,0.20714285714285713,,0.6129032258064516
0.5138888888888888,,,0.07380952380952381,,0.38461538461538464
0.44155844155844154,,,0.2583333333333334,,0.6097560975609756
0.4931506849315068,,,0.219047619047619,,0.4871794871794871
0.4722222222222222,,,0.14761904761904762,,0.4230769230769231
0.5138888888888888,,,0.06428571428571427,,0.38461538461538464
0.4583333333333333,,,0.06904761904761902,,0.34615384615384615
0.4583333333333333,,,0.09285714285714289,,0.3076923076923077
0.4931506849315068,,,0.035714285714285705,,0.2692307692307692
0.4383561643835616,,,0.32619047619047603,,0.65
0.4861111111111111,,,0.07142857142857142,,0.34615384615384615
0.4189189189189189,,,0.03214285714285713,,0.3076923076923077
0.5,,,0.04999999999999998,,0.38461538461538464
0.5,,,0.11785714285714285,,0.4375
0.45454545454545453,,,0.24880952380952376,,0.6756756756756757
0.4675324675324675,,,0.06904761904761902,,0.34615384615384615
0.4861111111111111,,,0.10952380952380954,,0.34615384615384615
0.5,,,0.042857142857142844,,0.34615384615384615
0.4266666666666667,,,0.1333333333333334,,0.39285714285714285
0.43243243243243246,,,0.2714285714285714,,0.6296296296296297
0.4657534246575342,,,0.05714285714285713,,0.2692307692307692
0.4861111111111111,,,0.042857142857142844,,0.3076923076923077
0.4861111111111111,,,0.06428571428571427,,0.38461538461538464
0.4931506849315068,,,0.29404761904761906,,0.6122448979591837
0.4722222222222222,,,0.20476190476190476,,0.6285714285714286
0.5066666666666667,,,0.2178571428571429,,0.5882352941176471
0.5138888888888888,,,0.08333333333333336,,0.38461538461538464
0.44594594594594594,,,0.30119047619047623,,0.6875
0.5277777777777778,,,0.10952380952380955,,0.34615384615384615
0.5,,,0.06428571428571427,,0.34615384615384615
0.4444444444444444,,,0.05476190476190475,,0.34615384615384615
0.4722222222222222,,,0.04999999999999998,,0.3076923076923077
0.4666666666666667,,,0.05119047619047619,,0.34615384615384615
0.4861111111111111,,,0.08214285714285716,,0.34615384615384615
0.47368421052631576,,,0.05476190476190475,,0.34615384615384615
0.5068493150684932,,,0.15952380952380943,,0.5128205128205128
0.5342465753424658,,,0.23928571428571432,,0.6756756756756757
0.5,,,0.061904761904761886,,0.38461538461538464
0.4583333333333333,,,0.22738095238095238,,0.6333333333333333
0.4931506849315068,,,0.31785714285714295,,0.6666666666666666
0.4722222222222222,,,0.14047619047619042,,0.40740740740740733
0.5138888888888888,,,0.17500000000000002,,0.5517241379310345
0.4533333333333333,,,0.23452380952380952,,0.6875
0.5138888888888888,,,0.07142857142857141,,0.34615384615384615
0.4666666666666667,,,0.2654761904761905,,0.7058823529411765
0.4657534246575342,,,0.2642857142857143,,0.6578947368421053
0.527027027027027,,,0.4107142857142857,,0.75
0.527027027027027,,,0.34047619047619043,,0.725
0.4864864864864865,,,0.23690476190476195,,0.6
0.4594594594594595,,,0.19523809523809518,,0.5294117647058824
0.47297297297297297,,,0.3666666666666666,,0.775
0.5405405405405406,,,0.523809523809524,,0.775
0.5135135135135135,,,0.40952380952380957,,0.75
0.47297297297297297,,,0.3261904761904762,,0.725
0.4864864864864865,,,0.3333333333333333,,0.65
0.527027027027027,,,0.24404761904761907,,0.75
0.5135135135135135,,,0.36071428571428565,,0.5333333333333333
0.5540540540540541,,,0.3595238095238094,,0.7
0.5135135135135135,,,0.3369047619047619,,0.65
0.5135135135135135,,,0.13095238095238096,,0.5
0.5135135135135135,,,0.3273809523809524,,0.75
0.47297297297297297,,,0.24404761904761899,,0.55
0.4594594594594595,,,0.2535714285714285,,0.7
0.5,,,0.46309523809523806,,0.725
0.527027027027027,,,0.21309523809523814,,0.525
0.5135135135135135,,,0.3107142857142858,,0.725
0.5405405405405406,,,0.3452380952380952,,0.725
0.5,,,0.2273809523809524,,0.7142857142857143
0.4594594594594595,,,0.35,,0.725
0.4864864864864865,,,0.27142857142857146,,0.7
0.5135135135135135,,,0.3642857142857142,,0.65
0.4594594594594595,,,0.280952380952381,,0.7
0.4864864864864865,,,0.22500000000000003,,0.55
0.5,,,0.3476190476190475,,0.725
0.44594594594594594,,,0.5000000000000001,,0.875
0.5135135135135135,,,0.4095238095238095,,0.675
0.5540540540540541,,,0.35238095238095235,,0.75
0.5,,,0.37619047619047613,,0.75
0.43243243243243246,,,0.18690476190476188,,0.55
0.4605263157894737,,,0.4488095238095239,,0.675
0.47297297297297297,,,0.33571428571428563,,0.7
0.4864864864864865,,,0.14523809523809525,,0.575
0.5405405405405406,,,0.3785714285714286,,0.7
0.5135135135135135,,,0.28571428571428575,,0.675
0.5,,,0.29047619047619055,,0.65
0.44594594594594594,,,0.39880952380952384,,0.7
0.49333333333333335,,,0.4333333333333334,,0.7843137254901961
0.5135135135135135,,,0.18928571428571425,,0.6
0.5135135135135135,,,0.32142857142857145,,0.725
0.5,,,0.25952380952380943,,0.725
0.5,,,0.3333333333333333,,0.7
0.5135135135135135,,,0.4749999999999998,,0.875
0.4864864864864865,,,0.19166666666666668,,0.45
0.5066666666666667,,,0.1714285714285714,,0.5
0.5135135135135135,,,0.3857142857142858,,0.775
0.5066666666666667,,,0.26666666666666666,,0.575
0.5135135135135135,,,0.28571428571428575,,0.7
0.4805194805194805,,,0.23214285714285712,,0.6097560975609756
0.5135135135135135,,,0.28571428571428564,,0.8
0.5135135135135135,,,0.3142857142857142,,0.725
0.527027027027027,,,0.32142857142857145,,0.7
0.4864864864864865,,,0.29047619047619055,,0.7
0.5405405405405406,,,0.36904761904761896,,0.725
0.4864864864864865,,,0.3190476190476191,,0.75
0.5135135135135135,,,0.41190476190476194,,0.75
0.47297297297297297,,,0.2880952380952382,,0.725
0.43243243243243246,,,0.344047619047619,,0.75
0.5135135135135135,,,0.3452380952380952,,0.725
0.527027027027027,,,0.2607142857142856,,0.6
0.44155844155844154,,,0.2845238095238095,,0.6
0.4935064935064935,,,0.3238095238095237,,0.725
0.5135135135135135,,,0.33571428571428563,,0.75
0.5135135135135135,,,0.3595238095238095,,0.75
0.48,,,0.23809523809523808,,0.725
0.47297297297297297,,,0.35476190476190467,,0.725
0.4594594594594595,,,0.32857142857142857,,0.675
0.5135135135135135,,,0.369047619047619,,0.725
0.5540540540540541,,,0.32857142857142857,,0.725
0.527027027027027,,,0.4345238095238095,,0.6326530612244898
0.5,,,0.2595238095238096,,0.6
0.5066666666666667,,,0.45119047619047625,,0.75
0.5405405405405406,,,0.2880952380952382,,0.675
0.5,,,0.4916666666666664,,0.75
0.5675675675675675,,,0.3404761904761904,,0.65
0.5135135135135135,,,0.37380952380952376,,0.725
0.5135135135135135,,,0.33095238095238094,,0.725
0.4864864864864865,,,0.32380952380952377,,0.75
0.4666666666666667,,,0.3273809523809524,,0.7
0.5,,,0.325,,0.725
0.4605263157894737,,,0.32142857142857145,,0.7
0.5,,,0.2642857142857143,,0.75
0.5135135135135135,,,0.28214285714285714,,0.625
0.5135135135135135,,,0.338095238095238,,0.725
0.5135135135135135,,,0.3416666666666667,,0.7
0.47297297297297297,,,0.3035714285714286,,0.55
0.527027027027027,,,0.3119047619047619,,0.7
0.5675675675675675,,,0.21309523809523795,,0.625
0.48,,,0.35357142857142854,,0.675
0.5540540540540541,,,0.35952380952380947,,0.7
0.48,,,0.25119047619047613,,0.65
0.4189189189189189,,,0.2547619047619047,,0.6
0.4927536231884058,,,0.29880952380952386,,0.6
0.5068493150684932,,,0.3261904761904762,,0.5666666666666667
0.47297297297297297,,,0.40595238095238084,,0.8235294117647058
0.4594594594594595,,,0.2773809523809524,,0.6
0.5072463768115942,,,0.24880952380952395,,0.6
0.5070422535211268,,,0.12023809523809521,,0.4666666666666667
0.5138888888888888,,,0.25357142857142856,,0.5666666666666667
0.4788732394366197,,,0.36071428571428565,,0.6333333333333333
0.5342465753424658,,,0.2761904761904762,,0.5405405405405406
0.5428571428571428,,,0.2857142857142857,,0.5555555555555556
0.44776119402985076,,,0.38690476190476186,,0.7
0.4852941176470588,,,0.36190476190476184,,0.6666666666666666
0.49295774647887325,,,0.38452380952380955,,0.7777777777777778
0.4657534246575342,,,0.27619047619047626,,0.5
0.47297297297297297,,,0.39999999999999997,,0.90625
0.5135135135135135,,,0.28095238095238095,,0.5294117647058824
0.4868421052631579,,,0.38809523809523816,,0.8
0.47058823529411764,,,0.3547619047619047,,0.5
0.43478260869565216,,,0.3023809523809524,,0.6333333333333333
0.5074626865671642,,,0.28452380952380957,,0.5666666666666667
0.4788732394366197,,,0.34285714285714286,,0.6428571428571429
0.42857142857142855,,,0.32261904761904764,,0.6
0.47297297297297297,,,0.22976190476190475,,0.6333333333333333
0.4647887323943662,,,0.13214285714285715,,0.3333333333333333
0.4788732394366197,,,0.19642857142857142,,0.6
0.5135135135135135,,,0.2547619047619048,,0.5151515151515151
0.4788732394366197,,,0.2916666666666667,,0.65
0.44594594594594594,,,0.19880952380952382,,0.5666666666666667
0.5342465753424658,,,0.16071428571428573,,0.34285714285714286
0.44776119402985076,,,0.3107142857142858,,0.5666666666666667
0.47761194029850745,,,0.13452380952380952,,0.5666666666666667
0.4864864864864865,,,0.3380952380952381,,0.8787878787878787
0.4868421052631579,,,0.31190476190476174,,0.6875
0.463768115942029,,,0.17738095238095233,,0.5333333333333333
0.5205479452054794,,,0.3773809523809525,,0.7692307692307693
0.4782608695652174,,,0.09404761904761907,,0.3333333333333333
0.5070422535211268,,,0.30833333333333335,,0.6666666666666666
0.5,,,0.3035714285714286,,0.6333333333333333
0.4864864864864865,,,0.30952380952380953,,0.7647058823529411
0.49333333333333335,,,0.3559523809523809,,0.5882352941176471
0.49295774647887325,,,0.3809523809523809,,0.8787878787878787
0.5205479452054794,,,0.1988095238095238,,0.5666666666666667
0.4931506849315068,,,0.26547619047619053,,0.6333333333333333
0.4264705882352941,,,0.3178571428571429,,0.6
0.45714285714285713,,,0.2952380952380953,,0.6363636363636364
0.4722222222222222,,,0.38095238095238115,,0.8125
0.48,,,0.35833333333333334,,0.861111111111111
0.4927536231884058,,,0.225,,0.6
0.48,,,0.3273809523809524,,0.4193548387096774
0.4852941176470588,,,0.2678571428571429,,0.5666666666666667
0.44155844155844154,,,0.3523809523809523,,0.8048780487804879
0.4794520547945205,,,0.3559523809523809,,0.6410256410256411
0.4852941176470588,,,0.16785714285714284,,0.5333333333333333
0.44776119402985076,,,0.30357142857142866,,0.6333333333333333
0.5277777777777778,,,0.2845238095238095,,0.6333333333333333
0.47058823529411764,,,0.3797619047619048,,0.6
0.4657534246575342,,,0.26547619047619053,,0.5666666666666667
0.5342465753424658,,,0.3869047619047619,,0.8
0.4492753623188406,,,0.27976190476190477,,0.6
0.4864864864864865,,,0.28571428571428575,,0.5666666666666667
0.4626865671641791,,,0.2702380952380953,,0.5666666666666667
0.5072463768115942,,,0.30000000000000004,,0.6875
0.4675324675324675,,,0.2785714285714285,,0.4864864864864865
0.4805194805194805,,,0.22738095238095238,,0.5666666666666667
0.4626865671641791,,,0.1821428571428571,,0.5
0.5,,,0.325,,0.6
0.48,,,0.294047619047619,,0.7
0.5,,,0.09166666666666665,,0.23333333333333334
0.4657534246575342,,,0.32023809523809527,,0.6
0.45714285714285713,,,0.3107142857142858,,0.5333333333333333
0.44776119402985076,,,0.23214285714285712,,0.5333333333333333
0.5205479452054794,,,0.24761904761904757,,0.6326530612244898
0.5352112676056338,,,0.25119047619047613,,0.37142857142857144
0.5333333333333333,,,0.26904761904761915,,0.7058823529411765
0.47761194029850745,,,0.3035714285714286,,0.6666666666666666
0.47297297297297297,,,0.28095238095238084,,0.78125
0.5074626865671642,,,0.36785714285714277,,0.6666666666666666
0.4626865671641791,,,0.3416666666666667,,0.5666666666666667
0.4782608695652174,,,0.3130952380952382,,0.6
0.463768115942029,,,0.24642857142857139,,0.5666666666666667
0.52,,,0.30714285714285716,,0.6333333333333333
0.4927536231884058,,,0.22142857142857145,,0.6333333333333333
0.4473684210526316,,,0.2750000000000001,,0.6333333333333333
0.5068493150684932,,,0.2797619047619048,,0.6666666666666666
0.5068493150684932,,,0.23809523809523814,,0.3783783783783784
0.5074626865671642,,,0.24880952380952387,,0.5666666666666667
0.4722222222222222,,,0.1857142857142857,,0.4333333333333334
0.4931506849315068,,,0.3547619047619049,,0.9
0.463768115942029,,,0.18690476190476185,,0.5
0.5223880597014925,,,0.2761904761904762,,0.5666666666666667
0.4666666666666667,,,0.1142857142857143,,0.375
0.4626865671641791,,,0.3535714285714286,,0.6333333333333333
0.52,,,0.2404761904761905,,0.4117647058823529
0.5068493150684932,,,0.2797619047619049,,0.7105263157894737
0.4794520547945205,,,0.32261904761904764,,0.7
0.4864864864864865,,,0.319047619047619,,0.6078431372549019
0.47297297297297297,,,0.042857142857142844,,0.2692307692307692
0.4782608695652174,,,0.29761904761904756,,0.7037037037037037
0.4647887323943662,,,0.19285714285714292,,0.5
0.4722222222222222,,,0.0476190476190476,,0.15384615384615385
0.4225352112676056,,,0.06666666666666665,,0.3076923076923077
0.4657534246575342,,,0.21071428571428577,,0.5405405405405406
0.5,,,0.3464285714285714,,0.7333333333333333
0.5072463768115942,,,0.09285714285714285,,0.2692307692307692
0.463768115942029,,,0.07261904761904762,,0.2692307692307692
0.43661971830985913,,,0.369047619047619,,0.6944444444444444
0.4520547945205479,,,0.044047619047619044,,0.3076923076923077
0.43243243243243246,,,0.28214285714285725,,0.65625
0.5135135135135135,,,0.19642857142857148,,0.6176470588235294
0.47368421052631576,,,0.20595238095238094,,0.5517241379310345
0.463768115942029,,,0.14880952380952378,,0.5333333333333333
0.4782608695652174,,,0.05833333333333333,,0.3076923076923077
0.4492753623188406,,,0.038095238095238085,,0.34615384615384615
0.43661971830985913,,,0.3130952380952381,,0.6190476190476191
0.42857142857142855,,,0.038095238095238085,,0.2692307692307692
0.43243243243243246,,,0.1333333333333334,,0.4230769230769231
0.4507042253521127,,,0.22380952380952382,,0.5833333333333334
0.4507042253521127,,,0.14761904761904754,,0.5
0.5,,,0.2892857142857143,,0.6666666666666666
0.4507042253521127,,,0.24761904761904757,,0.575
0.43243243243243246,,,0.30000000000000004,,0.6153846153846154
0.4931506849315068,,,0.23095238095238096,,0.5142857142857142
0.4782608695652174,,,0.040476190476190464,,0.3076923076923077
0.4927536231884058,,,0.21428571428571433,,0.5384615384615384
0.4594594594594595,,,0.26547619047619037,,0.6363636363636364
0.4342105263157895,,,0.34880952380952374,,0.75
0.4492753623188406,,,0.14523809523809525,,0.38461538461538464
0.5068493150684932,,,0.3166666666666666,,0.6153846153846154
0.463768115942029,,,0.25,,0.6071428571428571
0.4788732394366197,,,0.08809523809523809,,0.34615384615384615
0.43478260869565216,,,0.07857142857142857,,0.3076923076923077
0.47297297297297297,,,0.2607142857142857,,0.6176470588235294
0.48,,,0.2642857142857143,,0.6078431372549019
0.4647887323943662,,,0.35119047619047616,,0.6666666666666666
0.5068493150684932,,,0.11428571428571428,,0.38461538461538464
0.4794520547945205,,,0.10952380952380954,,0.3333333333333333
0.4492753623188406,,,0.05714285714285713,,0.3076923076923077
0.4714285714285714,,,0.3011904761904762,,0.5151515151515151
0.4166666666666667,,,0.3726190476190476,,0.84375
0.4533333333333333,,,0.2690476190476191,,0.5277777777777778
0.463768115942029,,,0.09761904761904763,,0.38461538461538464
0.48,,,0.20238095238095238,,0.6451612903225806
0.4927536231884058,,,0.07619047619047618,,0.2692307692307692
0.4675324675324675,,,0.26071428571428573,,0.5853658536585366
0.4383561643835616,,,0.22380952380952382,,0.4871794871794871
0.463768115942029,,,0.1595238095238095,,0.46153846153846156
0.463768115942029,,,0.038095238095238085,,0.2692307692307692
0.4444444444444444,,,0.07142857142857141,,0.38461538461538464
0.463768115942029,,,0.0857142857142857,,0.3076923076923077
0.4246575342465753,,,0.05714285714285713,,0.3076923076923077
0.4794520547945205,,,0.3166666666666665,,0.65
0.463768115942029,,,0.06428571428571427,,0.3076923076923077
0.40540540540540543,,,0.04404761904761904,,0.23076923076923078
0.4782608695652174,,,0.042857142857142844,,0.23076923076923078
0.4492753623188406,,,0.11071428571428572,,0.40625
0.42857142857142855,,,0.23452380952380952,,0.6756756756756757
0.4805194805194805,,,0.0761904761904762,,0.2692307692307692
0.4927536231884058,,,0.11666666666666667,,0.3076923076923077
0.4927536231884058,,,0.040476190476190464,,0.2692307692307692
0.4666666666666667,,,0.15000000000000002,,0.5
0.4594594594594595,,,0.2833333333333333,,0.5925925925925926
0.4383561643835616,,,0.030952380952380946,,0.19230769230769232
0.44285714285714284,,,0.05476190476190475,,0.3076923076923077
0.5072463768115942,,,0.06666666666666664,,0.23076923076923078
0.4931506849315068,,,0.29166666666666663,,0.6326530612244898
0.5211267605633803,,,0.19999999999999998,,0.6285714285714286
0.49333333333333335,,,0.2369047619047619,,0.5882352941176471
0.4927536231884058,,,0.08095238095238094,,0.3076923076923077
0.47297297297297297,,,0.30357142857142855,,0.65625
0.5362318840579711,,,0.07380952380952381,,0.23076923076923078
0.4782608695652174,,,0.0476190476190476,,0.2692307692307692
0.463768115942029,,,0.03333333333333332,,0.15384615384615385
0.4492753623188406,,,0.05714285714285713,,0.2692307692307692
0.4533333333333333,,,0.05357142857142857,,0.23076923076923078
0.463768115942029,,,0.1011904761904762,,0.4230769230769231
0.47368421052631576,,,0.042857142857142844,,0.2692307692307692
0.5342465753424658,,,0.17380952380952377,,0.5641025641025641
0.4794520547945205,,,0.23928571428571432,,0.7027027027027027
0.43478260869565216,,,0.059523809523809514,,0.34615384615384615
0.4861111111111111,,,0.24166666666666664,,0.6666666666666666
0.4931506849315068,,,0.34404761904761927,,0.7
0.4782608695652174,,,0.14761904761904757,,0.37037037037037035
0.5217391304347826,,,0.19880952380952382,,0.6551724137931034
0.48,,,0.244047619047619,,0.625
0.463768115942029,,,0.059523809523809514,,0.23076923076923078
0.52,,,0.25595238095238093,,0.7058823529411765
0.4931506849315068,,,0.25952380952380955,,0.6052631578947368
0.4864864864864865,,,0.3130952380952381,,0.803921568627451
0.4594594594594595,,,0.3273809523809524,,0.7333333333333333
0.5205479452054794,,,0.48452380952380947,,0.8
0.4931506849315068,,,0.3583333333333334,,0.6333333333333333
0.4383561643835616,,,0.28928571428571426,,0.6333333333333333
0.4520547945205479,,,0.3678571428571428,,0.6666666666666666
0.4931506849315068,,,0.22142857142857147,,0.4864864864864865
0.4931506849315068,,,0.3952380952380953,,0.7111111111111111
0.4931506849315068,,,0.3940476190476189,,0.6666666666666666
0.4931506849315068,,,0.36666666666666675,,0.7
0.5068493150684932,,,0.2035714285714286,,0.5555555555555556
0.4520547945205479,,,0.3,,0.6333333333333333
0.44594594594594594,,,0.27619047619047615,,0.8125
0.5,,,0.23095238095238096,,0.5294117647058824
0.47368421052631576,,,0.4357142857142858,,1.0
0.4931506849315068,,,0.28571428571428575,,0.4
0.5068493150684932,,,0.31428571428571433,,0.5666666666666667
0.5205479452054794,,,0.30833333333333335,,0.6333333333333333
0.4794520547945205,,,0.1595238095238095,,0.5238095238095238
0.4794520547945205,,,0.33928571428571425,,0.7
0.47297297297297297,,,0.23214285714285712,,0.5333333333333333
0.4657534246575342,,,0.2678571428571429,,0.4722222222222222
0.4931506849315068,,,0.24166666666666664,,0.5666666666666667
0.4864864864864865,,,0.20476190476190476,,0.5151515151515151
0.5342465753424658,,,0.38690476190476186,,0.7
0.47297297297297297,,,0.4488095238095239,,0.8666666666666668
0.4931506849315068,,,0.31309523809523804,,0.5714285714285714
0.5616438356164384,,,0.32976190476190476,,0.7333333333333333
0.5205479452054794,,,0.3130952380952381,,0.6666666666666666
0.4864864864864865,,,0.24761904761904757,,0.7575757575757576
0.4473684210526316,,,0.42142857142857154,,0.90625
0.4794520547945205,,,0.2845238095238095,,0.6666666666666666
0.4794520547945205,,,0.23452380952380952,,0.717948717948718
0.5068493150684932,,,0.3107142857142858,,0.5666666666666667
0.5068493150684932,,,0.3130952380952381,,0.5666666666666667
0.5068493150684932,,,0.30833333333333335,,0.5666666666666667
0.5135135135135135,,,0.3738095238095236,,0.7647058823529411
0.4666666666666667,,,0.39642857142857135,,0.6862745098039216
0.4520547945205479,,,0.1928571428571428,,0.6666666666666666
0.5342465753424658,,,0.2773809523809524,,0.7
0.4657534246575342,,,0.2726190476190475,,0.5333333333333333
0.5068493150684932,,,0.325,,0.7
0.4931506849315068,,,0.5166666666666665,,0.8181818181818181
0.4520547945205479,,,0.1904761904761904,,0.5625
0.4666666666666667,,,0.24404761904761899,,0.75
0.4931506849315068,,,0.3345238095238096,,0.7666666666666667
0.4266666666666667,,,0.31785714285714284,,0.4193548387096774
0.4931506849315068,,,0.275,,0.6
0.4675324675324675,,,0.3333333333333333,,0.853658536585366
0.4794520547945205,,,0.16547619047619047,,0.5897435897435898
0.4931506849315068,,,0.26071428571428573,,0.6
0.4931506849315068,,,0.3178571428571429,,0.6333333333333333
0.4383561643835616,,,0.2916666666666667,,0.6
0.5205479452054794,,,0.38690476190476186,,0.7
0.4657534246575342,,,0.28690476190476183,,0.6333333333333333
0.4657534246575342,,,0.4678571428571428,,0.925
0.5342465753424658,,,0.28690476190476183,,0.5666666666666667
0.4594594594594595,,,0.3119047619047619,,0.7
0.4794520547945205,,,0.30833333333333335,,0.6666666666666666
0.547945205479452,,,0.269047619047619,,0.65625
0.4805194805194805,,,0.2690476190476191,,0.4594594594594595
0.4675324675324675,,,0.2726190476190476,,0.6666666666666666
0.5205479452054794,,,0.28690476190476194,,0.6666666666666666
0.5342465753424658,,,0.3416666666666667,,0.7
0.48,,,0.2535714285714286,,0.5
0.4594594594594595,,,0.2916666666666667,,0.5333333333333333
0.4657534246575342,,,0.3369047619047619,,0.7333333333333333
0.5068493150684932,,,0.33452380952380956,,0.7666666666666667
0.5342465753424658,,,0.2821428571428572,,0.6333333333333333
0.4794520547945205,,,0.48571428571428565,,0.7142857142857143
0.4657534246575342,,,0.20595238095238103,,0.34285714285714286
0.52,,,0.4452380952380953,,0.8529411764705882
0.5205479452054794,,,0.305952380952381,,0.5666666666666667
0.4864864864864865,,,0.4904761904761904,,0.96875
0.4931506849315068,,,0.37499999999999994,,0.6666666666666666
0.5205479452054794,,,0.36309523809523814,,0.7666666666666667
0.4794520547945205,,,0.32976190476190476,,0.6666666666666666
0.4657534246575342,,,0.27976190476190477,,0.6333333333333333
0.4666666666666667,,,0.3238095238095238,,0.6666666666666666
0.5205479452054794,,,0.2714285714285714,,0.7
0.4342105263157895,,,0.29642857142857143,,0.6333333333333333
0.4794520547945205,,,0.23452380952380952,,0.5641025641025641
0.5205479452054794,,,0.25714285714285723,,0.43243243243243246
0.5068493150684932,,,0.29166666666666663,,0.7
0.4794520547945205,,,0.31666666666666665,,0.5333333333333333
0.4383561643835616,,,0.24761904761904757,,0.8333333333333334
0.5205479452054794,,,0.24642857142857139,,0.5333333333333333
0.5205479452054794,,,0.20714285714285702,,0.3333333333333333
0.4533333333333333,,,0.261904761904762,,0.46875
0.5205479452054794,,,0.3702380952380952,,0.6666666666666666
0.5066666666666667,,,0.26666666666666666,,0.38235294117647056
0.4657534246575342,,,0.32499999999999996,,0.8421052631578947
0.4594594594594595,,,0.32619047619047614,,0.6470588235294118
0.527027027027027,,,0.4595238095238095,,0.7450980392156863
0.5,,,0.3809523809523809,,0.7058823529411765
0.5,,,0.3095238095238095,,0.6078431372549019
0.44594594594594594,,,0.31666666666666665,,0.5686274509803921
0.4864864864864865,,,0.3154761904761905,,0.7058823529411765
0.4864864864864865,,,0.3154761904761904,,0.5882352941176471
0.527027027027027,,,0.32857142857142857,,0.5882352941176471
0.5,,,0.3154761904761905,,0.5686274509803921
0.5,,,0.1904761904761905,,0.5098039215686274
0.43243243243243246,,,0.30119047619047623,,0.6078431372549019
0.47297297297297297,,,0.1940476190476191,,0.4117647058823529
0.4594594594594595,,,0.325,,0.7254901960784313
0.47368421052631576,,,0.3869047619047618,,0.6274509803921569
0.5,,,0.3416666666666667,,0.7254901960784313
0.4594594594594595,,,0.29642857142857143,,0.5882352941176471
0.4864864864864865,,,0.3214285714285714,,0.6078431372549019
0.4594594594594595,,,0.23690476190476195,,0.5490196078431373
0.44594594594594594,,,0.32380952380952377,,0.5882352941176471
0.4594594594594595,,,0.2833333333333334,,0.6078431372549019
0.4864864864864865,,,0.38571428571428573,,0.7843137254901961
0.4594594594594595,,,0.2833333333333334,,0.6470588235294118
0.4864864864864865,,,0.3107142857142857,,0.7647058823529411
0.5,,,0.25238095238095243,,0.5294117647058824
0.44594594594594594,,,0.43095238095238103,,0.7450980392156863
0.527027027027027,,,0.4071428571428573,,0.8235294117647058
0.5135135135135135,,,0.32619047619047614,,0.5686274509803921
0.527027027027027,,,0.3285714285714286,,0.7254901960784313
0.4594594594594595,,,0.13452380952380952,,0.4117647058823529
0.4605263157894737,,,0.38452380952380943,,0.6274509803921569
0.47297297297297297,,,0.3,,0.6666666666666666
0.5,,,0.09761904761904762,,0.39215686274509803
0.5135135135135135,,,0.38333333333333325,,0.7843137254901961
0.4864864864864865,,,0.2904761904761905,,0.5882352941176471
0.5,,,0.2976190476190476,,0.5686274509803921
0.43243243243243246,,,0.3035714285714285,,0.5686274509803921
0.4533333333333333,,,0.3428571428571428,,0.6274509803921569
0.47297297297297297,,,0.18928571428571433,,0.5098039215686274
0.5,,,0.2785714285714286,,0.6470588235294118
0.47297297297297297,,,0.24047619047619045,,0.6470588235294118
0.47297297297297297,,,0.31666666666666665,,0.5882352941176471
0.4864864864864865,,,0.39642857142857135,,0.6666666666666666
0.44594594594594594,,,0.20357142857142865,,0.6078431372549019
0.48,,,0.1357142857142857,,0.45098039215686275
0.44594594594594594,,,0.32857142857142857,,0.6862745098039216
0.4666666666666667,,,0.36666666666666664,,0.8235294117647058
0.5,,,0.2904761904761905,,0.6078431372549019
0.4675324675324675,,,0.13928571428571426,,0.37254901960784315
0.43243243243243246,,,0.2571428571428571,,0.5882352941176471
0.5,,,0.29285714285714287,,0.6862745098039216
0.527027027027027,,,0.3071428571428571,,0.6078431372549019
0.43243243243243246,,,0.2880952380952381,,0.5686274509803921
0.4594594594594595,,,0.3452380952380953,,0.5882352941176471
0.4864864864864865,,,0.2976190476190476,,0.6274509803921569
0.4864864864864865,,,0.2976190476190476,,0.5294117647058824
0.4864864864864865,,,0.2904761904761905,,0.5882352941176471
0.44594594594594594,,,0.3107142857142858,,0.6078431372549019
0.4864864864864865,,,0.31666666666666665,,0.6274509803921569
0.5135135135135135,,,0.26071428571428573,,0.47058823529411764
0.45454545454545453,,,0.37976190476190474,,0.8235294117647058
0.45454545454545453,,,0.29523809523809524,,0.5882352941176471
0.4864864864864865,,,0.2976190476190476,,0.6470588235294118
0.5,,,0.3285714285714285,,0.5490196078431373
0.4666666666666667,,,0.26666666666666666,,0.6862745098039216
0.40540540540540543,,,0.38333333333333336,,0.7843137254901961
0.4189189189189189,,,0.319047619047619,,0.6078431372549019
0.4864864864864865,,,0.33095238095238094,,0.6078431372549019
0.5,,,0.30476190476190473,,0.6470588235294118
0.4864864864864865,,,0.31309523809523815,,0.5686274509803921
0.527027027027027,,,0.35952380952380947,,0.7843137254901961
0.4666666666666667,,,0.3726190476190476,,0.5882352941176471
0.5540540540540541,,,0.29523809523809524,,0.5882352941176471
0.4594594594594595,,,0.4130952380952381,,0.6078431372549019
0.5135135135135135,,,0.319047619047619,,0.5686274509803921
0.4864864864864865,,,0.34047619047619054,,0.5882352941176471
0.47297297297297297,,,0.3119047619047619,,0.5882352941176471
0.4864864864864865,,,0.30238095238095236,,0.5882352941176471
0.41333333333333333,,,0.3035714285714286,,0.5686274509803921
0.47297297297297297,,,0.2964285714285715,,0.6470588235294118
0.4342105263157895,,,0.30476190476190473,,0.6078431372549019
0.47297297297297297,,,0.2547619047619048,,0.5882352941176471
0.47297297297297297,,,0.375,,0.803921568627451
0.5,,,0.3071428571428571,,0.6274509803921569
0.4864864864864865,,,0.3702380952380953,,0.7450980392156863
0.47297297297297297,,,0.2035714285714286,,0.5098039215686274
0.4864864864864865,,,0.3071428571428571,,0.6470588235294118
0.581081081081081,,,0.30357142857142855,,0.7647058823529411
0.4533333333333333,,,0.37738095238095243,,0.7647058823529411
0.4864864864864865,,,0.3285714285714285,,0.5882352941176471
0.48,,,0.3607142857142857,,0.8235294117647058
0.5,,,0.19523809523809524,,0.4901960784313725
0.527027027027027,,,0.2666666666666667,,0.6296296296296297
0.47297297297297297,,,0.17857142857142858,,0.5357142857142857
0.5,,,0.042857142857142844,,0.3076923076923077
0.4864864864864865,,,0.1,,0.4230769230769231
0.5,,,0.22261904761904763,,0.5675675675675675
0.527027027027027,,,0.32976190476190476,,0.8
0.5135135135135135,,,0.11190476190476191,,0.3076923076923077
0.527027027027027,,,0.10595238095238098,,0.38461538461538464
0.527027027027027,,,0.37380952380952387,,0.6944444444444444
0.44594594594594594,,,0.05119047619047619,,0.3076923076923077
0.44594594594594594,,,0.2988095238095239,,0.6875
0.47297297297297297,,,0.19880952380952385,,0.5588235294117647
0.47368421052631576,,,0.1749999999999999,,0.5517241379310345
0.527027027027027,,,0.1892857142857143,,0.6
0.5,,,0.09166666666666666,,0.34615384615384615
0.5135135135135135,,,0.042857142857142844,,0.34615384615384615
0.5,,,0.3107142857142858,,0.6428571428571429
0.44594594594594594,,,0.04761904761904761,,0.3076923076923077
0.4594594594594595,,,0.1380952380952381,,0.5
0.4594594594594595,,,0.21428571428571425,,0.5833333333333334
0.4864864864864865,,,0.13809523809523808,,0.5384615384615384
0.5,,,0.286904761904762,,0.6363636363636364
0.5,,,0.25476190476190474,,0.575
0.44594594594594594,,,0.2785714285714285,,0.6538461538461539
0.5135135135135135,,,0.20952380952380958,,0.5428571428571428
0.527027027027027,,,0.035714285714285705,,0.23076923076923078
0.527027027027027,,,0.1904761904761905,,0.38461538461538464
0.4594594594594595,,,0.26785714285714274,,0.6666666666666666
0.47368421052631576,,,0.32023809523809516,,0.75
0.47297297297297297,,,0.12142857142857147,,0.4230769230769231
0.527027027027027,,,0.3190476190476189,,0.6410256410256411
0.5135135135135135,,,0.23095238095238094,,0.6071428571428571
0.4864864864864865,,,0.12142857142857141,,0.4230769230769231
0.4594594594594595,,,0.10714285714285714,,0.4230769230769231
0.47297297297297297,,,0.23928571428571427,,0.6176470588235294
0.48,,,0.2642857142857143,,0.5882352941176471
0.47297297297297297,,,0.3488095238095238,,0.696969696969697
0.4864864864864865,,,0.09285714285714287,,0.34615384615384615
0.5,,,0.11904761904761904,,0.37037037037037035
0.4864864864864865,,,0.07619047619047618,,0.38461538461538464
0.47297297297297297,,,0.2988095238095238,,0.6060606060606061
0.44594594594594594,,,0.37499999999999994,,0.875
0.48,,,0.2785714285714287,,0.6111111111111112
0.4864864864864865,,,0.0738095238095238,,0.23076923076923078
0.48,,,0.2166666666666667,,0.6129032258064516
0.5,,,0.10476190476190476,,0.4230769230769231
0.4805194805194805,,,0.2702380952380953,,0.6097560975609756
0.4594594594594595,,,0.23333333333333334,,0.5384615384615384
0.5,,,0.13095238095238096,,0.34615384615384615
0.5,,,0.07142857142857141,,0.2692307692307692
0.5,,,0.09523809523809525,,0.46153846153846156
0.5135135135135135,,,0.10476190476190476,,0.23076923076923078
0.44594594594594594,,,0.05714285714285713,,0.3076923076923077
0.47297297297297297,,,0.3142857142857141,,0.675
0.4864864864864865,,,0.09761904761904763,,0.4230769230769231
0.4594594594594595,,,0.04166666666666666,,0.2692307692307692
0.4864864864864865,,,0.028571428571428564,,0.2692307692307692
0.5,,,0.1273809523809524,,0.46875
0.4675324675324675,,,0.25357142857142856,,0.6756756756756757
0.4675324675324675,,,0.06190476190476189,,0.3076923076923077
0.47297297297297297,,,0.09761904761904762,,0.34615384615384615
0.5,,,0.04999999999999998,,0.2692307692307692
0.49333333333333335,,,0.16190476190476188,,0.6071428571428571
0.47297297297297297,,,0.26904761904761904,,0.5925925925925926
0.43243243243243246,,,0.06904761904761904,,0.34615384615384615
0.5,,,0.04523809523809522,,0.19230769230769232
0.5,,,0.0476190476190476,,0.23076923076923078
0.5135135135135135,,,0.28928571428571426,,0.6326530612244898
0.4864864864864865,,,0.21904761904761902,,0.6571428571428571
0.5333333333333333,,,0.21309523809523814,,0.5294117647058824
0.527027027027027,,,0.10952380952380954,,0.4230769230769231
0.44594594594594594,,,0.28452380952380957,,0.65625
0.5540540540540541,,,0.10714285714285716,,0.38461538461538464
0.5135135135135135,,,0.06666666666666664,,0.19230769230769232
0.47297297297297297,,,0.05714285714285713,,0.2692307692307692
0.47297297297297297,,,0.05714285714285713,,0.23076923076923078
0.4666666666666667,,,0.07738095238095238,,0.34615384615384615
0.5,,,0.08214285714285714,,0.34615384615384615
0.4605263157894737,,,0.07142857142857141,,0.3076923076923077
0.47297297297297297,,,0.18571428571428567,,0.5897435897435898
0.5,,,0.2535714285714286,,0.7027027027027027
0.5135135135135135,,,0.04999999999999998,,0.3076923076923077
0.4864864864864865,,,0.23452380952380952,,0.6666666666666666
0.5,,,0.3273809523809526,,0.7333333333333333
0.4864864864864865,,,0.12857142857142853,,0.4444444444444445
0.5675675675675675,,,0.20595238095238097,,0.6896551724137931
0.49333333333333335,,,0.22976190476190478,,0.65625
0.5135135135135135,,,0.07857142857142856,,0.3076923076923077
0.48,,,0.2678571428571429,,0.7352941176470589
0.5,,,0.23571428571428582,,0.5526315789473685
0.4647887323943662,,,0.16428571428571428,,0.5714285714285714
0.4583333333333333,,,0.2761904761904762,,0.6666666666666666
0.43661971830985913,,,0.34999999999999987,,0.7037037037037037
0.4931506849315068,,,0.3869047619047619,,0.7567567567567568
0.4714285714285714,,,0.21309523809523806,,0.5777777777777777
0.4927536231884058,,,0.3785714285714284,,0.7037037037037037
0.4782608695652174,,,0.3511904761904761,,0.7037037037037037
0.49295774647887325,,,0.5023809523809523,,0.861111111111111
0.4520547945205479,,,0.2821428571428572,,0.7037037037037037
0.4864864864864865,,,0.3464285714285715,,0.75
0.5,,,0.37023809523809526,,0.7647058823529411
0.5131578947368421,,,0.16547619047619047,,0.5862068965517241
0.4492753623188406,,,0.4130952380952381,,0.7
0.43478260869565216,,,0.3178571428571428,,0.6666666666666666
0.5217391304347826,,,0.2785714285714286,,0.6666666666666666
0.49295774647887325,,,0.4464285714285713,,0.7857142857142857
0.44285714285714284,,,0.3047619047619048,,0.7037037037037037
0.4594594594594595,,,0.31666666666666654,,0.7407407407407407
0.4647887323943662,,,0.24285714285714283,,0.5833333333333334
0.4788732394366197,,,0.3071428571428571,,0.7407407407407407
0.5135135135135135,,,0.3511904761904762,,0.6666666666666666
0.4647887323943662,,,0.24047619047619045,,0.6
0.43243243243243246,,,0.10238095238095242,,0.5185185185185185
0.4657534246575342,,,0.20714285714285713,,0.6
0.5072463768115942,,,0.30238095238095236,,0.7407407407407407
0.5072463768115942,,,0.26428571428571435,,0.6666666666666666
0.4864864864864865,,,0.3797619047619048,,0.7878787878787878
0.47368421052631576,,,0.12261904761904767,,0.4375
0.43478260869565216,,,0.24761904761904763,,0.7037037037037037
0.4794520547945205,,,0.4666666666666666,,0.8461538461538461
0.43478260869565216,,,0.2214285714285714,,0.6071428571428571
0.4647887323943662,,,0.34761904761904744,,0.7037037037037037
0.463768115942029,,,0.33809523809523795,,0.7037037037037037
0.4864864864864865,,,0.1702380952380952,,0.5588235294117647
0.49333333333333335,,,0.20476190476190484,,0.6666666666666666
0.4788732394366197,,,0.4345238095238094,,0.909090909090909
0.5342465753424658,,,0.24999999999999994,,0.6296296296296297
0.4931506849315068,,,0.33333333333333326,,0.7037037037037037
0.4492753623188406,,,0.31190476190476185,,0.7037037037037037
0.4714285714285714,,,0.1726190476190476,,0.5151515151515151
0.4166666666666667,,,0.42976190476190473,,0.875
0.48,,,0.4166666666666667,,0.7777777777777778
0.463768115942029,,,0.2357142857142857,,0.6666666666666666
0.4666666666666667,,,0.32619047619047614,,0.6129032258064516
0.463768115942029,,,0.3190476190476189,,0.7037037037037037
0.45454545454545453,,,0.344047619047619,,0.7073170731707317
0.4383561643835616,,,0.3952380952380953,,0.717948717948718
0.43478260869565216,,,0.27142857142857146,,0.6296296296296297
0.4492753623188406,,,0.3166666666666666,,0.6296296296296297
0.4444444444444444,,,0.32142857142857134,,0.7037037037037037
0.4492753623188406,,,0.3499999999999998,,0.7407407407407407
0.4794520547945205,,,0.28809523809523807,,0.7037037037037037
0.5068493150684932,,,0.2095238095238096,,0.675
0.463768115942029,,,0.32142857142857134,,0.7037037037037037
0.47297297297297297,,,0.2726190476190477,,0.6666666666666666
0.4492753623188406,,,0.27142857142857146,,0.6666666666666666
0.4782608695652174,,,0.37500000000000006,,0.75
0.4805194805194805,,,0.3416666666666666,,0.7027027027027027
0.45454545454545453,,,0.2642857142857143,,0.7037037037037037
0.463768115942029,,,0.25,,0.7037037037037037
0.5072463768115942,,,0.30714285714285716,,0.7037037037037037
0.48,,,0.35714285714285715,,0.75
0.4864864864864865,,,0.24761904761904757,,0.6666666666666666
0.410958904109589,,,0.32142857142857134,,0.7037037037037037
0.45714285714285713,,,0.28571428571428564,,0.7037037037037037
0.4927536231884058,,,0.261904761904762,,0.6666666666666666
0.4931506849315068,,,0.21309523809523814,,0.5510204081632653
0.5211267605633803,,,0.36428571428571427,,0.6857142857142857
0.5333333333333333,,,0.16071428571428575,,0.6176470588235294
0.4927536231884058,,,0.33809523809523795,,0.7037037037037037
0.47297297297297297,,,0.1226190476190476,,0.5
0.5072463768115942,,,0.3690476190476189,,0.7037037037037037
0.463768115942029,,,0.31190476190476185,,0.6666666666666666
0.463768115942029,,,0.3142857142857142,,0.6296296296296297
0.43478260869565216,,,0.26904761904761904,,0.6666666666666666
0.48,,,0.3011904761904762,,0.6666666666666666
0.43478260869565216,,,0.24880952380952387,,0.6666666666666666
0.47368421052631576,,,0.2904761904761904,,0.6666666666666666
0.4657534246575342,,,0.34285714285714275,,0.6410256410256411
0.5068493150684932,,,0.33214285714285724,,0.6756756756756757
0.4927536231884058,,,0.26904761904761904,,0.7777777777777778
0.4861111111111111,,,0.22976190476190475,,0.6333333333333333
0.4931506849315068,,,0.3488095238095239,,0.8
0.463768115942029,,,0.2690476190476191,,0.6666666666666666
0.5362318840579711,,,0.37738095238095243,,0.7586206896551724
0.4533333333333333,,,0.2488095238095238,,0.625
0.4927536231884058,,,0.33571428571428563,,0.7037037037037037
0.4533333333333333,,,0.33452380952380945,,0.6764705882352942
0.4931506849315068,,,0.34285714285714286,,0.7631578947368421
0.4722222222222222,,,0.1619047619047619,,0.5
0.4507042253521127,,,0.2571428571428572,,0.5357142857142857
0.5205479452054794,,,0.26547619047619053,,0.6216216216216216
0.49295774647887325,,,0.2654761904761904,,0.6666666666666666
0.5070422535211268,,,0.28333333333333327,,0.5
0.4647887323943662,,,0.26071428571428573,,0.5357142857142857
0.5211267605633803,,,0.39047619047619053,,0.8055555555555556
0.4246575342465753,,,0.16785714285714284,,0.39285714285714285
0.4864864864864865,,,0.37738095238095243,,0.8125
0.47297297297297297,,,0.2583333333333333,,0.6764705882352942
0.4868421052631579,,,0.29404761904761895,,0.7586206896551724
0.4647887323943662,,,0.28928571428571426,,0.4666666666666667
0.43661971830985913,,,0.19880952380952382,,0.4642857142857143
0.5352112676056338,,,0.17142857142857146,,0.42857142857142855
0.5070422535211268,,,0.3392857142857143,,0.6904761904761905
0.43661971830985913,,,0.2190476190476191,,0.4642857142857143
0.4594594594594595,,,0.20000000000000004,,0.5714285714285714
0.4647887323943662,,,0.11904761904761903,,0.3611111111111111
0.4507042253521127,,,0.1857142857142857,,0.5714285714285714
0.5,,,0.2273809523809524,,0.6060606060606061
0.49295774647887325,,,0.2619047619047619,,0.575
0.4594594594594595,,,0.14047619047619053,,0.4642857142857143
0.5068493150684932,,,0.13095238095238096,,0.45714285714285713
0.4507042253521127,,,0.2071428571428572,,0.42857142857142855
0.5211267605633803,,,0.18095238095238095,,0.6071428571428571
0.4594594594594595,,,0.32023809523809527,,0.7575757575757576
0.4868421052631579,,,0.22499999999999995,,0.59375
0.4225352112676056,,,0.15714285714285714,,0.6071428571428571
0.4794520547945205,,,0.3714285714285714,,0.7435897435897436
0.5352112676056338,,,0.08333333333333336,,0.4642857142857143
0.4788732394366197,,,0.22380952380952382,,0.5
0.4788732394366197,,,0.21428571428571433,,0.4642857142857143
0.4594594594594595,,,0.26071428571428573,,0.7058823529411765
0.44,,,0.2761904761904762,,0.6078431372549019
0.49295774647887325,,,0.39166666666666655,,0.8181818181818181
0.4794520547945205,,,0.14047619047619045,,0.5714285714285714
0.5068493150684932,,,0.21428571428571427,,0.5714285714285714
0.4647887323943662,,,0.21904761904761907,,0.5
0.4507042253521127,,,0.2083333333333334,,0.48484848484848486
0.4583333333333333,,,0.3964285714285714,,0.9375
0.48,,,0.330952380952381,,0.6944444444444444
0.49295774647887325,,,0.15476190476190477,,0.5357142857142857
0.4533333333333333,,,0.24047619047619045,,0.5161290322580645
0.49295774647887325,,,0.19285714285714287,,0.5
0.44155844155844154,,,0.3130952380952381,,0.7317073170731707
0.4794520547945205,,,0.3047619047619048,,0.5897435897435898
0.4507042253521127,,,0.16904761904761906,,0.5714285714285714
0.4788732394366197,,,0.20476190476190478,,0.5
0.4583333333333333,,,0.2,,0.42857142857142855
0.49295774647887325,,,0.2761904761904762,,0.4642857142857143
0.4794520547945205,,,0.1714285714285714,,0.5
0.5068493150684932,,,0.3119047619047619,,0.8
0.4647887323943662,,,0.19761904761904764,,0.4642857142857143
0.44594594594594594,,,0.17738095238095236,,0.42857142857142855
0.5070422535211268,,,0.16904761904761906,,0.5357142857142857
0.5070422535211268,,,0.2559523809523809,,0.53125
0.4935064935064935,,,0.23928571428571427,,0.5675675675675675
0.5064935064935064,,,0.15238095238095237,,0.5714285714285714
0.5211267605633803,,,0.13809523809523808,,0.5
0.49295774647887325,,,0.22142857142857147,,0.4642857142857143
0.49333333333333335,,,0.24761904761904757,,0.6071428571428571
0.47297297297297297,,,0.10238095238095238,,0.42857142857142855
0.4520547945205479,,,0.21666666666666673,,0.5357142857142857
0.4647887323943662,,,0.2071428571428572,,0.5714285714285714
0.5070422535211268,,,0.1476190476190476,,0.5
0.4931506849315068,,,0.19642857142857134,,0.6122448979591837
0.4788732394366197,,,0.24047619047619045,,0.5428571428571428
0.48,,,0.21309523809523814,,0.6764705882352942
0.5070422535211268,,,0.2166666666666667,,0.5
0.5,,,0.20595238095238094,,0.625
0.5352112676056338,,,0.26666666666666666,,0.5
0.4788732394366197,,,0.23809523809523808,,0.5357142857142857
0.49295774647887325,,,0.20952380952380958,,0.5
0.4647887323943662,,,0.15476190476190477,,0.4642857142857143
0.49333333333333335,,,0.19880952380952385,,0.5357142857142857
0.4788732394366197,,,0.15119047619047618,,0.5714285714285714
0.4868421052631579,,,0.17142857142857146,,0.5
0.5068493150684932,,,0.2357142857142857,,0.6410256410256411
0.4931506849315068,,,0.21071428571428572,,0.5405405405405406
0.49295774647887325,,,0.15714285714285714,,0.4642857142857143
0.5138888888888888,,,0.09880952380952378,,0.4333333333333334
0.4520547945205479,,,0.35833333333333334,,0.9
0.5211267605633803,,,0.16904761904761903,,0.5357142857142857
0.5492957746478874,,,0.2654761904761905,,0.7241379310344828
0.49333333333333335,,,0.10595238095238102,,0.34375
0.5070422535211268,,,0.25000000000000006,,0.5
0.5066666666666667,,,0.21547619047619052,,0.47058823529411764
0.5068493150684932,,,0.26190476190476186,,0.7631578947368421
0.4166666666666667,,,0.1142857142857143,,0.4230769230769231
0.5068493150684932,,,0.19166666666666662,,0.4864864864864865
0.5138888888888888,,,0.3297619047619048,,0.7777777777777778
0.5,,,0.14047619047619045,,0.3076923076923077
0.4861111111111111,,,0.11785714285714285,,0.38461538461538464
0.5277777777777778,,,0.34285714285714286,,0.6388888888888888
0.4520547945205479,,,0.03690476190476189,,0.23076923076923078
0.47297297297297297,,,0.2797619047619049,,0.65625
0.5135135135135135,,,0.18690476190476193,,0.6176470588235294
0.5,,,0.2011904761904762,,0.5862068965517241
0.4722222222222222,,,0.1607142857142857,,0.5333333333333333
0.4722222222222222,,,0.07261904761904761,,0.2692307692307692
0.5277777777777778,,,0.038095238095238085,,0.38461538461538464
0.4583333333333333,,,0.294047619047619,,0.6428571428571429
0.4305555555555556,,,0.07619047619047618,,0.34615384615384615
0.44594594594594594,,,0.10000000000000005,,0.38461538461538464
0.4861111111111111,,,0.19523809523809524,,0.5277777777777778
0.4861111111111111,,,0.11428571428571435,,0.46153846153846156
0.527027027027027,,,0.2630952380952381,,0.6363636363636364
0.5,,,0.24285714285714283,,0.55
0.44594594594594594,,,0.2738095238095238,,0.6153846153846154
0.4794520547945205,,,0.21428571428571433,,0.48571428571428565
0.4861111111111111,,,0.06428571428571427,,0.2692307692307692
0.5138888888888888,,,0.1761904761904762,,0.5
0.4864864864864865,,,0.24642857142857127,,0.6060606060606061
0.42105263157894735,,,0.3249999999999999,,0.78125
0.5,,,0.11190476190476191,,0.38461538461538464
0.4931506849315068,,,0.29285714285714287,,0.6153846153846154
0.5,,,0.2166666666666667,,0.6071428571428571
0.4583333333333333,,,0.09285714285714285,,0.38461538461538464
0.5,,,0.06904761904761904,,0.3076923076923077
0.44594594594594594,,,0.2369047619047619,,0.6176470588235294
0.48,,,0.2642857142857143,,0.6078431372549019
0.4722222222222222,,,0.3297619047619047,,0.696969696969697
0.5068493150684932,,,0.08095238095238096,,0.34615384615384615
0.4657534246575342,,,0.09285714285714285,,0.40740740740740733
0.4722222222222222,,,0.08095238095238094,,0.4230769230769231
0.5416666666666666,,,0.3130952380952381,,0.5757575757575758
0.4305555555555556,,,0.35119047619047616,,0.84375
0.49333333333333335,,,0.24761904761904768,,0.5555555555555556
0.4722222222222222,,,0.08333333333333333,,0.38461538461538464
0.49333333333333335,,,0.20714285714285713,,0.5806451612903226
0.5,,,0.06666666666666664,,0.23076923076923078
0.45454545454545453,,,0.2511904761904762,,0.5853658536585366
0.4520547945205479,,,0.22142857142857145,,0.5384615384615384
0.4583333333333333,,,0.11666666666666667,,0.38461538461538464
0.5277777777777778,,,0.05714285714285713,,0.19230769230769232
0.4305555555555556,,,0.07142857142857141,,0.4230769230769231
0.4722222222222222,,,0.13333333333333333,,0.3076923076923077
0.4520547945205479,,,0.033333333333333326,,0.2692307692307692
0.4520547945205479,,,0.3214285714285713,,0.675
0.4861111111111111,,,0.06428571428571427,,0.38461538461538464
0.4594594594594595,,,0.04404761904761904,,0.2692307692307692
0.5,,,0.019047619047619042,,0.15384615384615385
0.4861111111111111,,,0.11309523809523811,,0.4375
0.4675324675324675,,,0.23690476190476187,,0.6486486486486487
0.42857142857142855,,,0.052380952380952375,,0.34615384615384615
0.4583333333333333,,,0.0738095238095238,,0.3076923076923077
0.5138888888888888,,,0.07857142857142857,,0.34615384615384615
0.48,,,0.14285714285714285,,0.5
0.5,,,0.24047619047619045,,0.5185185185185185
0.4657534246575342,,,0.06904761904761902,,0.3076923076923077
0.4861111111111111,,,0.0738095238095238,,0.34615384615384615
0.5277777777777778,,,0.0238095238095238,,0.23076923076923078
0.4931506849315068,,,0.28214285714285714,,0.6122448979591837
0.5555555555555556,,,0.18809523809523807,,0.6285714285714286
0.52,,,0.2250000000000001,,0.5588235294117647
0.5138888888888888,,,0.08095238095238094,,0.3076923076923077
0.47297297297297297,,,0.29404761904761906,,0.6875
0.5277777777777778,,,0.12142857142857144,,0.3076923076923077
0.5138888888888888,,,0.09523809523809527,,0.34615384615384615
0.4583333333333333,,,0.06666666666666664,,0.2692307692307692
0.5,,,0.02857142857142857,,0.3076923076923077
0.48,,,0.07023809523809524,,0.34615384615384615
0.4583333333333333,,,0.07023809523809524,,0.46153846153846156
0.4868421052631579,,,0.0476190476190476,,0.3076923076923077
0.4931506849315068,,,0.16190476190476183,,0.5641025641025641
0.4931506849315068,,,0.225,,0.7027027027027027
0.4861111111111111,,,0.04999999999999998,,0.38461538461538464
0.4861111111111111,,,0.22738095238095238,,0.6666666666666666
0.4657534246575342,,,0.3154761904761906,,0.7333333333333333
0.5,,,0.1,,0.37037037037037035
0.5416666666666666,,,0.17976190476190476,,0.6206896551724138
0.4533333333333333,,,0.2011904761904762,,0.59375
0.4861111111111111,,,0.10714285714285714,,0.2692307692307692
0.48,,,0.23928571428571427,,0.6764705882352942
0.5068493150684932,,,0.22857142857142865,,0.6052631578947368
0.4383561643835616,,,0.23214285714285715,,0.5675675675675675
0.4647887323943662,,,0.3869047619047618,,0.7555555555555555
0.49295774647887325,,,0.04523809523809522,,0.23076923076923078
0.4647887323943662,,,0.02261904761904761,,0.11538461538461539
0.4507042253521127,,,0.38333333333333336,,0.6944444444444444
0.4246575342465753,,,0.09404761904761902,,0.38461538461538464
0.4864864864864865,,,0.2892857142857145,,0.5625
0.4864864864864865,,,0.21547619047619052,,0.5588235294117647
0.4868421052631579,,,0.2607142857142857,,0.6896551724137931
0.49295774647887325,,,0.1488095238095238,,0.6
0.4507042253521127,,,0.07023809523809525,,0.38461538461538464
0.49295774647887325,,,0.0952380952380952,,0.38461538461538464
0.49295774647887325,,,0.33214285714285713,,0.5714285714285714
0.4225352112676056,,,0.052380952380952375,,0.2692307692307692
0.4864864864864865,,,0.17619047619047618,,0.4230769230769231
0.4225352112676056,,,0.27142857142857135,,0.6111111111111112
0.43661971830985913,,,0.19047619047619044,,0.4230769230769231
0.47297297297297297,,,0.3178571428571429,,0.696969696969697
0.5070422535211268,,,0.2571428571428572,,0.65
0.43243243243243246,,,0.3547619047619047,,0.7692307692307693
0.4794520547945205,,,0.269047619047619,,0.6285714285714286
0.4788732394366197,,,0.0738095238095238,,0.4230769230769231
0.4788732394366197,,,0.27619047619047615,,0.6923076923076923
0.4594594594594595,,,0.29404761904761917,,0.5757575757575758
0.4605263157894737,,,0.401190476190476,,0.78125
0.4507042253521127,,,0.19761904761904756,,0.5
0.5068493150684932,,,0.3238095238095237,,0.6153846153846154
0.49295774647887325,,,0.2976190476190476,,0.6071428571428571
0.4507042253521127,,,0.05476190476190475,,0.23076923076923078
0.4788732394366197,,,0.059523809523809514,,0.2692307692307692
0.47297297297297297,,,0.31309523809523826,,0.6764705882352942
0.48,,,0.28095238095238095,,0.6078431372549019
0.4647887323943662,,,0.36547619047619045,,0.696969696969697
0.5205479452054794,,,0.16428571428571423,,0.5
0.4794520547945205,,,0.11904761904761907,,0.40740740740740733
0.43661971830985913,,,0.0476190476190476,,0.23076923076923078
0.4507042253521127,,,0.3011904761904762,,0.48484848484848486
0.4583333333333333,,,0.4035714285714286,,0.78125
0.4533333333333333,,,0.30238095238095236,,0.5
0.4788732394366197,,,0.14523809523809522,,0.5
0.49333333333333335,,,0.2,,0.6129032258064516
0.4647887323943662,,,0.10000000000000002,,0.34615384615384615
0.45454545454545453,,,0.28452380952380957,,0.6341463414634146
0.4520547945205479,,,0.2333333333333333,,0.41025641025641024
0.39436619718309857,,,0.21666666666666665,,0.46153846153846156
0.4788732394366197,,,0.05714285714285713,,0.3076923076923077
0.4166666666666667,,,0.0761904761904762,,0.2692307692307692
0.5070422535211268,,,0.0476190476190476,,0.3076923076923077
0.4246575342465753,,,0.09523809523809525,,0.34615384615384615
0.4383561643835616,,,0.33809523809523795,,0.675
0.4225352112676056,,,0.08333333333333331,,0.3076923076923077
0.4189189189189189,,,0.08452380952380951,,0.38461538461538464
0.4507042253521127,,,0.10000000000000002,,0.38461538461538464
0.49295774647887325,,,0.13214285714285715,,0.34375
0.45454545454545453,,,0.23928571428571427,,0.6756756756756757
0.4805194805194805,,,0.13809523809523808,,0.34615384615384615
0.4788732394366197,,,0.18333333333333326,,0.5
0.5070422535211268,,,0.059523809523809514,,0.3076923076923077
0.4666666666666667,,,0.15714285714285717,,0.42857142857142855
0.47297297297297297,,,0.3333333333333333,,0.6296296296296297
0.4657534246575342,,,0.04523809523809522,,0.19230769230769232
0.4507042253521127,,,0.07857142857142856,,0.3076923076923077
0.4647887323943662,,,0.13333333333333333,,0.4230769230769231
0.4794520547945205,,,0.3297619047619047,,0.6122448979591837
0.4647887323943662,,,0.2261904761904762,,0.6
0.49333333333333335,,,0.2869047619047619,,0.7058823529411765
0.4788732394366197,,,0.061904761904761886,,0.2692307692307692
0.4864864864864865,,,0.3535714285714286,,0.6875
0.49295774647887325,,,0.030952380952380946,,0.23076923076923078
0.4788732394366197,,,0.06666666666666664,,0.3076923076923077
0.4647887323943662,,,0.052380952380952375,,0.2692307692307692
0.4647887323943662,,,0.11904761904761904,,0.38461538461538464
0.4666666666666667,,,0.06071428571428571,,0.2692307692307692
0.4788732394366197,,,0.15119047619047618,,0.38461538461538464
0.47368421052631576,,,0.09523809523809522,,0.34615384615384615
0.4657534246575342,,,0.17142857142857137,,0.43589743589743596
0.4931506849315068,,,0.25119047619047624,,0.6486486486486487
0.4507042253521127,,,0.11190476190476191,,0.38461538461538464
0.4444444444444444,,,0.2654761904761905,,0.6333333333333333
0.4657534246575342,,,0.38452380952380977,,0.6333333333333333
0.49295774647887325,,,0.21190476190476187,,0.4814814814814815
0.5352112676056338,,,0.2130952380952381,,0.6206896551724138
0.4533333333333333,,,0.2964285714285715,,0.65625
0.4788732394366197,,,0.040476190476190464,,0.2692307692307692
0.4666666666666667,,,0.27261904761904765,,0.6470588235294118
0.4794520547945205,,,0.3166666666666667,,0.6578947368421053
0.5068493150684932,,,0.38333333333333325,,0.7777777777777778
0.5068493150684932,,,0.25833333333333336,,0.6216216216216216
0.547945205479452,,,0.23809523809523808,,0.5945945945945946
0.5068493150684932,,,0.21547619047619046,,0.5675675675675675
0.4657534246575342,,,0.20238095238095238,,0.5405405405405406
0.4864864864864865,,,0.3261904761904762,,0.7837837837837838
0.5,,,0.06190476190476191,,0.32432432432432434
0.5,,,0.35952380952380947,,0.7567567567567568
0.5205479452054794,,,0.1357142857142857,,0.4864864864864865
0.5068493150684932,,,0.19523809523809518,,0.5405405405405406
0.5068493150684932,,,0.2178571428571429,,0.5945945945945946
0.4931506849315068,,,0.16190476190476186,,0.4523809523809524
0.4931506849315068,,,0.22976190476190478,,0.5675675675675675
0.4594594594594595,,,0.18214285714285708,,0.43243243243243246
0.4794520547945205,,,0.175,,0.4594594594594595
0.4931506849315068,,,0.18690476190476185,,0.4864864864864865
0.5,,,0.14047619047619048,,0.5135135135135135
0.5068493150684932,,,0.2654761904761905,,0.575
0.44594594594594594,,,0.37023809523809526,,0.6486486486486487
0.5616438356164384,,,0.23690476190476195,,0.5405405405405406
0.5205479452054794,,,0.22500000000000003,,0.5945945945945946
0.547945205479452,,,0.2535714285714286,,0.5135135135135135
0.47297297297297297,,,0.29761904761904756,,0.7567567567567568
0.4473684210526316,,,0.4261904761904762,,0.8648648648648649
0.4931506849315068,,,0.2083333333333334,,0.5675675675675675
0.4931506849315068,,,0.23928571428571438,,0.6923076923076923
0.547945205479452,,,0.24642857142857139,,0.5405405405405406
0.5205479452054794,,,0.18690476190476185,,0.5405405405405406
0.5068493150684932,,,0.18452380952380948,,0.5405405405405406
0.5,,,0.3261904761904761,,0.7027027027027027
0.48,,,0.29166666666666674,,0.5294117647058824
0.5068493150684932,,,0.21428571428571425,,0.5405405405405406
0.5342465753424658,,,0.1916666666666666,,0.5405405405405406
0.5068493150684932,,,0.16547619047619044,,0.5675675675675675
0.4794520547945205,,,0.2178571428571429,,0.5405405405405406
0.4931506849315068,,,0.38333333333333325,,0.6216216216216216
0.4931506849315068,,,0.2785714285714286,,0.7567567567567568
0.49333333333333335,,,0.30833333333333324,,0.7837837837837838
0.5342465753424658,,,0.23452380952380952,,0.5675675675675675
0.5066666666666667,,,0.1297619047619048,,0.4864864864864865
0.5205479452054794,,,0.1797619047619047,,0.4864864864864865
0.4675324675324675,,,0.32142857142857134,,0.8048780487804879
0.4657534246575342,,,0.2178571428571428,,0.3333333333333333
0.5068493150684932,,,0.19880952380952382,,0.4864864864864865
0.5616438356164384,,,0.20357142857142857,,0.5405405405405406
0.4931506849315068,,,0.1797619047619047,,0.5675675675675675
0.4931506849315068,,,0.26309523809523816,,0.6216216216216216
0.4520547945205479,,,0.18928571428571425,,0.4864864864864865
0.4931506849315068,,,0.41547619047619033,,0.9
0.4931506849315068,,,0.17738095238095233,,0.5675675675675675
0.47297297297297297,,,0.21904761904761907,,0.5675675675675675
0.547945205479452,,,0.20833333333333331,,0.5405405405405406
0.5205479452054794,,,0.2357142857142856,,0.5945945945945946
0.4675324675324675,,,0.12142857142857144,,0.5405405405405406
0.4675324675324675,,,0.18928571428571425,,0.4864864864864865
0.5205479452054794,,,0.2011904761904762,,0.4864864864864865
0.5068493150684932,,,0.23452380952380952,,0.5945945945945946
0.5066666666666667,,,0.12499999999999997,,0.43243243243243246
0.47297297297297297,,,0.2369047619047619,,0.4594594594594595
0.4931506849315068,,,0.2130952380952381,,0.5405405405405406
0.4931506849315068,,,0.23452380952380952,,0.5405405405405406
0.5068493150684932,,,0.18690476190476185,,0.4864864864864865
0.4520547945205479,,,0.4,,0.6938775510204082
0.5205479452054794,,,0.09166666666666665,,0.43243243243243246
0.5066666666666667,,,0.3666666666666666,,0.6756756756756757
0.4931506849315068,,,0.18690476190476188,,0.5405405405405406
0.4864864864864865,,,0.42857142857142866,,0.7837837837837838
0.5753424657534246,,,0.23928571428571427,,0.5945945945945946
0.4931506849315068,,,0.24880952380952387,,0.5945945945945946
0.5342465753424658,,,0.21309523809523814,,0.5405405405405406
0.5342465753424658,,,0.18928571428571425,,0.5135135135135135
0.5066666666666667,,,0.20714285714285716,,0.4864864864864865
0.5342465753424658,,,0.1928571428571428,,0.5405405405405406
0.5,,,0.19166666666666662,,0.5675675675675675
0.5205479452054794,,,0.14642857142857144,,0.41025641025641024
0.5205479452054794,,,0.0952380952380952,,0.4594594594594595
0.5342465753424658,,,0.20833333333333331,,0.5135135135135135
0.5205479452054794,,,0.2,,0.5945945945945946
0.4794520547945205,,,0.3452380952380953,,0.7297297297297297
0.5068493150684932,,,0.19166666666666668,,0.5945945945945946
0.589041095890411,,,0.09761904761904762,,0.4594594594594595
0.48,,,0.1976190476190476,,0.5675675675675675
0.5342465753424658,,,0.2464285714285715,,0.6216216216216216
0.48,,,0.10238095238095238,,0.43243243243243246
0.4931506849315068,,,0.344047619047619,,0.8157894736842104
0.4714285714285714,,,0.4178571428571428,,0.8222222222222222
0.4857142857142857,,,0.3857142857142855,,0.7777777777777778
0.4507042253521127,,,0.3559523809523809,,0.6444444444444445
0.4520547945205479,,,0.33095238095238094,,0.7777777777777778
0.5,,,0.25,,0.5555555555555556
0.4864864864864865,,,0.38333333333333336,,0.7333333333333333
0.47368421052631576,,,0.24761904761904763,,0.6
0.5285714285714286,,,0.3785714285714286,,0.6222222222222222
0.44285714285714284,,,0.3523809523809523,,0.7555555555555555
0.4714285714285714,,,0.3369047619047619,,0.8
0.49295774647887325,,,0.35952380952380947,,0.8444444444444444
0.4857142857142857,,,0.35119047619047616,,0.7777777777777778
0.4594594594594595,,,0.35119047619047616,,0.8
0.49295774647887325,,,0.2607142857142857,,0.5777777777777777
0.4647887323943662,,,0.35119047619047616,,0.7777777777777778
0.5135135135135135,,,0.2738095238095237,,0.6
0.5211267605633803,,,0.23928571428571427,,0.6888888888888889
0.47297297297297297,,,0.20595238095238103,,0.7111111111111111
0.5068493150684932,,,0.25119047619047613,,0.6
0.5285714285714286,,,0.3416666666666667,,0.7777777777777778
0.5142857142857142,,,0.35833333333333334,,0.7777777777777778
0.47297297297297297,,,0.269047619047619,,0.5555555555555556
0.4605263157894737,,,0.15476190476190477,,0.4444444444444445
0.4714285714285714,,,0.33452380952380956,,0.7777777777777778
0.4794520547945205,,,0.3130952380952382,,0.6222222222222222
0.45714285714285713,,,0.255952380952381,,0.6
0.5211267605633803,,,0.38214285714285706,,0.8
0.5,,,0.3702380952380952,,0.7777777777777778
0.47297297297297297,,,0.19523809523809524,,0.5333333333333333
0.49333333333333335,,,0.3202380952380952,,0.6862745098039216
0.4507042253521127,,,0.32142857142857134,,0.6222222222222222
0.4931506849315068,,,0.29642857142857143,,0.7333333333333333
0.4794520547945205,,,0.3273809523809524,,0.7555555555555555
0.4714285714285714,,,0.35119047619047616,,0.7555555555555555
0.4714285714285714,,,0.2571428571428571,,0.7111111111111111
0.4305555555555556,,,0.2857142857142857,,0.5333333333333333
0.48,,,0.3035714285714285,,0.5555555555555556
0.45714285714285713,,,0.32261904761904764,,0.8
0.49333333333333335,,,0.3488095238095238,,0.6222222222222222
0.45714285714285713,,,0.35357142857142854,,0.7777777777777778
0.45454545454545453,,,0.22857142857142856,,0.5777777777777777
0.4657534246575342,,,0.3773809523809524,,0.8222222222222222
0.4857142857142857,,,0.33452380952380956,,0.7555555555555555
0.4714285714285714,,,0.3559523809523809,,0.7777777777777778
0.4583333333333333,,,0.3607142857142857,,0.7555555555555555
0.4857142857142857,,,0.39642857142857135,,0.7555555555555555
0.4657534246575342,,,0.33214285714285713,,0.7555555555555555
0.5068493150684932,,,0.1821428571428571,,0.4666666666666667
0.4857142857142857,,,0.3559523809523809,,0.7555555555555555
0.47297297297297297,,,0.32857142857142857,,0.7555555555555555
0.5,,,0.3297619047619048,,0.7777777777777778
0.5142857142857142,,,0.3357142857142857,,0.6222222222222222
0.45454545454545453,,,0.34761904761904766,,0.6888888888888889
0.4935064935064935,,,0.32976190476190476,,0.7777777777777778
0.4714285714285714,,,0.325,,0.7555555555555555
0.4857142857142857,,,0.3511904761904761,,0.7777777777777778
0.4666666666666667,,,0.36309523809523814,,0.8
0.5135135135135135,,,0.25119047619047624,,0.5777777777777777
0.4794520547945205,,,0.3654761904761904,,0.7777777777777778
0.5285714285714286,,,0.3392857142857143,,0.7555555555555555
0.4714285714285714,,,0.325,,0.7777777777777778
0.5342465753424658,,,0.19047619047619044,,0.4897959183673469
0.4788732394366197,,,0.37023809523809514,,0.6
0.48,,,0.1976190476190476,,0.5555555555555556
0.5142857142857142,,,0.3702380952380952,,0.7555555555555555
0.47297297297297297,,,0.17142857142857143,,0.6
0.5142857142857142,,,0.4011904761904761,,0.8
0.4857142857142857,,,0.36547619047619045,,0.7777777777777778
0.4714285714285714,,,0.3559523809523809,,0.7555555555555555
0.4714285714285714,,,0.3297619047619048,,0.7555555555555555
0.4666666666666667,,,0.3523809523809523,,0.7777777777777778
0.4857142857142857,,,0.3261904761904762,,0.7555555555555555
0.5,,,0.34404761904761905,,0.7555555555555555
0.5205479452054794,,,0.3773809523809524,,0.8444444444444444
0.5342465753424658,,,0.34047619047619054,,0.6666666666666666
0.4857142857142857,,,0.32976190476190476,,0.7555555555555555
0.5138888888888888,,,0.25952380952380955,,0.5777777777777777
0.4794520547945205,,,0.25952380952380943,,0.5333333333333333
0.4714285714285714,,,0.34880952380952385,,0.7555555555555555
0.5142857142857142,,,0.3809523809523809,,0.7111111111111111
0.4533333333333333,,,0.25714285714285706,,0.6
0.45714285714285713,,,0.3797619047619047,,0.7777777777777778
0.52,,,0.33333333333333337,,0.6888888888888889
0.5068493150684932,,,0.25119047619047613,,0.6
0.5,,,0.039285714285714285,,0.19230769230769232
0.4788732394366197,,,0.4071428571428572,,0.75
0.4246575342465753,,,0.11547619047619047,,0.34615384615384615
0.47297297297297297,,,0.32500000000000023,,0.625
0.5,,,0.24880952380952387,,0.6176470588235294
0.4605263157894737,,,0.2797619047619046,,0.6551724137931034
0.45588235294117646,,,0.17499999999999996,,0.6
0.391304347826087,,,0.09166666666666669,,0.2692307692307692
0.4393939393939394,,,0.11666666666666665,,0.34615384615384615
0.49295774647887325,,,0.36071428571428577,,0.5952380952380952
0.4,,,0.08333333333333334,,0.34615384615384615
0.44594594594594594,,,0.20238095238095238,,0.46153846153846156
0.4788732394366197,,,0.2952380952380952,,0.6111111111111112
0.4225352112676056,,,0.21666666666666665,,0.5384615384615384
0.527027027027027,,,0.34404761904761905,,0.696969696969697
0.5070422535211268,,,0.2857142857142857,,0.7
0.43243243243243246,,,0.3904761904761905,,0.8076923076923077
0.5342465753424658,,,0.2928571428571428,,0.5714285714285714
0.43283582089552236,,,0.07619047619047618,,0.3076923076923077
0.4626865671641791,,,0.30238095238095236,,0.6923076923076923
0.47297297297297297,,,0.32738095238095255,,0.6363636363636364
0.47368421052631576,,,0.42976190476190457,,0.71875
0.4057971014492754,,,0.2333333333333333,,0.5769230769230769
0.5068493150684932,,,0.34047619047619027,,0.6153846153846154
0.4782608695652174,,,0.3238095238095238,,0.6428571428571429
0.4647887323943662,,,0.08095238095238094,,0.2692307692307692
0.4411764705882353,,,0.0857142857142857,,0.3076923076923077
0.4864864864864865,,,0.34880952380952396,,0.7647058823529411
0.49333333333333335,,,0.29761904761904756,,0.6470588235294118
0.4647887323943662,,,0.3988095238095238,,0.696969696969697
0.4794520547945205,,,0.19523809523809518,,0.5384615384615384
0.5068493150684932,,,0.13333333333333333,,0.40740740740740733
0.4411764705882353,,,0.09285714285714285,,0.38461538461538464
0.4142857142857143,,,0.325,,0.5454545454545454
0.4861111111111111,,,0.4392857142857142,,0.78125
0.49333333333333335,,,0.33333333333333337,,0.5555555555555556
0.4782608695652174,,,0.18571428571428567,,0.5
0.48,,,0.23095238095238094,,0.6451612903225806
0.4411764705882353,,,0.1261904761904762,,0.3076923076923077
0.4675324675324675,,,0.2988095238095238,,0.6341463414634146
0.4794520547945205,,,0.25952380952380943,,0.46153846153846156
0.45588235294117646,,,0.24285714285714283,,0.5384615384615384
0.4090909090909091,,,0.08333333333333333,,0.23076923076923078
0.4444444444444444,,,0.10238095238095239,,0.3076923076923077
0.45588235294117646,,,0.05476190476190475,,0.19230769230769232
0.4383561643835616,,,0.12142857142857144,,0.3076923076923077
0.4931506849315068,,,0.33571428571428563,,0.7
0.43478260869565216,,,0.10952380952380954,,0.2692307692307692
0.40540540540540543,,,0.11785714285714285,,0.34615384615384615
0.45454545454545453,,,0.12619047619047621,,0.34615384615384615
0.4782608695652174,,,0.15833333333333327,,0.4375
0.44155844155844154,,,0.2488095238095238,,0.6756756756756757
0.45454545454545453,,,0.16428571428571428,,0.4230769230769231
0.4393939393939394,,,0.2095238095238095,,0.5384615384615384
0.4411764705882353,,,0.08095238095238096,,0.3076923076923077
0.49333333333333335,,,0.18809523809523815,,0.5
0.5,,,0.3595238095238095,,0.6666666666666666
0.4931506849315068,,,0.07142857142857142,,0.2692307692307692
0.44285714285714284,,,0.10952380952380955,,0.4230769230769231
0.45454545454545453,,,0.15952380952380946,,0.38461538461538464
0.4794520547945205,,,0.344047619047619,,0.6530612244897959
0.5211267605633803,,,0.25238095238095243,,0.6285714285714286
0.5066666666666667,,,0.32500000000000007,,0.7058823529411765
0.45454545454545453,,,0.08809523809523809,,0.23076923076923078
0.4864864864864865,,,0.38214285714285723,,0.71875
0.4393939393939394,,,0.019047619047619042,,0.11538461538461539
0.44776119402985076,,,0.08809523809523807,,0.3076923076923077
0.43478260869565216,,,0.07380952380952381,,0.23076923076923078
0.42028985507246375,,,0.14523809523809522,,0.38461538461538464
0.49333333333333335,,,0.09404761904761909,,0.34615384615384615
0.4782608695652174,,,0.1845238095238095,,0.5384615384615384
0.5131578947368421,,,0.12619047619047616,,0.34615384615384615
0.5068493150684932,,,0.20238095238095227,,0.4871794871794871
0.5342465753424658,,,0.27738095238095245,,0.6756756756756757
0.40298507462686567,,,0.13809523809523808,,0.46153846153846156
0.4861111111111111,,,0.2964285714285714,,0.6666666666666666
0.5068493150684932,,,0.4202380952380954,,0.7
0.4782608695652174,,,0.23809523809523805,,0.4814814814814815
0.5,,,0.24166666666666664,,0.6896551724137931
0.4666666666666667,,,0.32261904761904775,,0.59375
0.4090909090909091,,,0.052380952380952375,,0.19230769230769232
0.5466666666666666,,,0.2988095238095238,,0.6470588235294118
0.4931506849315068,,,0.33095238095238094,,0.631578947368421
0.5070422535211268,,,0.38452380952380943,,0.6944444444444444
0.4383561643835616,,,0.09285714285714283,,0.4
0.4594594594594595,,,0.2880952380952382,,0.59375
0.5,,,0.22380952380952385,,0.5882352941176471
0.5,,,0.2571428571428571,,0.6896551724137931
0.4852941176470588,,,0.15714285714285714,,0.5666666666666667
0.4927536231884058,,,0.06666666666666664,,0.36
0.5,,,0.10119047619047619,,0.38461538461538464
0.49295774647887325,,,0.3357142857142858,,0.5952380952380952
0.44285714285714284,,,0.06785714285714285,,0.34615384615384615
0.5,,,0.17976190476190476,,0.4230769230769231
0.4507042253521127,,,0.2702380952380951,,0.6111111111111112
0.4507042253521127,,,0.19404761904761905,,0.46153846153846156
0.5,,,0.3214285714285714,,0.6666666666666666
0.43661971830985913,,,0.2535714285714286,,0.675
0.47297297297297297,,,0.3559523809523809,,0.7692307692307693
0.5068493150684932,,,0.26309523809523805,,0.6
0.45588235294117646,,,0.07738095238095237,,0.38461538461538464
0.47058823529411764,,,0.28214285714285714,,0.6923076923076923
0.4864864864864865,,,0.29285714285714304,,0.5757575757575758
0.4868421052631579,,,0.39523809523809506,,0.75
0.43478260869565216,,,0.20833333333333331,,0.5384615384615384
0.5068493150684932,,,0.32261904761904747,,0.6153846153846154
0.4782608695652174,,,0.3035714285714286,,0.6428571428571429
0.4647887323943662,,,0.06309523809523811,,0.19230769230769232
0.4411764705882353,,,0.06785714285714285,,0.2692307692307692
0.4864864864864865,,,0.30952380952380965,,0.7352941176470589
0.49333333333333335,,,0.275,,0.6470588235294118
0.4507042253521127,,,0.369047619047619,,0.696969696969697
0.5068493150684932,,,0.16309523809523804,,0.52
0.4383561643835616,,,0.1226190476190476,,0.4444444444444445
0.4264705882352941,,,0.06309523809523808,,0.2692307692307692
0.4857142857142857,,,0.30476190476190473,,0.48484848484848486
0.4722222222222222,,,0.40238095238095256,,0.8125
0.49333333333333335,,,0.30119047619047623,,0.5277777777777778
0.4782608695652174,,,0.16071428571428567,,0.5
0.48,,,0.20595238095238094,,0.6129032258064516
0.4264705882352941,,,0.10357142857142858,,0.2692307692307692
0.4675324675324675,,,0.2761904761904762,,0.6341463414634146
0.4794520547945205,,,0.23214285714285712,,0.43589743589743596
0.4264705882352941,,,0.22261904761904763,,0.5384615384615384
0.47058823529411764,,,0.06547619047619047,,0.2692307692307692
0.4722222222222222,,,0.07976190476190476,,0.34615384615384615
0.45588235294117646,,,0.05357142857142858,,0.2692307692307692
0.4383561643835616,,,0.10119047619047619,,0.34615384615384615
0.4657534246575342,,,0.3321428571428571,,0.7
0.43478260869565216,,,0.0869047619047619,,0.3076923076923077
0.44594594594594594,,,0.08333333333333333,,0.36
0.45588235294117646,,,0.10833333333333335,,0.38461538461538464
0.4927536231884058,,,0.13571428571428568,,0.375
0.4675324675324675,,,0.23095238095238096,,0.6486486486486487
0.44155844155844154,,,0.14166666666666666,,0.34615384615384615
0.47058823529411764,,,0.18690476190476188,,0.5
0.4411764705882353,,,0.07261904761904762,,0.34615384615384615
0.4533333333333333,,,0.17023809523809522,,0.4642857142857143
0.4864864864864865,,,0.33690476190476193,,0.7037037037037037
0.4383561643835616,,,0.05119047619047619,,0.11538461538461539
0.45714285714285713,,,0.09166666666666663,,0.3076923076923077
0.5294117647058824,,,0.1369047619047619,,0.4230769230769231
0.4794520547945205,,,0.3333333333333333,,0.6326530612244898
0.5211267605633803,,,0.22976190476190475,,0.6285714285714286
0.48,,,0.2904761904761905,,0.7058823529411765
0.47058823529411764,,,0.07023809523809524,,0.2692307692307692
0.47297297297297297,,,0.3476190476190476,,0.6875
0.5,,,0.02261904761904761,,0.11538461538461539
0.45588235294117646,,,0.07738095238095238,,0.3076923076923077
0.463768115942029,,,0.05833333333333333,,0.2692307692307692
0.463768115942029,,,0.125,,0.38461538461538464
0.48,,,0.061904761904761886,,0.28
0.463768115942029,,,0.15952380952380948,,0.44000000000000006
0.4342105263157895,,,0.1035714285714286,,0.38461538461538464
0.5205479452054794,,,0.17976190476190473,,0.46153846153846156
0.4657534246575342,,,0.25952380952380955,,0.6486486486486487
0.47058823529411764,,,0.11785714285714285,,0.4230769230769231
0.4861111111111111,,,0.2738095238095238,,0.6333333333333333
0.4657534246575342,,,0.3809523809523812,,0.7
0.4927536231884058,,,0.21547619047619043,,0.4814814814814815
0.5294117647058824,,,0.22380952380952385,,0.6206896551724138
0.4533333333333333,,,0.29761904761904767,,0.625
0.47058823529411764,,,0.04880952380952381,,0.2692307692307692
0.52,,,0.2785714285714285,,0.6764705882352942
0.4931506849315068,,,0.31785714285714295,,0.6578947368421053
0.4794520547945205,,,0.3511904761904762,,0.6666666666666666
0.43243243243243246,,,0.2369047619047619,,0.5833333333333334
0.5,,,0.23928571428571424,,0.6944444444444444
0.4868421052631579,,,0.455952380952381,,0.6388888888888888
0.4647887323943662,,,0.2607142857142857,,0.6944444444444444
0.49295774647887325,,,0.3488095238095238,,0.6666666666666666
0.49295774647887325,,,0.36666666666666664,,0.6666666666666666
0.49295774647887325,,,0.1392857142857143,,0.4523809523809524
0.43661971830985913,,,0.3857142857142858,,0.6666666666666666
0.4189189189189189,,,0.3,,0.6388888888888888
0.4647887323943662,,,0.35000000000000003,,0.8055555555555556
0.4647887323943662,,,0.3047619047619047,,0.6944444444444444
0.47297297297297297,,,0.2107142857142857,,0.7222222222222222
0.5070422535211268,,,0.3238095238095238,,0.6
0.4594594594594595,,,0.47619047619047616,,0.8055555555555556
0.4794520547945205,,,0.39047619047619053,,0.7777777777777778
0.49295774647887325,,,0.380952380952381,,0.6944444444444444
0.5070422535211268,,,0.3404761904761905,,0.6666666666666666
0.44594594594594594,,,0.22023809523809526,,0.6111111111111112
0.4342105263157895,,,0.4345238095238095,,0.7222222222222222
0.4788732394366197,,,0.3214285714285714,,0.7222222222222222
0.5342465753424658,,,0.10952380952380955,,0.46153846153846156
0.5211267605633803,,,0.36190476190476184,,0.7777777777777778
0.5070422535211268,,,0.33095238095238094,,0.6944444444444444
0.4788732394366197,,,0.33571428571428574,,0.6666666666666666
0.4594594594594595,,,0.35833333333333334,,0.7222222222222222
0.4666666666666667,,,0.3547619047619048,,0.6078431372549019
0.4788732394366197,,,0.15595238095238098,,0.5
0.5205479452054794,,,0.3023809523809524,,0.6388888888888888
0.4794520547945205,,,0.27857142857142864,,0.6111111111111112
0.4647887323943662,,,0.369047619047619,,0.6666666666666666
0.4507042253521127,,,0.46547619047619043,,0.7777777777777778
0.4583333333333333,,,0.17261904761904753,,0.5833333333333334
0.5066666666666667,,,0.1904761904761905,,0.5277777777777778
0.4647887323943662,,,0.3619047619047619,,0.6944444444444444
0.48,,,0.2809523809523809,,0.6944444444444444
0.4647887323943662,,,0.31666666666666665,,0.6666666666666666
0.45454545454545453,,,0.24642857142857139,,0.5121951219512195
0.4520547945205479,,,0.23571428571428577,,0.5128205128205128
0.4788732394366197,,,0.3023809523809523,,0.6666666666666666
0.49295774647887325,,,0.3547619047619047,,0.6944444444444444
0.4444444444444444,,,0.33571428571428574,,0.6944444444444444
0.49295774647887325,,,0.41666666666666663,,0.7222222222222222
0.4657534246575342,,,0.3404761904761905,,0.6666666666666666
0.4520547945205479,,,0.3976190476190477,,0.675
0.49295774647887325,,,0.32857142857142857,,0.6666666666666666
0.44594594594594594,,,0.36547619047619045,,0.6944444444444444
0.49295774647887325,,,0.3595238095238095,,0.6666666666666666
0.5352112676056338,,,0.3035714285714285,,0.5833333333333334
0.4155844155844156,,,0.28690476190476194,,0.7297297297297297
0.42857142857142855,,,0.32619047619047614,,0.6666666666666666
0.4788732394366197,,,0.32142857142857145,,0.6388888888888888
0.4788732394366197,,,0.39047619047619053,,0.6666666666666666
0.5066666666666667,,,0.2357142857142857,,0.5555555555555556
0.47297297297297297,,,0.3333333333333334,,0.7777777777777778
0.4246575342465753,,,0.36428571428571427,,0.6666666666666666
0.4788732394366197,,,0.38809523809523816,,0.6944444444444444
0.4788732394366197,,,0.33333333333333337,,0.6666666666666666
0.4931506849315068,,,0.4392857142857142,,0.7142857142857143
0.4788732394366197,,,0.26190476190476203,,0.75
0.48,,,0.43214285714285705,,0.7222222222222222
0.5070422535211268,,,0.33095238095238094,,0.6944444444444444
0.44594594594594594,,,0.4726190476190476,,0.7222222222222222
0.5211267605633803,,,0.39047619047619037,,0.7222222222222222
0.49295774647887325,,,0.4023809523809524,,0.7222222222222222
0.4647887323943662,,,0.36428571428571427,,0.6666666666666666
0.4788732394366197,,,0.33571428571428574,,0.6388888888888888
0.4533333333333333,,,0.35595238095238096,,0.6944444444444444
0.4788732394366197,,,0.32738095238095244,,0.6944444444444444
0.4473684210526316,,,0.3404761904761905,,0.6944444444444444
0.4794520547945205,,,0.25238095238095243,,0.6153846153846154
0.4931506849315068,,,0.2702380952380952,,0.6756756756756757
0.5211267605633803,,,0.35238095238095235,,0.6388888888888888
0.4722222222222222,,,0.3226190476190476,,0.75
0.4657534246575342,,,0.23928571428571427,,0.5833333333333334
0.5070422535211268,,,0.3071428571428571,,0.6666666666666666
0.5070422535211268,,,0.22738095238095238,,0.5833333333333334
0.44,,,0.33690476190476193,,0.8055555555555556
0.49295774647887325,,,0.4,,0.6944444444444444
0.4666666666666667,,,0.24642857142857139,,0.75
0.4931506849315068,,,0.26428571428571435,,0.6052631578947368
0.47297297297297297,,,0.2642857142857142,,0.625
0.47297297297297297,,,0.18333333333333338,,0.5588235294117647
0.47368421052631576,,,0.20952380952380958,,0.6206896551724138
0.4931506849315068,,,0.15952380952380948,,0.5666666666666667
0.4794520547945205,,,0.04523809523809522,,0.24
0.5342465753424658,,,0.03928571428571427,,0.38461538461538464
0.4931506849315068,,,0.2928571428571428,,0.5952380952380952
0.4794520547945205,,,0.05357142857142858,,0.23076923076923078
0.43243243243243246,,,0.10119047619047619,,0.38461538461538464
0.4794520547945205,,,0.2011904761904762,,0.5833333333333334
0.4657534246575342,,,0.11785714285714288,,0.46153846153846156
0.4864864864864865,,,0.26666666666666666,,0.6666666666666666
0.4931506849315068,,,0.244047619047619,,0.55
0.44594594594594594,,,0.28452380952380957,,0.6153846153846154
0.4931506849315068,,,0.20357142857142857,,0.5714285714285714
0.4794520547945205,,,0.044047619047619044,,0.2692307692307692
0.5068493150684932,,,0.19880952380952382,,0.5384615384615384
0.44594594594594594,,,0.23333333333333323,,0.6060606060606061
0.4605263157894737,,,0.3285714285714284,,0.78125
0.4657534246575342,,,0.13214285714285715,,0.4230769230769231
0.5205479452054794,,,0.29880952380952375,,0.5641025641025641
0.5068493150684932,,,0.22738095238095238,,0.6071428571428571
0.4794520547945205,,,0.08690476190476189,,0.38461538461538464
0.4794520547945205,,,0.06785714285714284,,0.3076923076923077
0.4864864864864865,,,0.24285714285714283,,0.5588235294117647
0.4533333333333333,,,0.25595238095238093,,0.6274509803921569
0.4931506849315068,,,0.3214285714285714,,0.6060606060606061
0.5068493150684932,,,0.0916666666666667,,0.4
0.4794520547945205,,,0.10357142857142856,,0.3333333333333333
0.4794520547945205,,,0.06547619047619048,,0.4230769230769231
0.4931506849315068,,,0.30238095238095236,,0.6060606060606061
0.4520547945205479,,,0.34761904761904766,,0.8125
0.48,,,0.2559523809523809,,0.5555555555555556
0.4794520547945205,,,0.10119047619047619,,0.34615384615384615
0.4666666666666667,,,0.19404761904761905,,0.6129032258064516
0.4794520547945205,,,0.0630952380952381,,0.2692307692307692
0.4675324675324675,,,0.2523809523809523,,0.6341463414634146
0.4794520547945205,,,0.20357142857142846,,0.5128205128205128
0.4657534246575342,,,0.1369047619047619,,0.4230769230769231
0.4931506849315068,,,0.046428571428571416,,0.2692307692307692
0.4520547945205479,,,0.06309523809523808,,0.3076923076923077
0.4794520547945205,,,0.10833333333333335,,0.2692307692307692
0.4657534246575342,,,0.027380952380952374,,0.2692307692307692
0.4794520547945205,,,0.32738095238095233,,0.7
0.4520547945205479,,,0.06071428571428571,,0.23076923076923078
0.43243243243243246,,,0.0238095238095238,,0.16
0.4931506849315068,,,0.03928571428571427,,0.3076923076923077
0.5068493150684932,,,0.11666666666666665,,0.40625
0.45454545454545453,,,0.2261904761904762,,0.6756756756756757
0.4675324675324675,,,0.0630952380952381,,0.3076923076923077
0.4931506849315068,,,0.1011904761904762,,0.38461538461538464
0.5068493150684932,,,0.05595238095238096,,0.2692307692307692
0.4666666666666667,,,0.1392857142857143,,0.5
0.47297297297297297,,,0.25833333333333336,,0.5555555555555556
0.4657534246575342,,,0.06785714285714285,,0.4230769230769231
0.4931506849315068,,,0.05595238095238096,,0.3076923076923077
0.5068493150684932,,,0.05119047619047619,,0.23076923076923078
0.5068493150684932,,,0.29285714285714276,,0.6530612244897959
0.5068493150684932,,,0.19166666666666668,,0.6
0.49333333333333335,,,0.23809523809523814,,0.6470588235294118
0.5068493150684932,,,0.075,,0.3076923076923077
0.47297297297297297,,,0.30238095238095236,,0.71875
0.5342465753424658,,,0.09880952380952378,,0.34615384615384615
0.5068493150684932,,,0.07023809523809524,,0.23076923076923078
0.4794520547945205,,,0.046428571428571416,,0.2692307692307692
0.4931506849315068,,,0.04166666666666665,,0.23076923076923078
0.44,,,0.040476190476190464,,0.28
0.4657534246575342,,,0.0761904761904762,,0.4
0.47368421052631576,,,0.04642857142857142,,0.38461538461538464
0.4657534246575342,,,0.144047619047619,,0.5641025641025641
0.4931506849315068,,,0.2261904761904762,,0.6756756756756757
0.5068493150684932,,,0.048809523809523796,,0.19230769230769232
0.4931506849315068,,,0.22142857142857145,,0.6333333333333333
0.4657534246575342,,,0.3095238095238096,,0.6333333333333333
0.4931506849315068,,,0.12738095238095237,,0.37037037037037035
0.5616438356164384,,,0.17619047619047618,,0.6551724137931034
0.5066666666666667,,,0.21904761904761907,,0.5625
0.5068493150684932,,,0.08214285714285716,,0.2692307692307692
0.48,,,0.24761904761904757,,0.7058823529411765
0.4794520547945205,,,0.244047619047619,,0.6052631578947368
0.5135135135135135,,,0.3190476190476191,,0.8235294117647058
0.47368421052631576,,,0.27142857142857146,,0.59375
0.5405405405405406,,,0.3547619047619047,,0.78125
0.5,,,0.2642857142857142,,0.59375
0.5540540540540541,,,0.29166666666666674,,0.6875
0.4864864864864865,,,0.2595238095238096,,0.5476190476190477
0.4864864864864865,,,0.27500000000000013,,0.625
0.43243243243243246,,,0.24404761904761893,,0.59375
0.4864864864864865,,,0.375,,0.9166666666666666
0.5,,,0.24880952380952373,,0.59375
0.4594594594594595,,,0.31666666666666665,,0.8484848484848484
0.5405405405405406,,,0.24880952380952387,,0.6
0.44594594594594594,,,0.32261904761904775,,0.75
0.5135135135135135,,,0.38214285714285706,,0.9428571428571428
0.527027027027027,,,0.2892857142857145,,0.71875
0.5,,,0.3464285714285714,,0.78125
0.4594594594594595,,,0.1190476190476191,,0.2727272727272727
0.47368421052631576,,,0.27142857142857146,,0.65625
0.47297297297297297,,,0.286904761904762,,0.71875
0.5,,,0.186904761904762,,0.43589743589743596
0.5135135135135135,,,0.38452380952380955,,0.90625
0.5135135135135135,,,0.26785714285714296,,0.5625
0.5135135135135135,,,0.2654761904761905,,0.53125
0.5,,,0.20714285714285713,,0.47058823529411764
0.48,,,0.25833333333333336,,0.6470588235294118
0.527027027027027,,,0.15000000000000002,,0.4545454545454545
0.4864864864864865,,,0.27023809523809533,,0.75
0.4594594594594595,,,0.26547619047619037,,0.59375
0.5135135135135135,,,0.2583333333333332,,0.625
0.5,,,0.3690476190476188,,0.7272727272727273
0.4864864864864865,,,0.1714285714285714,,0.46875
0.48,,,0.1392857142857143,,0.3611111111111111
0.5,,,0.3154761904761905,,0.75
0.4666666666666667,,,0.36547619047619045,,0.9375
0.5135135135135135,,,0.24404761904761899,,0.59375
0.4675324675324675,,,0.15714285714285708,,0.34146341463414637
0.4594594594594595,,,0.1964285714285713,,0.6410256410256411
0.5,,,0.2797619047619049,,0.6875
0.5405405405405406,,,0.27500000000000013,,0.59375
0.4864864864864865,,,0.25119047619047613,,0.5625
0.4864864864864865,,,0.30595238095238125,,0.6875
0.5,,,0.263095238095238,,0.65625
0.5,,,0.26547619047619053,,0.475
0.527027027027027,,,0.25357142857142856,,0.59375
0.44594594594594594,,,0.2642857142857142,,0.65625
0.5135135135135135,,,0.28928571428571437,,0.65625
0.5540540540540541,,,0.26190476190476186,,0.53125
0.4675324675324675,,,0.3619047619047618,,0.918918918918919
0.45454545454545453,,,0.263095238095238,,0.65625
0.5405405405405406,,,0.28928571428571437,,0.71875
0.5405405405405406,,,0.2869047619047621,,0.65625
0.4533333333333333,,,0.28214285714285725,,0.6875
0.4864864864864865,,,0.3964285714285714,,0.90625
0.47297297297297297,,,0.2750000000000002,,0.65625
0.5135135135135135,,,0.2845238095238096,,0.71875
0.527027027027027,,,0.28214285714285725,,0.625
0.4864864864864865,,,0.33809523809523806,,0.5510204081632653
0.527027027027027,,,0.33214285714285713,,0.8857142857142858
0.5066666666666667,,,0.2857142857142857,,0.5588235294117647
0.5540540540540541,,,0.2630952380952381,,0.5625
0.47297297297297297,,,0.31904761904761897,,0.59375
0.5540540540540541,,,0.3083333333333335,,0.625
0.5135135135135135,,,0.2964285714285717,,0.65625
0.5135135135135135,,,0.2726190476190477,,0.59375
0.5,,,0.2726190476190476,,0.625
0.4666666666666667,,,0.2547619047619047,,0.53125
0.4864864864864865,,,0.2523809523809523,,0.65625
0.4868421052631579,,,0.2726190476190476,,0.59375
0.47297297297297297,,,0.21547619047619032,,0.6153846153846154
0.5135135135135135,,,0.3714285714285715,,0.8918918918918919
0.527027027027027,,,0.2750000000000001,,0.6875
0.4864864864864865,,,0.3928571428571429,,1.0
0.47297297297297297,,,0.10476190476190479,,0.28125
0.5135135135135135,,,0.275,,0.6875
0.5540540540540541,,,0.288095238095238,,0.78125
0.4666666666666667,,,0.36666666666666664,,0.9375
0.527027027027027,,,0.2940476190476193,,0.59375
0.5066666666666667,,,0.37380952380952376,,0.9117647058823529
0.4864864864864865,,,0.2559523809523809,,0.5
0.4605263157894737,,,0.3476190476190475,,0.7941176470588235
0.5405405405405406,,,0.14285714285714285,,0.5294117647058824
0.4864864864864865,,,0.18571428571428575,,0.6176470588235294
0.5405405405405406,,,0.19642857142857145,,0.6764705882352942
0.5,,,0.19047619047619044,,0.40476190476190477
0.47297297297297297,,,0.20119047619047628,,0.5294117647058824
0.47297297297297297,,,0.1773809523809524,,0.5294117647058824
0.5135135135135135,,,0.19404761904761905,,0.5555555555555556
0.5135135135135135,,,0.16785714285714284,,0.47058823529411764
0.527027027027027,,,0.13809523809523808,,0.47058823529411764
0.5405405405405406,,,0.26785714285714285,,0.675
0.4864864864864865,,,0.3511904761904762,,0.7058823529411765
0.5135135135135135,,,0.22261904761904763,,0.6
0.527027027027027,,,0.20357142857142865,,0.5882352941176471
0.5,,,0.23452380952380952,,0.5
0.47297297297297297,,,0.28809523809523807,,0.7647058823529411
0.4868421052631579,,,0.42857142857142855,,0.9411764705882353
0.4864864864864865,,,0.1773809523809524,,0.47058823529411764
0.4864864864864865,,,0.2630952380952382,,0.717948717948718
0.527027027027027,,,0.23214285714285712,,0.5
0.5135135135135135,,,0.18214285714285713,,0.5882352941176471
0.5,,,0.18452380952380956,,0.5588235294117647
0.5135135135135135,,,0.3214285714285714,,0.7941176470588235
0.48,,,0.30833333333333335,,0.5294117647058824
0.5135135135135135,,,0.21904761904761907,,0.5294117647058824
0.5,,,0.17023809523809524,,0.5588235294117647
0.5135135135135135,,,0.15833333333333327,,0.5588235294117647
0.5,,,0.18452380952380956,,0.5294117647058824
0.4864864864864865,,,0.37142857142857133,,0.7352941176470589
0.5,,,0.2642857142857143,,0.7352941176470589
0.44,,,0.31547619047619047,,0.8055555555555556
0.5135135135135135,,,0.20595238095238103,,0.5588235294117647
0.5066666666666667,,,0.12023809523809523,,0.4117647058823529
0.5405405405405406,,,0.17023809523809524,,0.5882352941176471
0.45454545454545453,,,0.32857142857142857,,0.8292682926829269
0.4864864864864865,,,0.2369047619047619,,0.41025641025641024
0.5135135135135135,,,0.18214285714285713,,0.5294117647058824
0.5135135135135135,,,0.19642857142857148,,0.5882352941176471
0.5135135135135135,,,0.16071428571428573,,0.5588235294117647
0.527027027027027,,,0.23928571428571438,,0.6470588235294118
0.5,,,0.17023809523809524,,0.5588235294117647
0.5135135135135135,,,0.425,,0.85
0.5,,,0.17023809523809524,,0.5882352941176471
0.44594594594594594,,,0.18571428571428575,,0.5294117647058824
0.5405405405405406,,,0.1916666666666667,,0.6176470588235294
0.5540540540540541,,,0.22857142857142848,,0.6470588235294118
0.4675324675324675,,,0.1285714285714286,,0.5405405405405406
0.5064935064935064,,,0.16071428571428573,,0.5294117647058824
0.5135135135135135,,,0.1892857142857143,,0.47058823529411764
0.5,,,0.2083333333333334,,0.5882352941176471
0.49333333333333335,,,0.11309523809523805,,0.47058823529411764
0.4864864864864865,,,0.23452380952380952,,0.5588235294117647
0.4864864864864865,,,0.20119047619047623,,0.6176470588235294
0.5,,,0.20357142857142865,,0.5294117647058824
0.5,,,0.175,,0.5882352941176471
0.5135135135135135,,,0.3952380952380953,,0.6938775510204082
0.5135135135135135,,,0.075,,0.37142857142857144
0.5066666666666667,,,0.3452380952380953,,0.7941176470588235
0.5675675675675675,,,0.18452380952380956,,0.6176470588235294
0.4864864864864865,,,0.4261904761904763,,0.8529411764705882
0.5675675675675675,,,0.2321428571428572,,0.6176470588235294
0.527027027027027,,,0.22261904761904766,,0.5882352941176471
0.5135135135135135,,,0.1940476190476191,,0.5588235294117647
0.47297297297297297,,,0.17023809523809522,,0.5882352941176471
0.49333333333333335,,,0.17857142857142858,,0.5294117647058824
0.5405405405405406,,,0.1595238095238095,,0.5588235294117647
0.47368421052631576,,,0.175,,0.6176470588235294
0.4864864864864865,,,0.15595238095238095,,0.358974358974359
0.5,,,0.09761904761904762,,0.4864864864864865
0.4864864864864865,,,0.17976190476190482,,0.5294117647058824
0.4864864864864865,,,0.17619047619047618,,0.5588235294117647
0.5135135135135135,,,0.34047619047619065,,0.7647058823529411
0.5135135135135135,,,0.1821428571428571,,0.5882352941176471
0.5675675675675675,,,0.06428571428571427,,0.44117647058823534
0.4533333333333333,,,0.21428571428571433,,0.6176470588235294
0.5135135135135135,,,0.22261904761904766,,0.5882352941176471
0.5066666666666667,,,0.12619047619047616,,0.5
0.5,,,0.3488095238095238,,0.7105263157894737
0.5263157894736842,,,0.3333333333333333,,0.8666666666666668
0.5526315789473685,,,0.24761904761904757,,0.6896551724137931
0.5526315789473685,,,0.19404761904761905,,0.6206896551724138
0.5,,,0.40714285714285714,,0.7380952380952381
0.4868421052631579,,,0.21071428571428572,,0.6206896551724138
0.5,,,0.29166666666666663,,0.7241379310344828
0.5,,,0.34166666666666673,,0.8333333333333334
0.5131578947368421,,,0.29166666666666663,,0.7241379310344828
0.5131578947368421,,,0.3809523809523808,,0.8181818181818181
0.5131578947368421,,,0.24880952380952376,,0.55
0.4868421052631579,,,0.23214285714285712,,0.5172413793103449
0.5263157894736842,,,0.30595238095238103,,0.7428571428571429
0.5394736842105263,,,0.20357142857142857,,0.6206896551724138
0.5657894736842105,,,0.3035714285714285,,0.5517241379310345
0.47368421052631576,,,0.31666666666666665,,0.5757575757575758
0.47368421052631576,,,0.18333333333333338,,0.5
0.5394736842105263,,,0.24166666666666664,,0.5862068965517241
0.5131578947368421,,,0.39404761904761904,,0.6153846153846154
0.5526315789473685,,,0.3654761904761905,,0.7931034482758621
0.5131578947368421,,,0.2892857142857141,,0.7586206896551724
0.5131578947368421,,,0.2702380952380951,,0.7241379310344828
0.5,,,0.14761904761904757,,0.44117647058823534
0.4605263157894737,,,0.2107142857142857,,0.5490196078431373
0.5,,,0.3761904761904761,,0.696969696969697
0.5,,,0.22023809523809518,,0.5517241379310345
0.5131578947368421,,,0.2702380952380953,,0.6551724137931034
0.5131578947368421,,,0.23214285714285712,,0.6896551724137931
0.5263157894736842,,,0.27380952380952384,,0.6363636363636364
0.5263157894736842,,,0.3880952380952382,,0.71875
0.47368421052631576,,,0.3416666666666667,,0.5555555555555556
0.5131578947368421,,,0.1916666666666665,,0.48275862068965514
0.5,,,0.34404761904761916,,0.9032258064516128
0.5394736842105263,,,0.2654761904761905,,0.6896551724137931
0.5064935064935064,,,0.2642857142857143,,0.3902439024390244
0.4605263157894737,,,0.3297619047619047,,0.6923076923076923
0.5131578947368421,,,0.26547619047619037,,0.5862068965517241
0.5394736842105263,,,0.23690476190476195,,0.6551724137931034
0.5131578947368421,,,0.2654761904761904,,0.7586206896551724
0.5394736842105263,,,0.24404761904761907,,0.6551724137931034
0.5131578947368421,,,0.22500000000000003,,0.6551724137931034
0.5263157894736842,,,0.18690476190476196,,0.375
0.5263157894736842,,,0.26309523809523805,,0.7241379310344828
0.4605263157894737,,,0.19523809523809527,,0.5517241379310345
0.5657894736842105,,,0.19166666666666662,,0.5862068965517241
0.5263157894736842,,,0.24285714285714294,,0.53125
0.4675324675324675,,,0.3833333333333334,,0.918918918918919
0.4935064935064935,,,0.22261904761904758,,0.5862068965517241
0.5394736842105263,,,0.22976190476190475,,0.5862068965517241
0.5526315789473685,,,0.20833333333333331,,0.6206896551724138
0.5131578947368421,,,0.325,,0.7931034482758621
0.5,,,0.3940476190476191,,0.8275862068965518
0.47368421052631576,,,0.23452380952380952,,0.6206896551724138
0.5394736842105263,,,0.1916666666666667,,0.5862068965517241
0.5526315789473685,,,0.20357142857142846,,0.6206896551724138
0.5,,,0.2952380952380952,,0.5918367346938775
0.5394736842105263,,,0.3654761904761905,,0.8571428571428571
0.4868421052631579,,,0.1619047619047619,,0.35294117647058826
0.5394736842105263,,,0.27738095238095234,,0.7241379310344828
0.5,,,0.16666666666666663,,0.3125
0.5657894736842105,,,0.2726190476190476,,0.6896551724137931
0.5394736842105263,,,0.20595238095238103,,0.5517241379310345
0.5131578947368421,,,0.22976190476190478,,0.6206896551724138
0.5131578947368421,,,0.2178571428571428,,0.5862068965517241
0.5,,,0.23333333333333334,,0.6551724137931034
0.5263157894736842,,,0.2285714285714285,,0.5862068965517241
0.47368421052631576,,,0.22738095238095238,,0.6551724137931034
0.4868421052631579,,,0.3178571428571429,,0.7692307692307693
0.5131578947368421,,,0.3952380952380952,,0.8918918918918919
0.5131578947368421,,,0.21071428571428572,,0.5862068965517241
0.5,,,0.35714285714285704,,0.9
0.5,,,0.3047619047619049,,0.6
0.5394736842105263,,,0.2511904761904761,,0.6206896551724138
0.618421052631579,,,0.35952380952380936,,0.8620689655172413
0.5,,,0.35714285714285726,,0.875
0.5526315789473685,,,0.23690476190476195,,0.5862068965517241
0.5,,,0.4000000000000001,,0.9705882352941175
0.5131578947368421,,,0.28690476190476205,,0.39473684210526316
0.43478260869565216,,,0.13809523809523808,,0.5333333333333333
0.4411764705882353,,,0.16309523809523807,,0.6
0.5211267605633803,,,0.26428571428571423,,0.6666666666666666
0.42857142857142855,,,0.16785714285714282,,0.6
0.47297297297297297,,,0.22023809523809526,,0.5333333333333333
0.4788732394366197,,,0.23928571428571427,,0.4166666666666667
0.4225352112676056,,,0.244047619047619,,0.5666666666666667
0.5135135135135135,,,0.2,,0.3333333333333333
0.5070422535211268,,,0.29404761904761906,,0.725
0.44594594594594594,,,0.4083333333333332,,0.7333333333333333
0.4931506849315068,,,0.2702380952380953,,0.42857142857142855
0.4411764705882353,,,0.17499999999999996,,0.6
0.47058823529411764,,,0.3226190476190476,,0.7
0.44594594594594594,,,0.3404761904761905,,0.696969696969697
0.4605263157894737,,,0.4452380952380951,,0.84375
0.4057971014492754,,,0.26309523809523816,,0.6666666666666666
0.5068493150684932,,,0.2821428571428572,,0.6923076923076923
0.5217391304347826,,,0.2940476190476191,,0.5666666666666667
0.43661971830985913,,,0.13452380952380952,,0.5666666666666667
0.4411764705882353,,,0.11785714285714284,,0.4666666666666667
0.5135135135135135,,,0.3714285714285715,,0.7058823529411765
0.4533333333333333,,,0.3535714285714285,,0.7058823529411765
0.4647887323943662,,,0.3095238095238094,,0.7272727272727273
0.4794520547945205,,,0.20833333333333334,,0.6333333333333333
0.5068493150684932,,,0.14880952380952378,,0.6
0.4117647058823529,,,0.16785714285714284,,0.6
0.5,,,0.36190476190476184,,0.7878787878787878
0.4027777777777778,,,0.342857142857143,,0.625
0.49333333333333335,,,0.3297619047619048,,0.6944444444444444
0.4492753623188406,,,0.23452380952380952,,0.7
0.4666666666666667,,,0.1130952380952381,,0.3225806451612903
0.45588235294117646,,,0.1464285714285714,,0.5333333333333333
0.44155844155844154,,,0.3428571428571428,,0.7804878048780488
0.4520547945205479,,,0.286904761904762,,0.6666666666666666
0.4117647058823529,,,0.26071428571428573,,0.5666666666666667
0.4411764705882353,,,0.13214285714285715,,0.5333333333333333
0.4444444444444444,,,0.14880952380952378,,0.5666666666666667
0.45588235294117646,,,0.18690476190476193,,0.6
0.4794520547945205,,,0.16547619047619044,,0.5666666666666667
0.4931506849315068,,,0.3964285714285713,,0.825
0.4492753623188406,,,0.14166666666666666,,0.5666666666666667
0.44594594594594594,,,0.17857142857142855,,0.6
0.4264705882352941,,,0.16785714285714284,,0.6
0.4782608695652174,,,0.18333333333333338,,0.65625
0.4805194805194805,,,0.15238095238095237,,0.40540540540540543
0.44155844155844154,,,0.19880952380952382,,0.6333333333333333
0.4411764705882353,,,0.22976190476190475,,0.6
0.45588235294117646,,,0.17499999999999996,,0.6
0.52,,,0.1369047619047619,,0.6666666666666666
0.4594594594594595,,,0.28928571428571426,,0.4333333333333334
0.4246575342465753,,,0.14166666666666666,,0.5333333333333333
0.5,,,0.19404761904761908,,0.6
0.47058823529411764,,,0.17738095238095236,,0.5666666666666667
0.4794520547945205,,,0.380952380952381,,0.673469387755102
0.4788732394366197,,,0.12738095238095234,,0.3142857142857143
0.49333333333333335,,,0.3547619047619047,,0.8529411764705882
0.45588235294117646,,,0.12976190476190477,,0.5333333333333333
0.4864864864864865,,,0.40714285714285714,,0.84375
0.47058823529411764,,,0.15595238095238093,,0.5333333333333333
0.45588235294117646,,,0.17976190476190473,,0.6
0.4492753623188406,,,0.14404761904761904,,0.6
0.463768115942029,,,0.1726190476190476,,0.6
0.4666666666666667,,,0.1476190476190476,,0.5666666666666667
0.42028985507246375,,,0.21904761904761907,,0.6
0.4868421052631579,,,0.14880952380952378,,0.5666666666666667
0.4931506849315068,,,0.20595238095238094,,0.6410256410256411
0.4931506849315068,,,0.15476190476190474,,0.40540540540540543
0.47058823529411764,,,0.18690476190476188,,0.6
0.5277777777777778,,,0.21428571428571427,,0.5
0.4931506849315068,,,0.4380952380952382,,0.8333333333333334
0.4492753623188406,,,0.24166666666666664,,0.5
0.5294117647058824,,,0.13571428571428573,,0.5333333333333333
0.4666666666666667,,,0.2642857142857143,,0.4375
0.39705882352941174,,,0.17023809523809522,,0.6
0.5066666666666667,,,0.14285714285714285,,0.4117647058823529
0.4931506849315068,,,0.34642857142857136,,0.7894736842105263
0.4927536231884058,,,0.06785714285714284,,0.3076923076923077
0.5070422535211268,,,0.29523809523809524,,0.5476190476190477
0.4714285714285714,,,0.06309523809523811,,0.38461538461538464
0.47297297297297297,,,0.11785714285714288,,0.2692307692307692
0.5070422535211268,,,0.21309523809523806,,0.5277777777777778
0.4507042253521127,,,0.13452380952380952,,0.4230769230769231
0.5,,,0.27380952380952384,,0.6363636363636364
0.49295774647887325,,,0.244047619047619,,0.65
0.4864864864864865,,,0.31785714285714284,,0.6538461538461539
0.5068493150684932,,,0.2369047619047619,,0.6
0.4927536231884058,,,0.06309523809523811,,0.23076923076923078
0.463768115942029,,,0.225,,0.5769230769230769
0.527027027027027,,,0.2428571428571428,,0.5454545454545454
0.47368421052631576,,,0.36190476190476173,,0.78125
0.43478260869565216,,,0.1607142857142857,,0.5
0.5342465753424658,,,0.29404761904761895,,0.5641025641025641
0.4782608695652174,,,0.2488095238095238,,0.6428571428571429
0.4647887323943662,,,0.05357142857142857,,0.2692307692307692
0.4782608695652174,,,0.04404761904761904,,0.2692307692307692
0.47297297297297297,,,0.2761904761904762,,0.6176470588235294
0.48,,,0.2630952380952381,,0.6470588235294118
0.4647887323943662,,,0.3285714285714285,,0.6666666666666666
0.5205479452054794,,,0.11785714285714288,,0.48
0.4794520547945205,,,0.09642857142857143,,0.3333333333333333
0.43478260869565216,,,0.0654761904761905,,0.38461538461538464
0.45714285714285713,,,0.30714285714285716,,0.6060606060606061
0.4305555555555556,,,0.3595238095238095,,0.75
0.48,,,0.2535714285714285,,0.5833333333333334
0.463768115942029,,,0.14166666666666666,,0.5
0.48,,,0.19642857142857142,,0.5806451612903226
0.4927536231884058,,,0.04880952380952381,,0.2692307692307692
0.4675324675324675,,,0.261904761904762,,0.6585365853658537
0.4520547945205479,,,0.2130952380952381,,0.5128205128205128
0.4492753623188406,,,0.16071428571428573,,0.4230769230769231
0.4927536231884058,,,0.03452380952380951,,0.2692307692307692
0.4583333333333333,,,0.04404761904761904,,0.2692307692307692
0.4782608695652174,,,0.08214285714285716,,0.3076923076923077
0.4657534246575342,,,0.05357142857142857,,0.3076923076923077
0.4931506849315068,,,0.3321428571428571,,0.7
0.463768115942029,,,0.03452380952380952,,0.23076923076923078
0.43243243243243246,,,0.06428571428571427,,0.32
0.4782608695652174,,,0.07023809523809522,,0.23076923076923078
0.5072463768115942,,,0.11904761904761903,,0.34375
0.4675324675324675,,,0.21428571428571427,,0.6216216216216216
0.4935064935064935,,,0.0988095238095238,,0.4230769230769231
0.4782608695652174,,,0.13214285714285717,,0.38461538461538464
0.4927536231884058,,,0.0654761904761905,,0.3076923076923077
0.4666666666666667,,,0.1416666666666667,,0.39285714285714285
0.4594594594594595,,,0.2773809523809524,,0.6296296296296297
0.4383561643835616,,,0.06071428571428571,,0.38461538461538464
0.4857142857142857,,,0.08690476190476194,,0.3076923076923077
0.4927536231884058,,,0.07976190476190477,,0.3076923076923077
0.5068493150684932,,,0.30714285714285705,,0.6326530612244898
0.49295774647887325,,,0.19404761904761905,,0.6571428571428571
0.5066666666666667,,,0.2785714285714285,,0.7058823529411765
0.5072463768115942,,,0.03928571428571427,,0.2692307692307692
0.4864864864864865,,,0.3357142857142858,,0.71875
0.5072463768115942,,,0.075,,0.3076923076923077
0.4927536231884058,,,0.0773809523809524,,0.3076923076923077
0.4782608695652174,,,0.04642857142857142,,0.2692307692307692
0.4492753623188406,,,0.07023809523809524,,0.3076923076923077
0.48,,,0.038095238095238085,,0.32
0.463768115942029,,,0.10238095238095239,,0.44000000000000006
0.5131578947368421,,,0.04642857142857141,,0.3076923076923077
0.5205479452054794,,,0.13928571428571426,,0.4871794871794871
0.5342465753424658,,,0.22142857142857145,,0.6756756756756757
0.4782608695652174,,,0.08928571428571429,,0.34615384615384615
0.4722222222222222,,,0.2333333333333333,,0.6333333333333333
0.5068493150684932,,,0.3380952380952383,,0.6333333333333333
0.4782608695652174,,,0.15357142857142855,,0.37037037037037035
0.5507246376811594,,,0.17142857142857143,,0.6206896551724138
0.4666666666666667,,,0.23809523809523805,,0.5625
0.463768115942029,,,0.0654761904761905,,0.3076923076923077
0.5066666666666667,,,0.24047619047619045,,0.6470588235294118
0.5068493150684932,,,0.2607142857142856,,0.6578947368421053
0.5070422535211268,,,0.30833333333333335,,0.5952380952380952
0.42857142857142855,,,0.052380952380952375,,0.3076923076923077
0.5,,,0.1285714285714286,,0.4230769230769231
0.49295774647887325,,,0.21190476190476187,,0.6111111111111112
0.4647887323943662,,,0.13809523809523813,,0.5384615384615384
0.527027027027027,,,0.2797619047619048,,0.6666666666666666
0.49295774647887325,,,0.2523809523809523,,0.6
0.44594594594594594,,,0.2857142857142857,,0.6153846153846154
0.5068493150684932,,,0.2166666666666667,,0.6285714285714286
0.4925373134328358,,,0.04523809523809522,,0.3076923076923077
0.4925373134328358,,,0.19047619047619044,,0.4230769230769231
0.5,,,0.26071428571428557,,0.6666666666666666
0.47368421052631576,,,0.332142857142857,,0.6875
0.43478260869565216,,,0.12142857142857141,,0.5
0.5205479452054794,,,0.319047619047619,,0.6410256410256411
0.5217391304347826,,,0.23095238095238094,,0.5714285714285714
0.4647887323943662,,,0.10714285714285714,,0.38461538461538464
0.45588235294117646,,,0.09285714285714283,,0.4230769230769231
0.4864864864864865,,,0.2511904761904762,,0.6176470588235294
0.52,,,0.26190476190476186,,0.5686274509803921
0.4647887323943662,,,0.3464285714285714,,0.696969696969697
0.5068493150684932,,,0.09523809523809525,,0.34615384615384615
0.5205479452054794,,,0.10714285714285714,,0.37037037037037035
0.45588235294117646,,,0.07142857142857141,,0.38461538461538464
0.4857142857142857,,,0.3011904761904762,,0.5757575757575758
0.4444444444444444,,,0.36071428571428565,,0.8125
0.4666666666666667,,,0.2619047619047619,,0.5277777777777778
0.43478260869565216,,,0.08333333333333331,,0.38461538461538464
0.4533333333333333,,,0.20952380952380953,,0.6129032258064516
0.4852941176470588,,,0.09047619047619047,,0.46153846153846156
0.5064935064935064,,,0.2583333333333333,,0.5853658536585366
0.5068493150684932,,,0.219047619047619,,0.5128205128205128
0.45588235294117646,,,0.14047619047619045,,0.46153846153846156
0.45454545454545453,,,0.052380952380952375,,0.34615384615384615
0.4583333333333333,,,0.08095238095238093,,0.38461538461538464
0.47058823529411764,,,0.10476190476190475,,0.23076923076923078
0.4794520547945205,,,0.0476190476190476,,0.3076923076923077
0.4931506849315068,,,0.31190476190476174,,0.65
0.43478260869565216,,,0.08333333333333331,,0.3076923076923077
0.44594594594594594,,,0.04166666666666666,,0.4230769230769231
0.4393939393939394,,,0.019047619047619042,,0.23076923076923078
0.4492753623188406,,,0.12499999999999997,,0.4375
0.4805194805194805,,,0.23690476190476187,,0.5945945945945946
0.4675324675324675,,,0.06666666666666665,,0.46153846153846156
0.4393939393939394,,,0.10714285714285716,,0.38461538461538464
0.47058823529411764,,,0.04999999999999998,,0.3076923076923077
0.52,,,0.14285714285714288,,0.42857142857142855
0.44594594594594594,,,0.26904761904761904,,0.6296296296296297
0.4657534246575342,,,0.06904761904761902,,0.38461538461538464
0.45714285714285713,,,0.059523809523809514,,0.2692307692307692
0.42424242424242425,,,0.05714285714285713,,0.34615384615384615
0.5342465753424658,,,0.2821428571428571,,0.6122448979591837
0.49295774647887325,,,0.20714285714285713,,0.6857142857142857
0.5466666666666666,,,0.22976190476190478,,0.5882352941176471
0.48484848484848486,,,0.0952380952380952,,0.4230769230769231
0.4864864864864865,,,0.30119047619047623,,0.65625
0.4696969696969697,,,0.10238095238095238,,0.34615384615384615
0.43283582089552236,,,0.06666666666666664,,0.2692307692307692
0.4782608695652174,,,0.052380952380952375,,0.38461538461538464
0.4492753623188406,,,0.0476190476190476,,0.3076923076923077
0.49333333333333335,,,0.06785714285714284,,0.46153846153846156
0.4782608695652174,,,0.08214285714285716,,0.4230769230769231
0.5,,,0.042857142857142844,,0.23076923076923078
0.5205479452054794,,,0.17142857142857146,,0.5641025641025641
0.5205479452054794,,,0.2416666666666667,,0.6756756756756757
0.44776119402985076,,,0.05476190476190475,,0.34615384615384615
0.5138888888888888,,,0.225,,0.6
0.5342465753424658,,,0.3345238095238097,,0.7666666666666667
0.463768115942029,,,0.13095238095238093,,0.40740740740740733
0.5303030303030303,,,0.18928571428571433,,0.6206896551724138
0.4666666666666667,,,0.22976190476190478,,0.5625
0.45454545454545453,,,0.07857142857142856,,0.3076923076923077
0.5066666666666667,,,0.2583333333333333,,0.6764705882352942
0.547945205479452,,,0.2357142857142857,,0.631578947368421
0.4084507042253521,,,0.32023809523809527,,0.5714285714285714
0.4594594594594595,,,0.2654761904761905,,0.5
0.4788732394366197,,,0.29166666666666663,,0.6666666666666666
0.4788732394366197,,,0.2583333333333333,,0.5
0.5,,,0.17380952380952377,,0.6190476190476191
0.4788732394366197,,,0.29642857142857143,,0.5
0.4189189189189189,,,0.41547619047619044,,0.7142857142857143
0.4657534246575342,,,0.3273809523809524,,0.6904761904761905
0.4647887323943662,,,0.3178571428571429,,0.6190476190476191
0.49295774647887325,,,0.3035714285714286,,0.5238095238095238
0.4594594594594595,,,0.2333333333333333,,0.5714285714285714
0.47368421052631576,,,0.4119047619047619,,0.8095238095238095
0.4788732394366197,,,0.2726190476190476,,0.5952380952380952
0.4657534246575342,,,0.16785714285714284,,0.5
0.4507042253521127,,,0.3202380952380952,,0.5952380952380952
0.4507042253521127,,,0.2988095238095238,,0.5238095238095238
0.43661971830985913,,,0.29166666666666663,,0.5476190476190477
0.47297297297297297,,,0.30714285714285716,,0.5952380952380952
0.48,,,0.32976190476190476,,0.45098039215686275
0.4507042253521127,,,0.14999999999999994,,0.5714285714285714
0.5342465753424658,,,0.2535714285714286,,0.5952380952380952
0.4931506849315068,,,0.25833333333333336,,0.5
0.43661971830985913,,,0.3035714285714286,,0.5714285714285714
0.43661971830985913,,,0.4357142857142858,,0.6190476190476191
0.4305555555555556,,,0.20238095238095238,,0.6904761904761905
0.4666666666666667,,,0.24404761904761899,,0.6190476190476191
0.4647887323943662,,,0.30119047619047623,,0.6428571428571429
0.48,,,0.2630952380952381,,0.5714285714285714
0.49295774647887325,,,0.28214285714285714,,0.5714285714285714
0.4805194805194805,,,0.29523809523809524,,0.7142857142857143
0.4794520547945205,,,0.13452380952380952,,0.38095238095238093
0.4647887323943662,,,0.2630952380952381,,0.5476190476190477
0.4788732394366197,,,0.3059523809523809,,0.5714285714285714
0.4583333333333333,,,0.2845238095238095,,0.5238095238095238
0.43661971830985913,,,0.36071428571428577,,0.6190476190476191
0.4657534246575342,,,0.2845238095238095,,0.5476190476190477
0.4657534246575342,,,0.39166666666666666,,0.7619047619047619
0.4788732394366197,,,0.28928571428571426,,0.5238095238095238
0.4594594594594595,,,0.30476190476190473,,0.5952380952380952
0.49295774647887325,,,0.2988095238095238,,0.6190476190476191
0.49295774647887325,,,0.2904761904761904,,0.6428571428571429
0.42857142857142855,,,0.24047619047619043,,0.6428571428571429
0.4675324675324675,,,0.275,,0.5714285714285714
0.49295774647887325,,,0.26785714285714285,,0.5714285714285714
0.4647887323943662,,,0.3297619047619048,,0.5714285714285714
0.49333333333333335,,,0.21309523809523814,,0.42857142857142855
0.4864864864864865,,,0.3107142857142858,,0.5952380952380952
0.4657534246575342,,,0.31547619047619047,,0.6190476190476191
0.4647887323943662,,,0.3202380952380953,,0.6428571428571429
0.4647887323943662,,,0.28214285714285714,,0.6190476190476191
0.4794520547945205,,,0.4285714285714285,,0.5714285714285714
0.4507042253521127,,,0.22738095238095238,,0.5952380952380952
0.5066666666666667,,,0.40476190476190455,,0.7619047619047619
0.5070422535211268,,,0.29404761904761906,,0.5238095238095238
0.47297297297297297,,,0.43095238095238103,,0.8333333333333334
0.5211267605633803,,,0.34404761904761916,,0.6190476190476191
0.5070422535211268,,,0.3440476190476191,,0.6428571428571429
0.4647887323943662,,,0.3107142857142857,,0.5476190476190477
0.4647887323943662,,,0.27976190476190477,,0.5476190476190477
0.49333333333333335,,,0.3,,0.5476190476190477
0.4647887323943662,,,0.2642857142857143,,0.5238095238095238
0.4868421052631579,,,0.294047619047619,,0.5476190476190477
0.5068493150684932,,,0.18214285714285713,,0.35714285714285715
0.4383561643835616,,,0.23095238095238096,,0.6190476190476191
0.4788732394366197,,,0.28214285714285714,,0.5714285714285714
0.4583333333333333,,,0.2833333333333334,,0.5952380952380952
0.4931506849315068,,,0.23095238095238096,,0.5714285714285714
0.4507042253521127,,,0.275,,0.6190476190476191
0.49295774647887325,,,0.2000000000000001,,0.5
0.48,,,0.3071428571428571,,0.6428571428571429
0.4647887323943662,,,0.34404761904761916,,0.5952380952380952
0.4666666666666667,,,0.24285714285714283,,0.5952380952380952
0.4520547945205479,,,0.30119047619047623,,0.7619047619047619
0.47297297297297297,,,0.14285714285714288,,0.46153846153846156
0.49295774647887325,,,0.2452380952380952,,0.5833333333333334
0.43661971830985913,,,0.15714285714285717,,0.5
0.527027027027027,,,0.30119047619047623,,0.6666666666666666
0.4788732394366197,,,0.25476190476190474,,0.6
0.40540540540540543,,,0.3166666666666666,,0.6923076923076923
0.5205479452054794,,,0.23095238095238096,,0.6
0.4714285714285714,,,0.030952380952380946,,0.3076923076923077
0.4714285714285714,,,0.23809523809523814,,0.46153846153846156
0.4594594594594595,,,0.26309523809523805,,0.6060606060606061
0.4342105263157895,,,0.3559523809523808,,0.75
0.44285714285714284,,,0.15952380952380954,,0.4230769230769231
0.5342465753424658,,,0.3309523809523808,,0.5641025641025641
0.4714285714285714,,,0.2642857142857143,,0.6071428571428571
0.49295774647887325,,,0.09761904761904763,,0.4230769230769231
0.45714285714285713,,,0.08333333333333334,,0.3076923076923077
0.4594594594594595,,,0.27500000000000013,,0.6176470588235294
0.52,,,0.26666666666666666,,0.5882352941176471
0.5070422535211268,,,0.35119047619047616,,0.6060606060606061
0.4931506849315068,,,0.12857142857142856,,0.34615384615384615
0.5205479452054794,,,0.12380952380952381,,0.40740740740740733
0.44285714285714284,,,0.033333333333333326,,0.23076923076923078
0.45714285714285713,,,0.2988095238095238,,0.5454545454545454
0.4444444444444444,,,0.37499999999999994,,0.8125
0.4666666666666667,,,0.28333333333333344,,0.5555555555555556
0.44285714285714284,,,0.10714285714285714,,0.34615384615384615
0.48,,,0.20476190476190476,,0.6129032258064516
0.5142857142857142,,,0.08095238095238097,,0.4230769230769231
0.4805194805194805,,,0.27738095238095245,,0.5609756097560976
0.4657534246575342,,,0.22142857142857136,,0.5384615384615384
0.45714285714285713,,,0.17857142857142858,,0.4230769230769231
0.45714285714285713,,,0.0476190476190476,,0.34615384615384615
0.4305555555555556,,,0.07142857142857142,,0.34615384615384615
0.4714285714285714,,,0.05714285714285713,,0.19230769230769232
0.4931506849315068,,,0.061904761904761886,,0.34615384615384615
0.4794520547945205,,,0.31904761904761886,,0.675
0.42857142857142855,,,0.0738095238095238,,0.34615384615384615
0.4189189189189189,,,0.04404761904761904,,0.2692307692307692
0.4714285714285714,,,0.05714285714285713,,0.2692307692307692
0.5,,,0.11785714285714284,,0.4375
0.45454545454545453,,,0.244047619047619,,0.6216216216216216
0.4675324675324675,,,0.10000000000000002,,0.38461538461538464
0.4857142857142857,,,0.1452380952380952,,0.38461538461538464
0.4714285714285714,,,0.016666666666666663,,0.15384615384615385
0.4666666666666667,,,0.15476190476190477,,0.5
0.44594594594594594,,,0.3023809523809524,,0.5925925925925926
0.4931506849315068,,,0.04999999999999998,,0.38461538461538464
0.44285714285714284,,,0.030952380952380946,,0.23076923076923078
0.5142857142857142,,,0.09523809523809525,,0.34615384615384615
0.4794520547945205,,,0.3083333333333333,,0.6326530612244898
0.5633802816901409,,,0.21904761904761902,,0.6285714285714286
0.5466666666666666,,,0.24642857142857139,,0.6176470588235294
0.4857142857142857,,,0.08571428571428573,,0.38461538461538464
0.4594594594594595,,,0.3154761904761905,,0.71875
0.5,,,0.07857142857142858,,0.34615384615384615
0.4857142857142857,,,0.03333333333333332,,0.23076923076923078
0.4714285714285714,,,0.033333333333333326,,0.19230769230769232
0.44285714285714284,,,0.08095238095238096,,0.3076923076923077
0.48,,,0.04642857142857142,,0.2692307692307692
0.4857142857142857,,,0.11309523809523811,,0.38461538461538464
0.47368421052631576,,,0.06666666666666664,,0.34615384615384615
0.5068493150684932,,,0.1666666666666666,,0.5384615384615384
0.5342465753424658,,,0.255952380952381,,0.6486486486486487
0.44285714285714284,,,0.0738095238095238,,0.19230769230769232
0.4583333333333333,,,0.24166666666666664,,0.6333333333333333
0.4657534246575342,,,0.34880952380952396,,0.6666666666666666
0.4857142857142857,,,0.1738095238095238,,0.40740740740740733
0.5285714285714286,,,0.19880952380952385,,0.6206896551724138
0.49333333333333335,,,0.2630952380952381,,0.65625
0.4714285714285714,,,0.030952380952380946,,0.15384615384615385
0.49333333333333335,,,0.275,,0.7352941176470589
0.4931506849315068,,,0.27857142857142864,,0.6052631578947368
0.4594594594594595,,,0.1976190476190476,,0.5555555555555556
0.5,,,0.0476190476190476,,0.3076923076923077
0.5,,,0.24880952380952387,,0.696969696969697
0.5,,,0.2523809523809524,,0.6
0.4594594594594595,,,0.2952380952380952,,0.6923076923076923
0.5,,,0.25238095238095243,,0.6857142857142857
0.5,,,0.12619047619047621,,0.46153846153846156
0.5135135135135135,,,0.15714285714285714,,0.5769230769230769
0.4864864864864865,,,0.18452380952380942,,0.48484848484848486
0.47368421052631576,,,0.3654761904761903,,0.84375
0.527027027027027,,,0.10238095238095238,,0.46153846153846156
0.5,,,0.2619047619047619,,0.5897435897435898
0.5135135135135135,,,0.19761904761904764,,0.6785714285714286
0.5,,,0.12142857142857144,,0.23076923076923078
0.4864864864864865,,,0.11666666666666667,,0.3076923076923077
0.4864864864864865,,,0.23928571428571427,,0.5294117647058824
0.48,,,0.280952380952381,,0.6666666666666666
0.5,,,0.2630952380952381,,0.6060606060606061
0.4864864864864865,,,0.10476190476190479,,0.46153846153846156
0.5,,,0.1142857142857143,,0.37037037037037035
0.47297297297297297,,,0.13333333333333336,,0.46153846153846156
0.4864864864864865,,,0.3678571428571428,,0.696969696969697
0.4594594594594595,,,0.29166666666666674,,0.71875
0.4666666666666667,,,0.20476190476190478,,0.5555555555555556
0.5,,,0.15476190476190477,,0.6153846153846154
0.4533333333333333,,,0.24761904761904757,,0.6451612903225806
0.4864864864864865,,,0.07619047619047617,,0.23076923076923078
0.44155844155844154,,,0.2488095238095238,,0.6585365853658537
0.43243243243243246,,,0.21428571428571425,,0.5641025641025641
0.47297297297297297,,,0.08333333333333331,,0.34615384615384615
0.5135135135135135,,,0.1190476190476191,,0.3076923076923077
0.44594594594594594,,,0.1,,0.34615384615384615
0.44594594594594594,,,0.19523809523809527,,0.46153846153846156
0.4864864864864865,,,0.08095238095238094,,0.23076923076923078
0.47297297297297297,,,0.3690476190476189,,0.75
0.5135135135135135,,,0.09285714285714289,,0.3076923076923077
0.4189189189189189,,,0.11785714285714284,,0.38461538461538464
0.5405405405405406,,,0.1190476190476191,,0.4230769230769231
0.5135135135135135,,,0.10595238095238094,,0.40625
0.45454545454545453,,,0.2345238095238095,,0.6216216216216216
0.4675324675324675,,,0.08095238095238096,,0.38461538461538464
0.5135135135135135,,,0.10238095238095239,,0.4230769230769231
0.5135135135135135,,,0.14523809523809522,,0.46153846153846156
0.4533333333333333,,,0.1404761904761905,,0.42857142857142855
0.44594594594594594,,,0.20238095238095238,,0.6296296296296297
0.44594594594594594,,,0.1452380952380952,,0.4230769230769231
0.4864864864864865,,,0.130952380952381,,0.46153846153846156
0.527027027027027,,,0.09523809523809527,,0.4230769230769231
0.5135135135135135,,,0.31309523809523804,,0.6530612244897959
0.527027027027027,,,0.1857142857142857,,0.6285714285714286
0.5066666666666667,,,0.2797619047619046,,0.6470588235294118
0.527027027027027,,,0.11428571428571428,,0.34615384615384615
0.5,,,0.36309523809523814,,0.78125
0.5405405405405406,,,0.1833333333333333,,0.38461538461538464
0.4864864864864865,,,0.16666666666666663,,0.5
0.4864864864864865,,,0.13333333333333336,,0.34615384615384615
0.47297297297297297,,,0.08571428571428573,,0.34615384615384615
0.4666666666666667,,,0.12738095238095237,,0.38461538461538464
0.527027027027027,,,0.07976190476190478,,0.34615384615384615
0.5131578947368421,,,0.10952380952380955,,0.38461538461538464
0.5135135135135135,,,0.12619047619047616,,0.43589743589743596
0.5,,,0.225,,0.6486486486486487
0.5135135135135135,,,0.09761904761904767,,0.4230769230769231
0.5135135135135135,,,0.255952380952381,,0.7333333333333333
0.4864864864864865,,,0.26547619047619053,,0.6
0.47297297297297297,,,0.0642857142857143,,0.37037037037037035
0.5675675675675675,,,0.1369047619047619,,0.5172413793103449
0.4533333333333333,,,0.175,,0.5625
0.527027027027027,,,0.17380952380952383,,0.46153846153846156
0.4533333333333333,,,0.225,,0.6176470588235294
0.4864864864864865,,,0.23095238095238096,,0.6842105263157895
0.43661971830985913,,,0.18571428571428575,,0.5833333333333334
0.527027027027027,,,0.15833333333333335,,0.4444444444444445
0.5070422535211268,,,0.26666666666666666,,0.75
0.44594594594594594,,,0.22380952380952385,,0.6111111111111112
0.5205479452054794,,,0.06904761904761905,,0.2777777777777778
0.5070422535211268,,,0.22857142857142856,,0.6111111111111112
0.5211267605633803,,,0.20952380952380953,,0.6388888888888888
0.4864864864864865,,,0.32738095238095233,,0.861111111111111
0.5131578947368421,,,0.28690476190476194,,0.6666666666666666
0.4647887323943662,,,0.1904761904761905,,0.6388888888888888
0.5205479452054794,,,0.33571428571428563,,0.8461538461538461
0.49295774647887325,,,0.09999999999999999,,0.3333333333333333
0.5070422535211268,,,0.23809523809523805,,0.5277777777777778
0.5070422535211268,,,0.22857142857142856,,0.5833333333333334
0.5,,,0.3059523809523809,,0.8333333333333334
0.49333333333333335,,,0.30238095238095236,,0.6470588235294118
0.5070422535211268,,,0.33214285714285724,,0.8055555555555556
0.5205479452054794,,,0.17619047619047615,,0.6388888888888888
0.4657534246575342,,,0.21428571428571427,,0.6111111111111112
0.4788732394366197,,,0.24523809523809517,,0.6666666666666666
0.5211267605633803,,,0.2916666666666667,,0.6111111111111112
0.4722222222222222,,,0.344047619047619,,0.7777777777777778
0.48,,,0.3452380952380952,,0.888888888888889
0.4647887323943662,,,0.20714285714285713,,0.6111111111111112
0.48,,,0.20476190476190476,,0.3055555555555556
0.49295774647887325,,,0.2119047619047619,,0.5277777777777778
0.4805194805194805,,,0.3488095238095238,,0.8292682926829269
0.4657534246575342,,,0.2785714285714285,,0.6923076923076923
0.4647887323943662,,,0.18095238095238095,,0.6111111111111112
0.5211267605633803,,,0.22142857142857145,,0.5833333333333334
0.4583333333333333,,,0.22142857142857145,,0.6111111111111112
0.5352112676056338,,,0.288095238095238,,0.6111111111111112
0.4657534246575342,,,0.19999999999999998,,0.5555555555555556
0.4931506849315068,,,0.37619047619047613,,0.925
0.4788732394366197,,,0.2095238095238095,,0.5555555555555556
0.4594594594594595,,,0.2107142857142857,,0.6111111111111112
0.5211267605633803,,,0.20476190476190476,,0.5833333333333334
0.5211267605633803,,,0.26785714285714285,,0.6666666666666666
0.45454545454545453,,,0.15357142857142855,,0.43243243243243246
0.4805194805194805,,,0.19285714285714287,,0.6388888888888888
0.4788732394366197,,,0.18095238095238095,,0.5555555555555556
0.49295774647887325,,,0.2428571428571428,,0.5833333333333334
0.48,,,0.22142857142857147,,0.6388888888888888
0.5135135135135135,,,0.10000000000000002,,0.3333333333333333
0.4520547945205479,,,0.2452380952380952,,0.5833333333333334
0.49295774647887325,,,0.24047619047619043,,0.6388888888888888
0.5070422535211268,,,0.18571428571428575,,0.5555555555555556
0.4931506849315068,,,0.2916666666666667,,0.5918367346938775
0.5070422535211268,,,0.1595238095238095,,0.4166666666666667
0.5066666666666667,,,0.29642857142857143,,0.75
0.5211267605633803,,,0.22857142857142856,,0.5833333333333334
0.4864864864864865,,,0.305952380952381,,0.7777777777777778
0.5352112676056338,,,0.2761904761904761,,0.5833333333333334
0.5211267605633803,,,0.26190476190476186,,0.6666666666666666
0.49295774647887325,,,0.2333333333333333,,0.5555555555555556
0.49295774647887325,,,0.1976190476190476,,0.6111111111111112
0.5333333333333333,,,0.22976190476190475,,0.5833333333333334
0.5070422535211268,,,0.19404761904761905,,0.6388888888888888
0.5,,,0.2119047619047619,,0.5833333333333334
0.5205479452054794,,,0.22380952380952382,,0.6923076923076923
0.4931506849315068,,,0.13452380952380952,,0.43243243243243246
0.49295774647887325,,,0.19999999999999998,,0.6111111111111112
0.4861111111111111,,,0.12738095238095234,,0.3333333333333333
0.4657534246575342,,,0.36071428571428565,,0.9166666666666666
0.49295774647887325,,,0.18333333333333332,,0.5555555555555556
0.5492957746478874,,,0.20595238095238094,,0.5833333333333334
0.48,,,0.06071428571428572,,0.22222222222222224
0.5211267605633803,,,0.269047619047619,,0.5833333333333334
0.4666666666666667,,,0.13214285714285715,,0.3611111111111111
0.5205479452054794,,,0.31666666666666665,,0.8421052631578947
0.5,,,0.255952380952381,,0.7272727272727273
0.5070422535211268,,,0.2523809523809523,,0.5
0.4594594594594595,,,0.2785714285714285,,0.6538461538461539
0.4931506849315068,,,0.23095238095238096,,0.7142857142857143
0.5070422535211268,,,0.14047619047619045,,0.46153846153846156
0.4788732394366197,,,0.11904761904761904,,0.4230769230769231
0.43243243243243246,,,0.18214285714285705,,0.5757575757575758
0.47368421052631576,,,0.37499999999999983,,0.84375
0.43661971830985913,,,0.07857142857142856,,0.38461538461538464
0.4794520547945205,,,0.26904761904761904,,0.6410256410256411
0.4507042253521127,,,0.17619047619047618,,0.6071428571428571
0.4647887323943662,,,0.1357142857142857,,0.38461538461538464
0.4788732394366197,,,0.1357142857142857,,0.4230769230769231
0.44594594594594594,,,0.23214285714285712,,0.5
0.49333333333333335,,,0.29047619047619044,,0.6078431372549019
0.43661971830985913,,,0.2559523809523809,,0.6060606060606061
0.5205479452054794,,,0.09285714285714289,,0.4230769230769231
0.4794520547945205,,,0.12380952380952384,,0.40740740740740733
0.4225352112676056,,,0.14761904761904762,,0.34615384615384615
0.4225352112676056,,,0.3654761904761905,,0.6666666666666666
0.4583333333333333,,,0.26785714285714285,,0.71875
0.5066666666666667,,,0.20952380952380953,,0.5555555555555556
0.4507042253521127,,,0.14047619047619048,,0.5
0.48,,,0.2642857142857143,,0.6451612903225806
0.4647887323943662,,,0.09999999999999999,,0.3076923076923077
0.45454545454545453,,,0.2511904761904762,,0.7073170731707317
0.4520547945205479,,,0.22142857142857145,,0.5128205128205128
0.4225352112676056,,,0.05476190476190475,,0.34615384615384615
0.4507042253521127,,,0.13333333333333333,,0.4230769230769231
0.4166666666666667,,,0.1142857142857143,,0.3076923076923077
0.4647887323943662,,,0.20952380952380953,,0.5384615384615384
0.4657534246575342,,,0.09523809523809526,,0.3076923076923077
0.5068493150684932,,,0.3714285714285713,,0.75
0.4647887323943662,,,0.10714285714285716,,0.3076923076923077
0.44594594594594594,,,0.12500000000000003,,0.38461538461538464
0.4647887323943662,,,0.12857142857142861,,0.5384615384615384
0.49295774647887325,,,0.1321428571428571,,0.46875
0.45454545454545453,,,0.24880952380952376,,0.6486486486486487
0.42857142857142855,,,0.08095238095238096,,0.34615384615384615
0.4507042253521127,,,0.08333333333333333,,0.34615384615384615
0.4788732394366197,,,0.15952380952380948,,0.5
0.4533333333333333,,,0.15000000000000002,,0.2857142857142857
0.4189189189189189,,,0.18333333333333332,,0.6296296296296297
0.410958904109589,,,0.15952380952380946,,0.5
0.43661971830985913,,,0.1452380952380952,,0.5
0.4788732394366197,,,0.09523809523809529,,0.4230769230769231
0.4520547945205479,,,0.31547619047619035,,0.6530612244897959
0.4788732394366197,,,0.1833333333333333,,0.5714285714285714
0.49333333333333335,,,0.26071428571428573,,0.6176470588235294
0.4788732394366197,,,0.13333333333333333,,0.38461538461538464
0.47297297297297297,,,0.36547619047619057,,0.78125
0.49295774647887325,,,0.19761904761904756,,0.46153846153846156
0.49295774647887325,,,0.18095238095238095,,0.5384615384615384
0.49295774647887325,,,0.1476190476190476,,0.4230769230769231
0.4788732394366197,,,0.10000000000000005,,0.38461538461538464
0.4666666666666667,,,0.14166666666666664,,0.38461538461538464
0.4647887323943662,,,0.07500000000000002,,0.3076923076923077
0.4605263157894737,,,0.12380952380952384,,0.46153846153846156
0.4794520547945205,,,0.13333333333333333,,0.46153846153846156
0.5068493150684932,,,0.22976190476190478,,0.6486486486486487
0.4507042253521127,,,0.0880952380952381,,0.38461538461538464
0.4722222222222222,,,0.24880952380952376,,0.7333333333333333
0.4931506849315068,,,0.23690476190476187,,0.5333333333333333
0.4788732394366197,,,0.06190476190476191,,0.40740740740740733
0.49295774647887325,,,0.12976190476190477,,0.4137931034482759
0.4666666666666667,,,0.17261904761904762,,0.59375
0.4647887323943662,,,0.18809523809523807,,0.5
0.49333333333333335,,,0.2345238095238095,,0.5882352941176471
0.5068493150684932,,,0.22380952380952385,,0.5789473684210527
0.5135135135135135,,,0.30595238095238103,,0.75
0.5,,,0.3273809523809522,,0.7272727272727273
0.5,,,0.19880952380952382,,0.42857142857142855
0.5405405405405406,,,0.2964285714285715,,0.6363636363636364
0.527027027027027,,,0.29880952380952386,,0.7272727272727273
0.4864864864864865,,,0.2809523809523809,,0.8181818181818181
0.4868421052631579,,,0.30714285714285705,,0.696969696969697
0.5405405405405406,,,0.2630952380952381,,0.7272727272727273
0.527027027027027,,,0.24404761904761907,,0.7692307692307693
0.5135135135135135,,,0.21071428571428577,,0.48484848484848486
0.5405405405405406,,,0.2750000000000001,,0.696969696969697
0.5135135135135135,,,0.26785714285714285,,0.6363636363636364
0.4864864864864865,,,0.3261904761904762,,0.8235294117647058
0.48,,,0.3464285714285715,,0.6470588235294118
0.527027027027027,,,0.21428571428571427,,0.696969696969697
0.5540540540540541,,,0.24166666666666664,,0.696969696969697
0.5,,,0.2416666666666667,,0.696969696969697
0.527027027027027,,,0.28452380952380957,,0.6666666666666666
0.5135135135135135,,,0.35714285714285715,,0.7272727272727273
0.47297297297297297,,,0.25,,0.696969696969697
0.5066666666666667,,,0.294047619047619,,0.7777777777777778
0.5,,,0.2892857142857143,,0.7272727272727273
0.4666666666666667,,,0.16547619047619044,,0.24242424242424243
0.527027027027027,,,0.2535714285714286,,0.6666666666666666
0.5064935064935064,,,0.2952380952380952,,0.7804878048780488
0.4594594594594595,,,0.23214285714285715,,0.5897435897435898
0.5135135135135135,,,0.25833333333333336,,0.696969696969697
0.5540540540540541,,,0.28452380952380957,,0.6060606060606061
0.5,,,0.255952380952381,,0.7272727272727273
0.5405405405405406,,,0.3416666666666667,,0.696969696969697
0.5135135135135135,,,0.255952380952381,,0.6666666666666666
0.5135135135135135,,,0.3607142857142856,,0.825
0.527027027027027,,,0.26071428571428573,,0.6666666666666666
0.47297297297297297,,,0.28095238095238095,,0.6666666666666666
0.5675675675675675,,,0.275,,0.6666666666666666
0.581081081081081,,,0.2761904761904762,,0.7272727272727273
0.4805194805194805,,,0.10952380952380954,,0.32432432432432434
0.4805194805194805,,,0.25119047619047624,,0.696969696969697
0.5405405405405406,,,0.26309523809523816,,0.7272727272727273
0.5540540540540541,,,0.3107142857142858,,0.6666666666666666
0.52,,,0.2011904761904762,,0.6363636363636364
0.47297297297297297,,,0.20595238095238097,,0.48484848484848486
0.5,,,0.2940476190476191,,0.6363636363636364
0.5405405405405406,,,0.3035714285714286,,0.6666666666666666
0.5405405405405406,,,0.2511904761904762,,0.6666666666666666
0.5135135135135135,,,0.35714285714285704,,0.6122448979591837
0.5,,,0.13452380952380952,,0.42857142857142855
0.48,,,0.3619047619047619,,0.8529411764705882
0.581081081081081,,,0.2678571428571429,,0.6666666666666666
0.4864864864864865,,,0.3523809523809524,,0.7575757575757576
0.5675675675675675,,,0.3273809523809524,,0.696969696969697
0.5540540540540541,,,0.32500000000000007,,0.6666666666666666
0.527027027027027,,,0.2892857142857143,,0.6363636363636364
0.5540540540540541,,,0.2511904761904762,,0.6666666666666666
0.4666666666666667,,,0.28095238095238095,,0.6666666666666666
0.527027027027027,,,0.25000000000000006,,0.6666666666666666
0.4868421052631579,,,0.2630952380952381,,0.6666666666666666
0.4864864864864865,,,0.23214285714285715,,0.5897435897435898
0.5,,,0.09285714285714287,,0.35135135135135137
0.527027027027027,,,0.2678571428571429,,0.6666666666666666
0.5135135135135135,,,0.1571428571428571,,0.48484848484848486
0.4864864864864865,,,0.33809523809523817,,0.8787878787878787
0.5405405405405406,,,0.2535714285714286,,0.6666666666666666
0.6081081081081081,,,0.1547619047619048,,0.5454545454545454
0.48,,,0.17857142857142852,,0.5151515151515151
0.5135135135135135,,,0.325,,0.696969696969697
0.48,,,0.10714285714285712,,0.5
0.527027027027027,,,0.30357142857142855,,0.7894736842105263
0.44594594594594594,,,0.2190476190476191,,0.625
0.5342465753424658,,,0.2619047619047619,,0.725
0.5211267605633803,,,0.25952380952380955,,0.6
0.5352112676056338,,,0.24761904761904757,,0.475
0.43243243243243246,,,0.25595238095238104,,0.575
0.4868421052631579,,,0.27976190476190477,,0.675
0.4788732394366197,,,0.2452380952380952,,0.5
0.4931506849315068,,,0.2595238095238095,,0.6
0.4788732394366197,,,0.26666666666666666,,0.7
0.5070422535211268,,,0.25000000000000006,,0.675
0.5211267605633803,,,0.25,,0.625
0.4864864864864865,,,0.17976190476190487,,0.4
0.4666666666666667,,,0.17142857142857143,,0.35294117647058826
0.49295774647887325,,,0.31309523809523804,,0.65
0.4794520547945205,,,0.21428571428571433,,0.55
0.4794520547945205,,,0.1976190476190476,,0.525
0.5211267605633803,,,0.2452380952380952,,0.55
0.49295774647887325,,,0.18690476190476188,,0.475
0.4583333333333333,,,0.30595238095238086,,0.675
0.4666666666666667,,,0.2761904761904762,,0.65
0.5492957746478874,,,0.2452380952380952,,0.5
0.4666666666666667,,,0.28333333333333327,,0.7
0.5211267605633803,,,0.24047619047619045,,0.625
0.4805194805194805,,,0.21071428571428577,,0.6341463414634146
0.4931506849315068,,,0.31190476190476185,,0.475
0.49295774647887325,,,0.24761904761904757,,0.525
0.5211267605633803,,,0.24761904761904757,,0.625
0.4583333333333333,,,0.24047619047619045,,0.625
0.49295774647887325,,,0.27142857142857135,,0.675
0.4657534246575342,,,0.24047619047619045,,0.575
0.4794520547945205,,,0.188095238095238,,0.55
0.4788732394366197,,,0.24047619047619045,,0.625
0.4864864864864865,,,0.24166666666666664,,0.55
0.4647887323943662,,,0.24999999999999994,,0.575
0.5352112676056338,,,0.2583333333333334,,0.675
0.44155844155844154,,,0.3011904761904762,,0.775
0.4805194805194805,,,0.24285714285714283,,0.55
0.4647887323943662,,,0.24285714285714283,,0.45
0.5070422535211268,,,0.25952380952380955,,0.6
0.5066666666666667,,,0.24285714285714283,,0.6
0.4864864864864865,,,0.26666666666666666,,0.65
0.4931506849315068,,,0.2452380952380952,,0.625
0.49295774647887325,,,0.25476190476190474,,0.575
0.5352112676056338,,,0.24285714285714283,,0.55
0.5205479452054794,,,0.1892857142857143,,0.46938775510204084
0.49295774647887325,,,0.28571428571428564,,0.725
0.48,,,0.19404761904761908,,0.575
0.5211267605633803,,,0.24285714285714283,,0.7
0.4864864864864865,,,0.225,,0.625
0.5352112676056338,,,0.2690476190476191,,0.675
0.49295774647887325,,,0.2642857142857143,,0.6
0.49295774647887325,,,0.24999999999999994,,0.625
0.4788732394366197,,,0.24285714285714283,,0.55
0.4533333333333333,,,0.24166666666666664,,0.6
0.4788732394366197,,,0.23928571428571427,,0.575
0.4868421052631579,,,0.2452380952380952,,0.625
0.4794520547945205,,,0.24285714285714288,,0.625
0.5068493150684932,,,0.28690476190476194,,0.75
0.5070422535211268,,,0.2452380952380952,,0.525
0.5,,,0.25357142857142856,,0.725
0.4657534246575342,,,0.29642857142857143,,0.525
0.4788732394366197,,,0.25952380952380943,,0.55
0.5774647887323944,,,0.26785714285714274,,0.625
0.44,,,0.2678571428571429,,0.725
0.5211267605633803,,,0.2619047619047619,,0.65
0.4666666666666667,,,0.2821428571428572,,0.7
0.5068493150684932,,,0.25714285714285723,,0.6
0.5,,,0.20476190476190476,,0.6
0.4864864864864865,,,0.31428571428571417,,0.7307692307692307
0.5,,,0.23571428571428568,,0.5769230769230769
0.4594594594594595,,,0.355952380952381,,0.7272727272727273
0.4605263157894737,,,0.17261904761904762,,0.5625
0.4864864864864865,,,0.22380952380952374,,0.6923076923076923
0.5,,,0.4404761904761904,,0.7948717948717948
0.5135135135135135,,,0.18095238095238095,,0.5714285714285714
0.4864864864864865,,,0.3428571428571428,,0.7692307692307693
0.47297297297297297,,,0.33571428571428563,,0.7307692307692307
0.4594594594594595,,,0.16785714285714284,,0.44117647058823534
0.4533333333333333,,,0.2428571428571428,,0.6274509803921569
0.5,,,0.4107142857142856,,0.7575757575757576
0.47297297297297297,,,0.23333333333333334,,0.6153846153846154
0.4864864864864865,,,0.3261904761904762,,0.6296296296296297
0.47297297297297297,,,0.31190476190476185,,0.6923076923076923
0.43243243243243246,,,0.17500000000000002,,0.5151515151515151
0.40540540540540543,,,0.3940476190476191,,0.8125
0.49333333333333335,,,0.39047619047619053,,0.6944444444444444
0.5,,,0.23095238095238094,,0.6538461538461539
0.4666666666666667,,,0.33095238095238094,,0.7419354838709677
0.4864864864864865,,,0.3047619047619048,,0.6538461538461539
0.44155844155844154,,,0.3178571428571428,,0.6341463414634146
0.47297297297297297,,,0.39047619047619037,,0.717948717948718
0.47297297297297297,,,0.2357142857142857,,0.6153846153846154
0.5135135135135135,,,0.3214285714285714,,0.6923076923076923
0.4864864864864865,,,0.31904761904761897,,0.7692307692307693
0.47297297297297297,,,0.3690476190476191,,0.7307692307692307
0.47297297297297297,,,0.28809523809523807,,0.6923076923076923
0.4864864864864865,,,0.22857142857142865,,0.625
0.4864864864864865,,,0.3166666666666666,,0.7307692307692307
0.44594594594594594,,,0.27738095238095245,,0.6538461538461539
0.5135135135135135,,,0.2785714285714285,,0.6153846153846154
0.5405405405405406,,,0.3630952380952381,,0.6875
0.45454545454545453,,,0.32976190476190476,,0.7027027027027027
0.4805194805194805,,,0.25476190476190474,,0.6538461538461539
0.5135135135135135,,,0.22380952380952382,,0.6153846153846154
0.527027027027027,,,0.3190476190476189,,0.6923076923076923
0.4533333333333333,,,0.3523809523809524,,0.7142857142857143
0.44594594594594594,,,0.1857142857142857,,0.5925925925925926
0.4189189189189189,,,0.3214285714285714,,0.6923076923076923
0.4594594594594595,,,0.29999999999999993,,0.6538461538461539
0.4864864864864865,,,0.25952380952380955,,0.6153846153846154
0.5,,,0.1726190476190476,,0.6122448979591837
0.5135135135135135,,,0.33571428571428574,,0.7142857142857143
0.48,,,0.12976190476190472,,0.44117647058823534
0.5,,,0.33333333333333326,,0.7307692307692307
0.44594594594594594,,,0.11309523809523805,,0.5
0.5405405405405406,,,0.37380952380952376,,0.7692307692307693
0.4864864864864865,,,0.33095238095238094,,0.6923076923076923
0.5135135135135135,,,0.3214285714285714,,0.6923076923076923
0.4594594594594595,,,0.26904761904761904,,0.6538461538461539
0.4666666666666667,,,0.305952380952381,,0.6923076923076923
0.5,,,0.236904761904762,,0.6153846153846154
0.4605263157894737,,,0.29285714285714287,,0.6538461538461539
0.5135135135135135,,,0.3357142857142857,,0.6923076923076923
0.5135135135135135,,,0.3130952380952381,,0.6756756756756757
0.527027027027027,,,0.261904761904762,,0.6538461538461539
0.47297297297297297,,,0.225,,0.6333333333333333
0.44594594594594594,,,0.3107142857142857,,0.6666666666666666
0.5135135135135135,,,0.24999999999999994,,0.5925925925925926
0.5540540540540541,,,0.35833333333333345,,0.7586206896551724
0.4666666666666667,,,0.2202380952380954,,0.59375
0.5135135135135135,,,0.34761904761904755,,0.6923076923076923
0.48,,,0.32976190476190476,,0.7058823529411765
0.4864864864864865,,,0.31666666666666665,,0.7105263157894737
0.5342465753424658,,,0.21904761904761907,,0.5428571428571428
0.5342465753424658,,,0.22619047619047622,,0.6285714285714286
0.47297297297297297,,,0.35833333333333334,,0.9428571428571428
0.47368421052631576,,,0.2678571428571429,,0.6857142857142857
0.5068493150684932,,,0.20952380952380958,,0.6857142857142857
0.4931506849315068,,,0.3761904761904761,,0.8717948717948719
0.4931506849315068,,,0.12142857142857141,,0.4
0.5068493150684932,,,0.269047619047619,,0.6285714285714286
0.4794520547945205,,,0.2571428571428571,,0.6
0.4864864864864865,,,0.294047619047619,,0.8285714285714286
0.4666666666666667,,,0.28809523809523807,,0.6274509803921569
0.4931506849315068,,,0.36071428571428577,,0.8571428571428571
0.5068493150684932,,,0.18571428571428567,,0.6285714285714286
0.4794520547945205,,,0.2452380952380952,,0.6571428571428571
0.4931506849315068,,,0.2357142857142857,,0.6285714285714286
0.4931506849315068,,,0.24404761904761907,,0.6571428571428571
0.4657534246575342,,,0.37023809523809526,,0.8571428571428571
0.48,,,0.3857142857142856,,0.9166666666666666
0.5068493150684932,,,0.2,,0.5428571428571428
0.49333333333333335,,,0.19523809523809518,,0.37142857142857144
0.5068493150684932,,,0.24523809523809526,,0.6
0.4805194805194805,,,0.3583333333333333,,0.8292682926829269
0.4657534246575342,,,0.2976190476190476,,0.6923076923076923
0.4931506849315068,,,0.21904761904761907,,0.6857142857142857
0.5205479452054794,,,0.24047619047619045,,0.5714285714285714
0.4657534246575342,,,0.24285714285714283,,0.6285714285714286
0.5068493150684932,,,0.26666666666666666,,0.6
0.5068493150684932,,,0.2166666666666667,,0.6285714285714286
0.4794520547945205,,,0.3547619047619047,,0.9
0.4931506849315068,,,0.24285714285714283,,0.6571428571428571
0.4594594594594595,,,0.1988095238095238,,0.5428571428571428
0.4931506849315068,,,0.21428571428571433,,0.5428571428571428
0.5205479452054794,,,0.29166666666666663,,0.7428571428571429
0.44155844155844154,,,0.18452380952380956,,0.4864864864864865
0.5064935064935064,,,0.20952380952380958,,0.6571428571428571
0.5068493150684932,,,0.2,,0.6
0.5342465753424658,,,0.22857142857142856,,0.6
0.4666666666666667,,,0.24047619047619057,,0.6857142857142857
0.4594594594594595,,,0.13333333333333336,,0.37142857142857144
0.4520547945205479,,,0.2523809523809524,,0.5714285714285714
0.5068493150684932,,,0.22142857142857145,,0.6
0.547945205479452,,,0.21190476190476196,,0.5714285714285714
0.4931506849315068,,,0.286904761904762,,0.6326530612244898
0.4931506849315068,,,0.20238095238095247,,0.4
0.4666666666666667,,,0.275,,0.7714285714285715
0.5342465753424658,,,0.2619047619047619,,0.6285714285714286
0.4594594594594595,,,0.27261904761904765,,0.8
0.5616438356164384,,,0.28333333333333327,,0.5714285714285714
0.5342465753424658,,,0.23809523809523808,,0.6
0.4931506849315068,,,0.24285714285714283,,0.5714285714285714
0.4931506849315068,,,0.21904761904761907,,0.6285714285714286
0.4533333333333333,,,0.22738095238095238,,0.5714285714285714
0.5205479452054794,,,0.20357142857142857,,0.6857142857142857
0.4605263157894737,,,0.2357142857142857,,0.5428571428571428
0.4794520547945205,,,0.26428571428571435,,0.717948717948718
0.5068493150684932,,,0.1821428571428571,,0.4594594594594595
0.5205479452054794,,,0.20714285714285716,,0.6
0.4794520547945205,,,0.12976190476190472,,0.3142857142857143
0.4657534246575342,,,0.3773809523809524,,0.9714285714285713
0.5205479452054794,,,0.23095238095238096,,0.6
0.5753424657534246,,,0.24642857142857144,,0.6
0.49333333333333335,,,0.11547619047619048,,0.4
0.5068493150684932,,,0.2571428571428572,,0.5714285714285714
0.52,,,0.19166666666666668,,0.45714285714285713
0.4931506849315068,,,0.3428571428571428,,0.7894736842105263
0.4925373134328358,,,0.2261904761904762,,0.46153846153846156
0.5135135135135135,,,0.26309523809523805,,0.6060606060606061
0.5263157894736842,,,0.3535714285714284,,0.75
0.4782608695652174,,,0.15714285714285714,,0.5
0.5205479452054794,,,0.326190476190476,,0.6153846153846154
0.4782608695652174,,,0.24761904761904763,,0.6071428571428571
0.5070422535211268,,,0.1,,0.4230769230769231
0.47058823529411764,,,0.0857142857142857,,0.38461538461538464
0.527027027027027,,,0.27261904761904776,,0.5882352941176471
0.48,,,0.2714285714285714,,0.6078431372549019
0.5070422535211268,,,0.35357142857142865,,0.6666666666666666
0.547945205479452,,,0.11904761904761904,,0.38461538461538464
0.4931506849315068,,,0.11666666666666667,,0.40740740740740733
0.47058823529411764,,,0.05476190476190475,,0.34615384615384615
0.4714285714285714,,,0.2988095238095238,,0.6363636363636364
0.4722222222222222,,,0.3797619047619047,,0.875
0.5066666666666667,,,0.2857142857142858,,0.6111111111111112
0.5072463768115942,,,0.10952380952380954,,0.3076923076923077
0.49333333333333335,,,0.20952380952380953,,0.6129032258064516
0.45588235294117646,,,0.0880952380952381,,0.38461538461538464
0.4675324675324675,,,0.2821428571428572,,0.6097560975609756
0.5068493150684932,,,0.22380952380952376,,0.5128205128205128
0.45588235294117646,,,0.1666666666666667,,0.46153846153846156
0.4626865671641791,,,0.04999999999999998,,0.3076923076923077
0.5,,,0.0738095238095238,,0.4230769230769231
0.45588235294117646,,,0.06904761904761902,,0.23076923076923078
0.4520547945205479,,,0.04523809523809523,,0.3076923076923077
0.4794520547945205,,,0.3238095238095236,,0.7
0.463768115942029,,,0.07619047619047618,,0.34615384615384615
0.43243243243243246,,,0.044047619047619044,,0.3076923076923077
0.4925373134328358,,,0.04999999999999998,,0.2692307692307692
0.5362318840579711,,,0.11547619047619047,,0.40625
0.45454545454545453,,,0.244047619047619,,0.6756756756756757
0.4935064935064935,,,0.0880952380952381,,0.38461538461538464
0.4925373134328358,,,0.13333333333333333,,0.3076923076923077
0.4852941176470588,,,0.0238095238095238,,0.23076923076923078
0.49333333333333335,,,0.15714285714285714,,0.5714285714285714
0.47297297297297297,,,0.2857142857142857,,0.6666666666666666
0.4794520547945205,,,0.061904761904761886,,0.38461538461538464
0.5142857142857142,,,0.03333333333333332,,0.19230769230769232
0.47761194029850745,,,0.08333333333333333,,0.34615384615384615
0.5068493150684932,,,0.3059523809523809,,0.6326530612244898
0.5070422535211268,,,0.21904761904761907,,0.6285714285714286
0.5066666666666667,,,0.24880952380952376,,0.6176470588235294
0.4925373134328358,,,0.08809523809523807,,0.34615384615384615
0.4594594594594595,,,0.31309523809523815,,0.6875
0.5074626865671642,,,0.07619047619047618,,0.38461538461538464
0.4925373134328358,,,0.04523809523809522,,0.19230769230769232
0.4927536231884058,,,0.04523809523809522,,0.2692307692307692
0.463768115942029,,,0.06904761904761902,,0.2692307692307692
0.52,,,0.06547619047619047,,0.38461538461538464
0.4927536231884058,,,0.10833333333333335,,0.46153846153846156
0.5,,,0.0738095238095238,,0.38461538461538464
0.4931506849315068,,,0.17619047619047618,,0.5641025641025641
0.5205479452054794,,,0.2535714285714286,,0.6756756756756757
0.47761194029850745,,,0.061904761904761886,,0.2692307692307692
0.5,,,0.244047619047619,,0.6333333333333333
0.5205479452054794,,,0.3440476190476192,,0.7
0.5072463768115942,,,0.16190476190476188,,0.4444444444444445
0.5223880597014925,,,0.20119047619047623,,0.6896551724137931
0.5066666666666667,,,0.24642857142857139,,0.59375
0.4925373134328358,,,0.052380952380952375,,0.3076923076923077
0.52,,,0.2702380952380953,,0.7058823529411765
0.5205479452054794,,,0.2642857142857143,,0.6052631578947368
0.47297297297297297,,,0.2750000000000001,,0.696969696969697
0.5,,,0.35833333333333334,,0.8125
0.42028985507246375,,,0.07857142857142857,,0.3076923076923077
0.4931506849315068,,,0.3214285714285714,,0.6923076923076923
0.5362318840579711,,,0.17619047619047618,,0.5357142857142857
0.4788732394366197,,,0.2261904761904762,,0.7307692307692307
0.4117647058823529,,,0.23095238095238094,,0.6923076923076923
0.5135135135135135,,,0.2273809523809524,,0.5882352941176471
0.48,,,0.3071428571428571,,0.5490196078431373
0.4647887323943662,,,0.34642857142857136,,0.7575757575757576
0.547945205479452,,,0.12619047619047616,,0.2692307692307692
0.5205479452054794,,,0.20238095238095238,,0.5185185185185185
0.47058823529411764,,,0.23333333333333334,,0.5769230769230769
0.4714285714285714,,,0.35833333333333334,,0.696969696969697
0.4444444444444444,,,0.3416666666666667,,0.78125
0.48,,,0.2785714285714287,,0.6944444444444444
0.4782608695652174,,,0.130952380952381,,0.2692307692307692
0.49333333333333335,,,0.3214285714285714,,0.6774193548387096
0.4852941176470588,,,0.19523809523809524,,0.6153846153846154
0.45454545454545453,,,0.2845238095238095,,0.6341463414634146
0.4520547945205479,,,0.3119047619047619,,0.6410256410256411
0.45588235294117646,,,0.07380952380952381,,0.3076923076923077
0.4925373134328358,,,0.22380952380952382,,0.5769230769230769
0.4444444444444444,,,0.20476190476190476,,0.6153846153846154
0.4852941176470588,,,0.2952380952380952,,0.5384615384615384
0.4657534246575342,,,0.18095238095238095,,0.46153846153846156
0.4657534246575342,,,0.34523809523809507,,0.65
0.463768115942029,,,0.20238095238095238,,0.5769230769230769
0.43243243243243246,,,0.20357142857142857,,0.5
0.4626865671641791,,,0.18095238095238095,,0.4230769230769231
0.5072463768115942,,,0.22976190476190478,,0.59375
0.45454545454545453,,,0.3083333333333333,,0.6756756756756757
0.45454545454545453,,,0.14285714285714282,,0.5
0.4626865671641791,,,0.10238095238095238,,0.3076923076923077
0.45588235294117646,,,0.24047619047619045,,0.46153846153846156
0.44,,,0.2261904761904762,,0.5
0.4594594594594595,,,0.1857142857142857,,0.5925925925925926
0.4520547945205479,,,0.23571428571428568,,0.6538461538461539
0.4857142857142857,,,0.2261904761904762,,0.5
0.47761194029850745,,,0.1523809523809524,,0.4230769230769231
0.5205479452054794,,,0.2821428571428571,,0.6326530612244898
0.5070422535211268,,,0.25000000000000006,,0.6
0.5333333333333333,,,0.22738095238095252,,0.5
0.4925373134328358,,,0.22380952380952382,,0.6538461538461539
0.4594594594594595,,,0.33214285714285724,,0.65625
0.5373134328358209,,,0.28809523809523807,,0.7307692307692307
0.47761194029850745,,,0.2571428571428572,,0.5384615384615384
0.463768115942029,,,0.2285714285714286,,0.5384615384615384
0.5072463768115942,,,0.15714285714285714,,0.46153846153846156
0.49333333333333335,,,0.22500000000000003,,0.6153846153846154
0.4782608695652174,,,0.13452380952380952,,0.38461538461538464
0.5,,,0.1809523809523809,,0.5384615384615384
0.4931506849315068,,,0.23095238095238094,,0.5384615384615384
0.4794520547945205,,,0.28452380952380957,,0.5945945945945946
0.4626865671641791,,,0.16904761904761906,,0.4230769230769231
0.5,,,0.2583333333333333,,0.6333333333333333
0.5068493150684932,,,0.30119047619047634,,0.7333333333333333
0.43478260869565216,,,0.09999999999999996,,0.4444444444444445
0.5223880597014925,,,0.22261904761904763,,0.48275862068965514
0.49333333333333335,,,0.20833333333333331,,0.65625
0.43283582089552236,,,0.26904761904761904,,0.5384615384615384
0.5333333333333333,,,0.28928571428571426,,0.7058823529411765
0.5068493150684932,,,0.19047619047619044,,0.47368421052631576
0.4473684210526316,,,0.30714285714285716,,0.6363636363636364
0.5,,,0.22261904761904763,,0.6363636363636364
0.5135135135135135,,,0.15357142857142855,,0.46153846153846156
0.5,,,0.3202380952380954,,0.8484848484848484
0.4594594594594595,,,0.25595238095238093,,0.5151515151515151
0.5135135135135135,,,0.25357142857142856,,0.48484848484848486
0.47297297297297297,,,0.23809523809523814,,0.5588235294117647
0.48,,,0.3107142857142857,,0.6274509803921569
0.4864864864864865,,,0.13571428571428573,,0.4545454545454545
0.5,,,0.2130952380952381,,0.6666666666666666
0.4864864864864865,,,0.2345238095238095,,0.5757575757575758
0.4864864864864865,,,0.25119047619047613,,0.5454545454545454
0.5,,,0.3928571428571427,,0.7878787878787878
0.5,,,0.12142857142857141,,0.48484848484848486
0.49333333333333335,,,0.07500000000000002,,0.2777777777777778
0.4864864864864865,,,0.26785714285714285,,0.7272727272727273
0.4666666666666667,,,0.35357142857142854,,0.8787878787878787
0.5,,,0.22023809523809526,,0.5151515151515151
0.44155844155844154,,,0.12380952380952381,,0.36585365853658536
0.43243243243243246,,,0.20357142857142857,,0.6923076923076923
0.4864864864864865,,,0.21547619047619052,,0.6363636363636364
0.527027027027027,,,0.2559523809523809,,0.5454545454545454
0.47297297297297297,,,0.22976190476190478,,0.5454545454545454
0.47297297297297297,,,0.31309523809523826,,0.6060606060606061
0.4864864864864865,,,0.22499999999999992,,0.5454545454545454
0.4864864864864865,,,0.31071428571428583,,0.475
0.4864864864864865,,,0.22976190476190475,,0.5454545454545454
0.44594594594594594,,,0.24047619047619037,,0.6363636363636364
0.4864864864864865,,,0.25595238095238076,,0.6060606060606061
0.5135135135135135,,,0.2071428571428572,,0.36363636363636365
0.42857142857142855,,,0.34999999999999987,,0.8648648648648649
0.45454545454545453,,,0.2178571428571428,,0.6060606060606061
0.527027027027027,,,0.2345238095238095,,0.6666666666666666
0.4594594594594595,,,0.2726190476190477,,0.6363636363636364
0.48,,,0.2559523809523811,,0.6060606060606061
0.4594594594594595,,,0.3321428571428571,,0.8484848484848484
0.44594594594594594,,,0.2750000000000001,,0.5757575757575758
0.44594594594594594,,,0.2607142857142856,,0.6060606060606061
0.5135135135135135,,,0.2345238095238094,,0.6363636363636364
0.4864864864864865,,,0.32380952380952377,,0.6122448979591837
0.5135135135135135,,,0.30833333333333335,,0.8285714285714286
0.4666666666666667,,,0.3095238095238094,,0.5588235294117647
0.5405405405405406,,,0.2511904761904762,,0.5454545454545454
0.4594594594594595,,,0.36190476190476184,,0.6666666666666666
0.527027027027027,,,0.31071428571428583,,0.5757575757575758
0.527027027027027,,,0.2892857142857145,,0.6060606060606061
0.4864864864864865,,,0.2607142857142856,,0.5757575757575758
0.5135135135135135,,,0.22738095238095218,,0.6060606060606061
0.4533333333333333,,,0.2452380952380952,,0.5757575757575758
0.527027027027027,,,0.21190476190476176,,0.6363636363636364
0.47368421052631576,,,0.244047619047619,,0.6060606060606061
0.4594594594594595,,,0.20357142857142865,,0.6153846153846154
0.47297297297297297,,,0.35000000000000003,,0.8918918918918919
0.47297297297297297,,,0.22976190476190467,,0.6363636363636364
0.5,,,0.3428571428571428,,0.8787878787878787
0.47297297297297297,,,0.12857142857142861,,0.2727272727272727
0.5,,,0.22023809523809526,,0.6060606060606061
0.5135135135135135,,,0.2571428571428571,,0.7878787878787878
0.49333333333333335,,,0.30952380952380953,,0.8484848484848484
0.47297297297297297,,,0.2940476190476192,,0.6060606060606061
0.49333333333333335,,,0.3357142857142857,,0.8823529411764707
0.47297297297297297,,,0.16071428571428573,,0.47368421052631576
0.4868421052631579,,,0.33452380952380945,,0.8125
0.5,,,0.3916666666666666,,0.6923076923076923
0.5263157894736842,,,0.29642857142857143,,0.65625
0.5,,,0.401190476190476,,0.8125
0.5131578947368421,,,0.3845238095238093,,0.78125
0.4868421052631579,,,0.17857142857142852,,0.6176470588235294
0.4868421052631579,,,0.2488095238095238,,0.6666666666666666
0.4868421052631579,,,0.36666666666666653,,0.7575757575757576
0.5394736842105263,,,0.31309523809523804,,0.8125
0.5,,,0.38452380952380966,,0.71875
0.5,,,0.3630952380952379,,0.78125
0.5263157894736842,,,0.24047619047619045,,0.6666666666666666
0.5,,,0.361904761904762,,0.75
0.4868421052631579,,,0.3440476190476191,,0.5833333333333334
0.4868421052631579,,,0.3011904761904762,,0.75
0.47368421052631576,,,0.3892857142857142,,0.8125
0.5131578947368421,,,0.3702380952380951,,0.8125
0.4935064935064935,,,0.2714285714285714,,0.5853658536585366
0.4473684210526316,,,0.3416666666666667,,0.7948717948717948
0.5263157894736842,,,0.344047619047619,,0.8125
0.5,,,0.3678571428571427,,0.78125
0.47368421052631576,,,0.3773809523809522,,0.78125
0.5131578947368421,,,0.401190476190476,,0.71875
0.4868421052631579,,,0.3416666666666665,,0.78125
0.4868421052631579,,,0.1773809523809524,,0.475
0.5131578947368421,,,0.37499999999999983,,0.75
0.4473684210526316,,,0.3214285714285713,,0.78125
0.5,,,0.3249999999999999,,0.75
0.5131578947368421,,,0.38809523809523827,,0.6875
0.4805194805194805,,,0.3738095238095237,,0.7837837837837838
0.45454545454545453,,,0.33452380952380945,,0.78125
0.5,,,0.32738095238095233,,0.8125
0.5394736842105263,,,0.3583333333333332,,0.75
0.4473684210526316,,,0.42738095238095253,,0.875
0.4868421052631579,,,0.3154761904761906,,0.71875
0.4605263157894737,,,0.37261904761904746,,0.75
0.5,,,0.3369047619047618,,0.71875
0.5263157894736842,,,0.3154761904761904,,0.78125
0.5263157894736842,,,0.2452380952380952,,0.46938775510204084
0.5131578947368421,,,0.41071428571428575,,0.8571428571428571
0.5131578947368421,,,0.20952380952380953,,0.6176470588235294
0.5394736842105263,,,0.3869047619047617,,0.78125
0.5131578947368421,,,0.1285714285714285,,0.375
0.5131578947368421,,,0.4178571428571426,,0.75
0.5,,,0.36309523809523797,,0.71875
0.5131578947368421,,,0.36547619047619034,,0.78125
0.5,,,0.3249999999999999,,0.78125
0.47368421052631576,,,0.3499999999999998,,0.78125
0.4868421052631579,,,0.3261904761904761,,0.78125
0.4868421052631579,,,0.34166666666666656,,0.75
0.5131578947368421,,,0.3797619047619047,,0.8205128205128205
0.4868421052631579,,,0.38095238095238104,,0.8108108108108109
0.47368421052631576,,,0.3226190476190475,,0.78125
0.5,,,0.28809523809523807,,0.71875
0.5131578947368421,,,0.2833333333333333,,0.71875
0.5263157894736842,,,0.33214285714285713,,0.78125
0.5526315789473685,,,0.43809523809523804,,0.90625
0.47368421052631576,,,0.28571428571428564,,0.71875
0.4868421052631579,,,0.38690476190476175,,0.71875
0.47368421052631576,,,0.37619047619047613,,0.8529411764705882
0.5131578947368421,,,0.2797619047619047,,0.6052631578947368
0.5616438356164384,,,0.288095238095238,,0.6666666666666666
0.463768115942029,,,0.15238095238095234,,0.5714285714285714
0.4788732394366197,,,0.16666666666666666,,0.5384615384615384
0.4492753623188406,,,0.16666666666666663,,0.5384615384615384
0.5135135135135135,,,0.20357142857142846,,0.5882352941176471
0.49333333333333335,,,0.280952380952381,,0.5098039215686274
0.5070422535211268,,,0.2916666666666667,,0.696969696969697
0.5342465753424658,,,0.06190476190476192,,0.2692307692307692
0.4657534246575342,,,0.14285714285714282,,0.4444444444444445
0.463768115942029,,,0.15476190476190474,,0.4230769230769231
0.42857142857142855,,,0.33452380952380956,,0.6363636363636364
0.4027777777777778,,,0.3035714285714286,,0.78125
0.49333333333333335,,,0.23809523809523822,,0.6666666666666666
0.4492753623188406,,,0.06666666666666665,,0.3076923076923077
0.5066666666666667,,,0.2571428571428572,,0.6774193548387096
0.463768115942029,,,0.1357142857142857,,0.5
0.4805194805194805,,,0.23928571428571424,,0.6341463414634146
0.4794520547945205,,,0.25238095238095243,,0.5384615384615384
0.463768115942029,,,0.033333333333333326,,0.3076923076923077
0.5072463768115942,,,0.1595238095238095,,0.5
0.4583333333333333,,,0.13571428571428568,,0.38461538461538464
0.4782608695652174,,,0.21666666666666665,,0.46153846153846156
0.4794520547945205,,,0.11666666666666665,,0.38461538461538464
0.5068493150684932,,,0.34523809523809507,,0.625
0.463768115942029,,,0.14285714285714282,,0.4230769230769231
0.40540540540540543,,,0.12976190476190477,,0.3076923076923077
0.4492753623188406,,,0.11190476190476191,,0.34615384615384615
0.5507246376811594,,,0.16785714285714284,,0.5
0.4675324675324675,,,0.26785714285714285,,0.5945945945945946
0.42857142857142855,,,0.0738095238095238,,0.3076923076923077
0.4927536231884058,,,0.0476190476190476,,0.34615384615384615
0.4782608695652174,,,0.16190476190476188,,0.4230769230769231
0.48,,,0.15238095238095237,,0.42857142857142855
0.4594594594594595,,,0.17857142857142855,,0.6666666666666666
0.4794520547945205,,,0.16666666666666666,,0.5
0.4714285714285714,,,0.14761904761904762,,0.4230769230769231
0.463768115942029,,,0.08809523809523813,,0.38461538461538464
0.4931506849315068,,,0.2869047619047619,,0.6326530612244898
0.5211267605633803,,,0.20476190476190478,,0.6285714285714286
0.5066666666666667,,,0.21309523809523817,,0.5588235294117647
0.5072463768115942,,,0.16428571428571426,,0.5
0.5,,,0.31785714285714295,,0.65625
0.4927536231884058,,,0.219047619047619,,0.5769230769230769
0.4782608695652174,,,0.17857142857142858,,0.46153846153846156
0.4782608695652174,,,0.15952380952380948,,0.46153846153846156
0.5072463768115942,,,0.09285714285714285,,0.38461538461538464
0.48,,,0.15119047619047615,,0.46153846153846156
0.463768115942029,,,0.06309523809523808,,0.2692307692307692
0.5,,,0.11666666666666667,,0.38461538461538464
0.4931506849315068,,,0.16904761904761903,,0.5641025641025641
0.5342465753424658,,,0.24880952380952387,,0.6486486486486487
0.4782608695652174,,,0.10000000000000002,,0.4230769230769231
0.4861111111111111,,,0.22023809523809526,,0.6
0.5205479452054794,,,0.2654761904761904,,0.6666666666666666
0.463768115942029,,,0.054761904761904776,,0.40740740740740733
0.5942028985507246,,,0.16785714285714284,,0.44827586206896547
0.5066666666666667,,,0.18452380952380956,,0.65625
0.4782608695652174,,,0.19047619047619044,,0.4230769230769231
0.49333333333333335,,,0.24880952380952376,,0.7058823529411765
0.547945205479452,,,0.2,,0.5526315789473685
0.5205479452054794,,,0.3452380952380952,,0.7692307692307693
0.5205479452054794,,,0.2761904761904761,,0.6153846153846154
0.547945205479452,,,0.28333333333333327,,0.6153846153846154
0.47297297297297297,,,0.31309523809523815,,0.5641025641025641
0.5066666666666667,,,0.3357142857142857,,0.6078431372549019
0.5205479452054794,,,0.1369047619047619,,0.4871794871794871
0.5205479452054794,,,0.26666666666666666,,0.6153846153846154
0.4794520547945205,,,0.2166666666666667,,0.5897435897435898
0.5205479452054794,,,0.31904761904761897,,0.6153846153846154
0.547945205479452,,,0.4154761904761905,,0.717948717948718
0.4931506849315068,,,0.1821428571428572,,0.6410256410256411
0.4666666666666667,,,0.12857142857142853,,0.46153846153846156
0.4931506849315068,,,0.3261904761904761,,0.6666666666666666
0.4666666666666667,,,0.3166666666666667,,0.7948717948717948
0.5068493150684932,,,0.2714285714285714,,0.5897435897435898
0.5064935064935064,,,0.18214285714285713,,0.4878048780487805
0.5205479452054794,,,0.23809523809523808,,0.5641025641025641
0.5205479452054794,,,0.269047619047619,,0.6410256410256411
0.5342465753424658,,,0.29999999999999993,,0.6153846153846154
0.5205479452054794,,,0.2785714285714285,,0.5641025641025641
0.5205479452054794,,,0.35714285714285704,,0.5897435897435898
0.4931506849315068,,,0.288095238095238,,0.5641025641025641
0.5205479452054794,,,0.33333333333333337,,0.575
0.5616438356164384,,,0.2738095238095238,,0.5641025641025641
0.47297297297297297,,,0.31309523809523804,,0.5897435897435898
0.5068493150684932,,,0.3071428571428571,,0.6153846153846154
0.547945205479452,,,0.24880952380952387,,0.4871794871794871
0.4675324675324675,,,0.3130952380952381,,0.8717948717948719
0.4935064935064935,,,0.2857142857142856,,0.5641025641025641
0.5342465753424658,,,0.2809523809523809,,0.6153846153846154
0.5205479452054794,,,0.3357142857142855,,0.5897435897435898
0.48,,,0.21190476190476187,,0.6410256410256411
0.44594594594594594,,,0.3285714285714285,,0.7948717948717948
0.5068493150684932,,,0.31190476190476185,,0.6410256410256411
0.4794520547945205,,,0.3357142857142856,,0.6153846153846154
0.5068493150684932,,,0.2857142857142857,,0.6153846153846154
0.4931506849315068,,,0.3797619047619048,,0.6530612244897959
0.5342465753424658,,,0.29047619047619044,,0.7948717948717948
0.5066666666666667,,,0.3916666666666666,,0.6153846153846154
0.5753424657534246,,,0.27619047619047615,,0.5897435897435898
0.4864864864864865,,,0.42738095238095236,,0.6410256410256411
0.5753424657534246,,,0.3238095238095236,,0.6153846153846154
0.547945205479452,,,0.3476190476190475,,0.6153846153846154
0.5068493150684932,,,0.3095238095238094,,0.5897435897435898
0.5205479452054794,,,0.28809523809523807,,0.6153846153846154
0.49333333333333335,,,0.30595238095238086,,0.5897435897435898
0.5068493150684932,,,0.28452380952380946,,0.6410256410256411
0.5131578947368421,,,0.29285714285714287,,0.6410256410256411
0.4931506849315068,,,0.22857142857142856,,0.5384615384615384
0.4931506849315068,,,0.3059523809523809,,0.8974358974358975
0.5616438356164384,,,0.30238095238095225,,0.5641025641025641
0.4931506849315068,,,0.3273809523809525,,0.7948717948717948
0.4794520547945205,,,0.21547619047619052,,0.43589743589743596
0.547945205479452,,,0.2785714285714285,,0.6153846153846154
0.589041095890411,,,0.2369047619047619,,0.717948717948718
0.49333333333333335,,,0.3202380952380952,,0.7948717948717948
0.5342465753424658,,,0.34047619047619027,,0.5897435897435898
0.5066666666666667,,,0.2821428571428572,,0.8205128205128205
0.5205479452054794,,,0.2166666666666667,,0.5128205128205128
0.49295774647887325,,,0.25238095238095243,,0.6785714285714286
0.463768115942029,,,0.25238095238095243,,0.6428571428571429
0.4594594594594595,,,0.30357142857142866,,0.7941176470588235
0.48,,,0.33095238095238094,,0.5882352941176471
0.49295774647887325,,,0.3535714285714286,,0.8484848484848484
0.5205479452054794,,,0.15238095238095237,,0.5357142857142857
0.5068493150684932,,,0.2071428571428572,,0.5714285714285714
0.4492753623188406,,,0.2547619047619048,,0.6071428571428571
0.44285714285714284,,,0.23214285714285715,,0.6060606060606061
0.4444444444444444,,,0.3607142857142856,,0.8125
0.48,,,0.34285714285714286,,0.8055555555555556
0.4492753623188406,,,0.19523809523809527,,0.6071428571428571
0.49333333333333335,,,0.2523809523809524,,0.4516129032258064
0.4927536231884058,,,0.22380952380952382,,0.6071428571428571
0.4675324675324675,,,0.3416666666666667,,0.7560975609756098
0.4794520547945205,,,0.33809523809523806,,0.6666666666666666
0.4492753623188406,,,0.16190476190476188,,0.5714285714285714
0.463768115942029,,,0.24761904761904763,,0.6071428571428571
0.4722222222222222,,,0.2261904761904762,,0.5714285714285714
0.463768115942029,,,0.31666666666666665,,0.6071428571428571
0.4931506849315068,,,0.20476190476190478,,0.5357142857142857
0.4931506849315068,,,0.36904761904761896,,0.825
0.463768115942029,,,0.2285714285714286,,0.5714285714285714
0.43243243243243246,,,0.23214285714285712,,0.5714285714285714
0.4782608695652174,,,0.22142857142857145,,0.5714285714285714
0.5217391304347826,,,0.25357142857142856,,0.65625
0.45454545454545453,,,0.23452380952380952,,0.40540540540540543
0.44155844155844154,,,0.18333333333333332,,0.6071428571428571
0.4782608695652174,,,0.1595238095238095,,0.5357142857142857
0.4782608695652174,,,0.26666666666666666,,0.6071428571428571
0.5066666666666667,,,0.2119047619047619,,0.6428571428571429
0.4594594594594595,,,0.04761904761904762,,0.35714285714285715
0.4383561643835616,,,0.26666666666666666,,0.6785714285714286
0.45714285714285713,,,0.2523809523809523,,0.6428571428571429
0.4782608695652174,,,0.19523809523809527,,0.5714285714285714
0.4931506849315068,,,0.244047619047619,,0.5306122448979592
0.49295774647887325,,,0.2166666666666667,,0.42857142857142855
0.52,,,0.255952380952381,,0.7352941176470589
0.4782608695652174,,,0.25,,0.6428571428571429
0.4864864864864865,,,0.2654761904761904,,0.78125
0.4927536231884058,,,0.30952380952380953,,0.6785714285714286
0.4927536231884058,,,0.2857142857142857,,0.6785714285714286
0.4782608695652174,,,0.2547619047619048,,0.6071428571428571
0.463768115942029,,,0.19523809523809527,,0.5714285714285714
0.4666666666666667,,,0.2511904761904762,,0.6428571428571429
0.4782608695652174,,,0.175,,0.6071428571428571
0.4868421052631579,,,0.22380952380952382,,0.6071428571428571
0.4931506849315068,,,0.25238095238095243,,0.6153846153846154
0.4931506849315068,,,0.20119047619047623,,0.40540540540540543
0.5217391304347826,,,0.19761904761904764,,0.6428571428571429
0.4722222222222222,,,0.10595238095238095,,0.3
0.4794520547945205,,,0.3607142857142857,,0.9333333333333333
0.4927536231884058,,,0.17857142857142858,,0.5
0.5797101449275363,,,0.22023809523809526,,0.5172413793103449
0.5066666666666667,,,0.07023809523809522,,0.28125
0.4927536231884058,,,0.2952380952380952,,0.6071428571428571
0.49333333333333335,,,0.19404761904761905,,0.44117647058823534
0.5205479452054794,,,0.2857142857142857,,0.7894736842105263
0.4788732394366197,,,0.0238095238095238,,0.23076923076923078
0.44594594594594594,,,0.30119047619047634,,0.6764705882352942
0.49333333333333335,,,0.27619047619047615,,0.6470588235294118
0.43661971830985913,,,0.3273809523809524,,0.6666666666666666
0.5068493150684932,,,0.12380952380952384,,0.5384615384615384
0.5068493150684932,,,0.07857142857142857,,0.37037037037037035
0.4647887323943662,,,0.07857142857142856,,0.38461538461538464
0.4788732394366197,,,0.31547619047619047,,0.5454545454545454
0.4444444444444444,,,0.37023809523809514,,0.75
0.4666666666666667,,,0.2547619047619048,,0.5277777777777778
0.4788732394366197,,,0.16666666666666663,,0.5769230769230769
0.49333333333333335,,,0.20238095238095238,,0.6451612903225806
0.5070422535211268,,,0.04523809523809522,,0.23076923076923078
0.45454545454545453,,,0.26785714285714296,,0.6585365853658537
0.4657534246575342,,,0.22380952380952382,,0.43589743589743596
0.4647887323943662,,,0.16666666666666666,,0.5
0.5211267605633803,,,0.059523809523809514,,0.2692307692307692
0.4722222222222222,,,0.030952380952380946,,0.2692307692307692
0.5070422535211268,,,0.10238095238095242,,0.38461538461538464
0.4794520547945205,,,0.06904761904761904,,0.38461538461538464
0.4931506849315068,,,0.35238095238095235,,0.725
0.49295774647887325,,,0.02857142857142857,,0.23076923076923078
0.4594594594594595,,,0.1011904761904762,,0.4230769230769231
0.5070422535211268,,,0.10238095238095239,,0.38461538461538464
0.5211267605633803,,,0.12023809523809523,,0.40625
0.4805194805194805,,,0.225,,0.6756756756756757
0.4805194805194805,,,0.10238095238095238,,0.38461538461538464
0.5070422535211268,,,0.13809523809523808,,0.5
0.4647887323943662,,,0.10476190476190479,,0.34615384615384615
0.52,,,0.12142857142857147,,0.42857142857142855
0.47297297297297297,,,0.2785714285714286,,0.6666666666666666
0.4657534246575342,,,0.05714285714285713,,0.23076923076923078
0.5211267605633803,,,0.11904761904761904,,0.46153846153846156
0.4788732394366197,,,0.09761904761904763,,0.38461538461538464
0.4931506849315068,,,0.32738095238095233,,0.6326530612244898
0.5211267605633803,,,0.18095238095238092,,0.6
0.52,,,0.29880952380952386,,0.7352941176470589
0.5211267605633803,,,0.021428571428571422,,0.23076923076923078
0.47297297297297297,,,0.3678571428571429,,0.71875
0.5070422535211268,,,0.061904761904761886,,0.15384615384615385
0.49295774647887325,,,0.11190476190476192,,0.4230769230769231
0.4507042253521127,,,0.06428571428571427,,0.2692307692307692
0.5211267605633803,,,0.08809523809523809,,0.4230769230769231
0.4666666666666667,,,0.06309523809523808,,0.23076923076923078
0.4788732394366197,,,0.11547619047619047,,0.38461538461538464
0.4868421052631579,,,0.06904761904761902,,0.3076923076923077
0.5068493150684932,,,0.13333333333333333,,0.38461538461538464
0.5205479452054794,,,0.2178571428571429,,0.6486486486486487
0.49295774647887325,,,0.10952380952380951,,0.46153846153846156
0.5,,,0.24642857142857139,,0.7
0.5068493150684932,,,0.3559523809523811,,0.6666666666666666
0.4788732394366197,,,0.15714285714285714,,0.4444444444444445
0.5633802816901409,,,0.16785714285714284,,0.6206896551724138
0.4533333333333333,,,0.2416666666666667,,0.5625
0.49295774647887325,,,0.09523809523809527,,0.3076923076923077
0.49333333333333335,,,0.23214285714285712,,0.5882352941176471
0.5205479452054794,,,0.2857142857142858,,0.6842105263157895
0.527027027027027,,,0.29404761904761917,,0.6176470588235294
0.5066666666666667,,,0.27619047619047615,,0.6666666666666666
0.4647887323943662,,,0.325,,0.6363636363636364
0.547945205479452,,,0.12380952380952384,,0.5384615384615384
0.4657534246575342,,,0.08333333333333333,,0.37037037037037035
0.4264705882352941,,,0.06428571428571427,,0.34615384615384615
0.44285714285714284,,,0.31547619047619047,,0.5757575757575758
0.4444444444444444,,,0.3678571428571428,,0.75
0.48,,,0.2547619047619048,,0.5277777777777778
0.4492753623188406,,,0.15238095238095237,,0.5769230769230769
0.48,,,0.1976190476190476,,0.5483870967741935
0.45588235294117646,,,0.040476190476190464,,0.23076923076923078
0.4935064935064935,,,0.2726190476190477,,0.6585365853658537
0.4794520547945205,,,0.21666666666666662,,0.4871794871794871
0.4264705882352941,,,0.16666666666666666,,0.46153846153846156
0.47058823529411764,,,0.04999999999999998,,0.2692307692307692
0.4444444444444444,,,0.030952380952380943,,0.23076923076923078
0.5,,,0.09761904761904763,,0.3076923076923077
0.4657534246575342,,,0.059523809523809514,,0.34615384615384615
0.4794520547945205,,,0.3452380952380952,,0.7
0.42028985507246375,,,0.033333333333333326,,0.3076923076923077
0.44594594594594594,,,0.0869047619047619,,0.4230769230769231
0.4117647058823529,,,0.08809523809523809,,0.4230769230769231
0.4927536231884058,,,0.1130952380952381,,0.40625
0.4805194805194805,,,0.22261904761904763,,0.6486486486486487
0.45454545454545453,,,0.10238095238095238,,0.38461538461538464
0.47058823529411764,,,0.13333333333333333,,0.5
0.4852941176470588,,,0.09523809523809525,,0.38461538461538464
0.49333333333333335,,,0.12619047619047624,,0.4642857142857143
0.47297297297297297,,,0.27380952380952384,,0.5925925925925926
0.4520547945205479,,,0.05714285714285713,,0.2692307692307692
0.4857142857142857,,,0.10476190476190476,,0.38461538461538464
0.47058823529411764,,,0.07857142857142857,,0.38461538461538464
0.5068493150684932,,,0.32499999999999996,,0.6326530612244898
0.49295774647887325,,,0.1857142857142857,,0.5428571428571428
0.49333333333333335,,,0.2916666666666667,,0.7058823529411765
0.47058823529411764,,,0.021428571428571422,,0.2692307692307692
0.47297297297297297,,,0.3511904761904762,,0.6875
0.5,,,0.06666666666666664,,0.23076923076923078
0.45588235294117646,,,0.10238095238095239,,0.34615384615384615
0.4782608695652174,,,0.059523809523809514,,0.3076923076923077
0.4492753623188406,,,0.0738095238095238,,0.3076923076923077
0.49333333333333335,,,0.048809523809523796,,0.19230769230769232
0.463768115942029,,,0.11785714285714285,,0.4230769230769231
0.5,,,0.059523809523809514,,0.34615384615384615
0.5205479452054794,,,0.1333333333333333,,0.46153846153846156
0.547945205479452,,,0.21547619047619052,,0.6486486486486487
0.45588235294117646,,,0.09523809523809522,,0.38461538461538464
0.4861111111111111,,,0.23928571428571427,,0.7
0.4931506849315068,,,0.35357142857142876,,0.6333333333333333
0.463768115942029,,,0.15238095238095237,,0.4444444444444445
0.4852941176470588,,,0.16785714285714284,,0.6206896551724138
0.52,,,0.23690476190476195,,0.59375
0.45588235294117646,,,0.09047619047619052,,0.23076923076923078
0.49333333333333335,,,0.22976190476190475,,0.6470588235294118
0.5205479452054794,,,0.280952380952381,,0.6842105263157895
0.49333333333333335,,,0.2083333333333334,,0.5098039215686274
0.527027027027027,,,0.30952380952380965,,0.5588235294117647
0.5135135135135135,,,0.1892857142857142,,0.5882352941176471
0.5,,,0.28214285714285714,,0.5882352941176471
0.527027027027027,,,0.27023809523809533,,0.5882352941176471
0.5,,,0.29761904761904756,,0.6176470588235294
0.5,,,0.2833333333333333,,0.6176470588235294
0.52,,,0.275,,0.5555555555555556
0.4864864864864865,,,0.20833333333333331,,0.6176470588235294
0.4666666666666667,,,0.34880952380952374,,0.8235294117647058
0.5405405405405406,,,0.263095238095238,,0.6176470588235294
0.4675324675324675,,,0.21666666666666665,,0.5609756097560976
0.4594594594594595,,,0.2916666666666667,,0.6666666666666666
0.47297297297297297,,,0.20357142857142846,,0.5
0.527027027027027,,,0.2797619047619048,,0.6176470588235294
0.5,,,0.27738095238095245,,0.6176470588235294
0.4864864864864865,,,0.3250000000000002,,0.6764705882352942
0.47297297297297297,,,0.24642857142857139,,0.6176470588235294
0.4594594594594595,,,0.1607142857142857,,0.5
0.5135135135135135,,,0.2750000000000001,,0.6176470588235294
0.47297297297297297,,,0.2357142857142857,,0.5882352941176471
0.527027027027027,,,0.24166666666666664,,0.6176470588235294
0.5675675675675675,,,0.29285714285714276,,0.6470588235294118
0.45454545454545453,,,0.35476190476190467,,0.8648648648648649
0.45454545454545453,,,0.2130952380952381,,0.6176470588235294
0.4864864864864865,,,0.1988095238095237,,0.5
0.5,,,0.2773809523809525,,0.6470588235294118
0.49333333333333335,,,0.30833333333333335,,0.6470588235294118
0.47297297297297297,,,0.3130952380952381,,0.7647058823529411
0.4864864864864865,,,0.2821428571428573,,0.6470588235294118
0.5,,,0.255952380952381,,0.5882352941176471
0.527027027027027,,,0.22261904761904763,,0.5882352941176471
0.4864864864864865,,,0.25000000000000006,,0.4897959183673469
0.527027027027027,,,0.33214285714285713,,0.8
0.49333333333333335,,,0.15476190476190474,,0.5
0.527027027027027,,,0.29166666666666674,,0.6176470588235294
0.47297297297297297,,,0.18333333333333332,,0.5588235294117647
0.5540540540540541,,,0.3321428571428573,,0.7352941176470589
0.5,,,0.286904761904762,,0.6176470588235294
0.5,,,0.2797619047619049,,0.6176470588235294
0.5,,,0.22976190476190478,,0.5588235294117647
0.4533333333333333,,,0.26428571428571423,,0.6176470588235294
0.527027027027027,,,0.19761904761904756,,0.5294117647058824
0.4868421052631579,,,0.25595238095238093,,0.6176470588235294
0.4594594594594595,,,0.2797619047619048,,0.6666666666666666
0.4864864864864865,,,0.36428571428571416,,0.8648648648648649
0.4864864864864865,,,0.2202380952380953,,0.5588235294117647
0.527027027027027,,,0.3261904761904762,,0.8823529411764707
0.44594594594594594,,,0.19523809523809513,,0.4117647058823529
0.5,,,0.2178571428571428,,0.5588235294117647
0.5540540540540541,,,0.319047619047619,,0.7058823529411765
0.48,,,0.3071428571428571,,0.8235294117647058
0.4864864864864865,,,0.3059523809523811,,0.6764705882352942
0.48,,,0.37380952380952376,,0.9117647058823529
0.5,,,0.23928571428571419,,0.5789473684210527
0.5066666666666667,,,0.336904761904762,,0.7058823529411765
0.52,,,0.2619047619047619,,0.5686274509803921
0.49333333333333335,,,0.26428571428571435,,0.5686274509803921
0.48,,,0.27619047619047615,,0.6078431372549019
0.49333333333333335,,,0.20357142857142857,,0.47058823529411764
0.49333333333333335,,,0.34404761904761905,,0.803921568627451
0.48,,,0.3238095238095237,,0.5882352941176471
0.52,,,0.27142857142857146,,0.5294117647058824
0.4666666666666667,,,0.3071428571428571,,0.5686274509803921
0.49333333333333335,,,0.2714285714285714,,0.6470588235294118
0.4805194805194805,,,0.2654761904761905,,0.5882352941176471
0.48,,,0.2547619047619049,,0.39215686274509803
0.49333333333333335,,,0.2857142857142857,,0.5686274509803921
0.52,,,0.2690476190476191,,0.6274509803921569
0.48,,,0.2738095238095238,,0.6274509803921569
0.52,,,0.28571428571428575,,0.5882352941176471
0.48,,,0.2714285714285714,,0.5882352941176471
0.48,,,0.22619047619047614,,0.5098039215686274
0.5333333333333333,,,0.2738095238095238,,0.6274509803921569
0.4666666666666667,,,0.25595238095238093,,0.6078431372549019
0.52,,,0.2642857142857143,,0.5686274509803921
0.5466666666666666,,,0.32499999999999996,,0.6666666666666666
0.4675324675324675,,,0.31309523809523815,,0.6274509803921569
0.4805194805194805,,,0.26666666666666666,,0.5882352941176471
0.49333333333333335,,,0.2785714285714286,,0.5490196078431373
0.49333333333333335,,,0.26666666666666666,,0.5882352941176471
0.4666666666666667,,,0.2928571428571428,,0.5294117647058824
0.49333333333333335,,,0.34523809523809523,,0.5882352941176471
0.4666666666666667,,,0.2642857142857143,,0.6274509803921569
0.49333333333333335,,,0.2714285714285714,,0.6078431372549019
0.5333333333333333,,,0.26666666666666666,,0.5882352941176471
0.52,,,0.2797619047619048,,0.5098039215686274
0.48,,,0.3214285714285714,,0.6470588235294118
0.49333333333333335,,,0.2488095238095238,,0.6274509803921569
0.5466666666666666,,,0.27619047619047615,,0.6666666666666666
0.5066666666666667,,,0.24880952380952376,,0.6274509803921569
0.56,,,0.2880952380952381,,0.6666666666666666
0.49333333333333335,,,0.26666666666666666,,0.5882352941176471
0.5333333333333333,,,0.26666666666666666,,0.6078431372549019
0.4666666666666667,,,0.2690476190476191,,0.5686274509803921
0.4266666666666667,,,0.25595238095238093,,0.6470588235294118
0.5066666666666667,,,0.2630952380952381,,0.5882352941176471
0.4605263157894737,,,0.26428571428571423,,0.6078431372549019
0.52,,,0.2166666666666667,,0.4313725490196079
0.52,,,0.3130952380952381,,0.6274509803921569
0.5066666666666667,,,0.2761904761904762,,0.6274509803921569
0.5333333333333333,,,0.3107142857142858,,0.5882352941176471
0.48,,,0.28928571428571426,,0.6862745098039216
0.56,,,0.2833333333333333,,0.5882352941176471
0.6,,,0.3178571428571429,,0.6274509803921569
0.48,,,0.30833333333333335,,0.6666666666666666
0.5066666666666667,,,0.27619047619047626,,0.5882352941176471
0.4666666666666667,,,0.31309523809523815,,0.6470588235294118
0.4666666666666667,,,0.3476190476190476,,0.5686274509803921
0.547945205479452,,,0.2869047619047619,,0.6666666666666666
0.4794520547945205,,,0.2845238095238095,,0.6363636363636364
0.4507042253521127,,,0.33452380952380956,,0.6666666666666666
0.43661971830985913,,,0.44285714285714295,,0.909090909090909
0.4722222222222222,,,0.10714285714285714,,0.5151515151515151
0.48,,,0.16785714285714282,,0.4444444444444445
0.4788732394366197,,,0.344047619047619,,0.7272727272727273
0.5066666666666667,,,0.3107142857142858,,0.7272727272727273
0.5070422535211268,,,0.30833333333333335,,0.6666666666666666
0.45454545454545453,,,0.20238095238095238,,0.46341463414634154
0.4931506849315068,,,0.20595238095238094,,0.5641025641025641
0.43661971830985913,,,0.2845238095238095,,0.6666666666666666
0.49295774647887325,,,0.34404761904761905,,0.6666666666666666
0.4444444444444444,,,0.30833333333333335,,0.6363636363636364
0.4788732394366197,,,0.39166666666666666,,0.6363636363636364
0.4383561643835616,,,0.31547619047619047,,0.6666666666666666
0.4794520547945205,,,0.3845238095238095,,0.65
0.5070422535211268,,,0.31547619047619047,,0.6060606060606061
0.4594594594594595,,,0.3285714285714285,,0.6363636363636364
0.5070422535211268,,,0.33928571428571425,,0.696969696969697
0.5633802816901409,,,0.29523809523809513,,0.5454545454545454
0.4805194805194805,,,0.2833333333333333,,0.7027027027027027
0.4675324675324675,,,0.29642857142857143,,0.6666666666666666
0.49295774647887325,,,0.3083333333333333,,0.6666666666666666
0.5070422535211268,,,0.36071428571428577,,0.6363636363636364
0.4533333333333333,,,0.23452380952380963,,0.5757575757575758
0.4594594594594595,,,0.3464285714285714,,0.8181818181818181
0.4657534246575342,,,0.3535714285714286,,0.7272727272727273
0.4647887323943662,,,0.35119047619047616,,0.696969696969697
0.4507042253521127,,,0.3154761904761904,,0.6666666666666666
0.5068493150684932,,,0.42142857142857154,,0.673469387755102
0.5070422535211268,,,0.25833333333333336,,0.7428571428571429
0.52,,,0.38571428571428557,,0.5294117647058824
0.5070422535211268,,,0.3273809523809524,,0.6363636363636364
0.47297297297297297,,,0.43571428571428583,,0.7272727272727273
0.5070422535211268,,,0.3821428571428572,,0.6666666666666666
0.5070422535211268,,,0.37500000000000006,,0.7272727272727273
0.4225352112676056,,,0.3464285714285714,,0.6060606060606061
0.4647887323943662,,,0.31071428571428567,,0.696969696969697
0.4666666666666667,,,0.32857142857142857,,0.6666666666666666
0.49295774647887325,,,0.27857142857142847,,0.696969696969697
0.4868421052631579,,,0.32738095238095233,,0.696969696969697
0.4657534246575342,,,0.2178571428571429,,0.5128205128205128
0.5068493150684932,,,0.2785714285714286,,0.7567567567567568
0.49295774647887325,,,0.3130952380952381,,0.6060606060606061
0.4722222222222222,,,0.33095238095238083,,0.8484848484848484
0.4931506849315068,,,0.15238095238095237,,0.36363636363636365
0.4507042253521127,,,0.2821428571428571,,0.696969696969697
0.5211267605633803,,,0.20714285714285713,,0.6363636363636364
0.4666666666666667,,,0.330952380952381,,0.8181818181818181
0.49295774647887325,,,0.3750000000000001,,0.6363636363636364
0.4666666666666667,,,0.2785714285714286,,0.7647058823529411
0.5205479452054794,,,0.2726190476190477,,0.5789473684210527
0.4657534246575342,,,0.10476190476190476,,0.4444444444444445
0.5068493150684932,,,0.12142857142857144,,0.4230769230769231
0.4931506849315068,,,0.2988095238095238,,0.6060606060606061
0.4657534246575342,,,0.30595238095238103,,0.8125
0.4666666666666667,,,0.23809523809523808,,0.6111111111111112
0.4657534246575342,,,0.06666666666666668,,0.2692307692307692
0.44,,,0.21904761904761907,,0.6129032258064516
0.4520547945205479,,,0.09285714285714287,,0.5
0.45454545454545453,,,0.2345238095238095,,0.5853658536585366
0.4657534246575342,,,0.23095238095238094,,0.5897435897435898
0.4794520547945205,,,0.0785714285714286,,0.3076923076923077
0.5205479452054794,,,0.11904761904761904,,0.38461538461538464
0.4657534246575342,,,0.10000000000000002,,0.46153846153846156
0.4657534246575342,,,0.18333333333333326,,0.38461538461538464
0.4657534246575342,,,0.07619047619047621,,0.3076923076923077
0.4794520547945205,,,0.31904761904761897,,0.625
0.5205479452054794,,,0.10000000000000002,,0.46153846153846156
0.4594594594594595,,,0.09166666666666669,,0.36
0.4931506849315068,,,0.08571428571428572,,0.3076923076923077
0.5068493150684932,,,0.13690476190476192,,0.5
0.45454545454545453,,,0.24642857142857144,,0.6216216216216216
0.45454545454545453,,,0.05238095238095238,,0.38461538461538464
0.5068493150684932,,,0.040476190476190464,,0.2692307692307692
0.5342465753424658,,,0.1309523809523809,,0.3076923076923077
0.48,,,0.1357142857142857,,0.4642857142857143
0.5,,,0.18571428571428575,,0.5925925925925926
0.4794520547945205,,,0.13333333333333336,,0.5
0.5205479452054794,,,0.11428571428571428,,0.38461538461538464
0.5342465753424658,,,0.05714285714285715,,0.3076923076923077
0.4794520547945205,,,0.275,,0.6530612244897959
0.4657534246575342,,,0.18809523809523807,,0.6
0.4666666666666667,,,0.19642857142857154,,0.5294117647058824
0.547945205479452,,,0.12380952380952384,,0.5769230769230769
0.44594594594594594,,,0.2916666666666667,,0.6875
0.5205479452054794,,,0.1785714285714285,,0.5
0.5342465753424658,,,0.14761904761904754,,0.4230769230769231
0.4794520547945205,,,0.12380952380952381,,0.4230769230769231
0.4520547945205479,,,0.06190476190476191,,0.34615384615384615
0.4666666666666667,,,0.11309523809523811,,0.44000000000000006
0.4931506849315068,,,0.05119047619047619,,0.32
0.47368421052631576,,,0.09047619047619047,,0.38461538461538464
0.4794520547945205,,,0.14999999999999994,,0.6153846153846154
0.4657534246575342,,,0.23214285714285715,,0.5675675675675675
0.5205479452054794,,,0.06666666666666668,,0.3076923076923077
0.5068493150684932,,,0.18690476190476188,,0.5666666666666667
0.4383561643835616,,,0.26547619047619037,,0.7
0.4931506849315068,,,0.08095238095238097,,0.40740740740740733
0.5616438356164384,,,0.16785714285714284,,0.48275862068965514
0.4533333333333333,,,0.17738095238095236,,0.65625
0.5342465753424658,,,0.15952380952380948,,0.38461538461538464
0.48,,,0.23452380952380952,,0.6764705882352942
0.4931506849315068,,,0.2000000000000001,,0.5789473684210527
0.5068493150684932,,,0.11904761904761907,,0.40740740740740733
0.4794520547945205,,,0.2845238095238097,,0.6060606060606061
0.4520547945205479,,,0.3250000000000001,,0.75
0.4533333333333333,,,0.23095238095238096,,0.5277777777777778
0.4931506849315068,,,0.15238095238095234,,0.4444444444444445
0.48,,,0.2,,0.6774193548387096
0.5205479452054794,,,0.08095238095238096,,0.2962962962962963
0.4935064935064935,,,0.22261904761904763,,0.5853658536585366
0.4657534246575342,,,0.2261904761904762,,0.4871794871794871
0.4931506849315068,,,0.13809523809523805,,0.40740740740740733
0.5616438356164384,,,0.09523809523809525,,0.37037037037037035
0.4794520547945205,,,0.08095238095238096,,0.3333333333333333
0.5068493150684932,,,0.14523809523809517,,0.4814814814814815
0.4794520547945205,,,0.09047619047619047,,0.3333333333333333
0.4931506849315068,,,0.30952380952380965,,0.65
0.5342465753424658,,,0.0761904761904762,,0.2962962962962963
0.47297297297297297,,,0.11785714285714285,,0.3333333333333333
0.5342465753424658,,,0.10238095238095239,,0.40740740740740733
0.547945205479452,,,0.09166666666666673,,0.46875
0.4675324675324675,,,0.22976190476190478,,0.6756756756756757
0.4805194805194805,,,0.09523809523809525,,0.37037037037037035
0.5342465753424658,,,0.12142857142857141,,0.40740740740740733
0.547945205479452,,,0.12619047619047621,,0.4444444444444445
0.49333333333333335,,,0.09047619047619047,,0.42857142857142855
0.4864864864864865,,,0.2261904761904762,,0.6296296296296297
0.4794520547945205,,,0.10952380952380954,,0.40740740740740733
0.5068493150684932,,,0.13095238095238096,,0.4444444444444445
0.5068493150684932,,,0.08809523809523809,,0.2962962962962963
0.5068493150684932,,,0.28690476190476194,,0.5918367346938775
0.5068493150684932,,,0.180952380952381,,0.6285714285714286
0.5066666666666667,,,0.27976190476190477,,0.6470588235294118
0.5616438356164384,,,0.08333333333333333,,0.37037037037037035
0.47297297297297297,,,0.35357142857142854,,0.71875
0.547945205479452,,,0.1142857142857143,,0.37037037037037035
0.5205479452054794,,,0.13809523809523808,,0.40740740740740733
0.4794520547945205,,,0.10476190476190479,,0.37037037037037035
0.5068493150684932,,,0.08809523809523807,,0.2962962962962963
0.4666666666666667,,,0.11071428571428572,,0.37037037037037035
0.5342465753424658,,,0.10595238095238095,,0.3333333333333333
0.5263157894736842,,,0.08809523809523807,,0.37037037037037035
0.4794520547945205,,,0.13095238095238096,,0.46153846153846156
0.5205479452054794,,,0.2130952380952381,,0.6756756756756757
0.5342465753424658,,,0.10714285714285716,,0.40740740740740733
0.5068493150684932,,,0.21547619047619052,,0.7333333333333333
0.4520547945205479,,,0.33214285714285713,,0.6
0.4931506849315068,,,0.1261904761904762,,0.3333333333333333
0.589041095890411,,,0.1392857142857143,,0.6551724137931034
0.4666666666666667,,,0.2107142857142857,,0.59375
0.547945205479452,,,0.1285714285714286,,0.3333333333333333
0.5066666666666667,,,0.20833333333333334,,0.6470588235294118
0.5342465753424658,,,0.24047619047619045,,0.5789473684210527
0.38571428571428573,,,0.3035714285714286,,0.5151515151515151
0.4305555555555556,,,0.36071428571428565,,0.8125
0.4266666666666667,,,0.2761904761904763,,0.5833333333333334
0.391304347826087,,,0.10238095238095239,,0.46153846153846156
0.4266666666666667,,,0.20238095238095238,,0.6129032258064516
0.45588235294117646,,,0.06666666666666665,,0.34615384615384615
0.4155844155844156,,,0.2773809523809525,,0.6097560975609756
0.4383561643835616,,,0.219047619047619,,0.4871794871794871
0.39705882352941174,,,0.17380952380952383,,0.38461538461538464
0.4117647058823529,,,0.052380952380952375,,0.34615384615384615
0.4166666666666667,,,0.052380952380952375,,0.34615384615384615
0.4264705882352941,,,0.06190476190476189,,0.2692307692307692
0.4520547945205479,,,0.05714285714285713,,0.34615384615384615
0.410958904109589,,,0.3333333333333332,,0.675
0.391304347826087,,,0.059523809523809514,,0.38461538461538464
0.3918918918918919,,,0.05119047619047616,,0.34615384615384615
0.4264705882352941,,,0.07142857142857141,,0.4230769230769231
0.463768115942029,,,0.11547619047619048,,0.375
0.44155844155844154,,,0.24166666666666664,,0.6486486486486487
0.45454545454545453,,,0.09523809523809522,,0.3076923076923077
0.4411764705882353,,,0.14047619047619042,,0.38461538461538464
0.47058823529411764,,,0.04999999999999998,,0.2692307692307692
0.4266666666666667,,,0.13809523809523813,,0.35714285714285715
0.43243243243243246,,,0.2904761904761905,,0.6666666666666666
0.4246575342465753,,,0.05476190476190475,,0.2692307692307692
0.42857142857142855,,,0.04523809523809522,,0.3076923076923077
0.45588235294117646,,,0.09047619047619047,,0.46153846153846156
0.4520547945205479,,,0.3130952380952381,,0.6122448979591837
0.4647887323943662,,,0.20476190476190476,,0.5142857142857142
0.52,,,0.24404761904761907,,0.6176470588235294
0.4411764705882353,,,0.06666666666666665,,0.34615384615384615
0.4594594594594595,,,0.3178571428571429,,0.71875
0.45588235294117646,,,0.07857142857142857,,0.34615384615384615
0.4264705882352941,,,0.05714285714285713,,0.3076923076923077
0.4492753623188406,,,0.042857142857142844,,0.2692307692307692
0.43478260869565216,,,0.07619047619047618,,0.38461538461538464
0.4266666666666667,,,0.046428571428571416,,0.3076923076923077
0.4492753623188406,,,0.10833333333333335,,0.38461538461538464
0.4605263157894737,,,0.06666666666666664,,0.4230769230769231
0.4657534246575342,,,0.15476190476190468,,0.5128205128205128
0.4931506849315068,,,0.2416666666666667,,0.6216216216216216
0.4411764705882353,,,0.06904761904761902,,0.3076923076923077
0.5138888888888888,,,0.23452380952380952,,0.6666666666666666
0.4383561643835616,,,0.33928571428571447,,0.6333333333333333
0.4927536231884058,,,0.169047619047619,,0.40740740740740733
0.4852941176470588,,,0.1821428571428572,,0.5517241379310345
0.49333333333333335,,,0.25833333333333336,,0.6875
0.4411764705882353,,,0.059523809523809514,,0.3076923076923077
0.48,,,0.26785714285714285,,0.6764705882352942
0.4794520547945205,,,0.2880952380952381,,0.631578947368421
0.4166666666666667,,,0.45476190476190476,,0.909090909090909
0.4666666666666667,,,0.41309523809523807,,0.7222222222222222
0.45714285714285713,,,0.3035714285714286,,0.6363636363636364
0.4666666666666667,,,0.3107142857142857,,0.6666666666666666
0.4857142857142857,,,0.3273809523809524,,0.5757575757575758
0.4805194805194805,,,0.3285714285714285,,0.6829268292682927
0.4657534246575342,,,0.3964285714285714,,0.5384615384615384
0.4142857142857143,,,0.3559523809523809,,0.6363636363636364
0.5,,,0.3059523809523809,,0.5757575757575758
0.4444444444444444,,,0.3107142857142857,,0.5757575757575758
0.4714285714285714,,,0.30833333333333335,,0.5757575757575758
0.4520547945205479,,,0.30833333333333335,,0.5757575757575758
0.4520547945205479,,,0.24642857142857136,,0.625
0.45714285714285713,,,0.31785714285714284,,0.5757575757575758
0.43243243243243246,,,0.29523809523809524,,0.6060606060606061
0.4142857142857143,,,0.3035714285714286,,0.5454545454545454
0.4714285714285714,,,0.33809523809523795,,0.696969696969697
0.45454545454545453,,,0.3380952380952381,,0.6486486486486487
0.4805194805194805,,,0.31785714285714284,,0.6060606060606061
0.44285714285714284,,,0.3226190476190476,,0.5757575757575758
0.45714285714285713,,,0.2988095238095238,,0.5757575757575758
0.4666666666666667,,,0.3273809523809524,,0.5757575757575758
0.4594594594594595,,,0.2535714285714286,,0.6666666666666666
0.4520547945205479,,,0.3035714285714286,,0.48484848484848486
0.42857142857142855,,,0.2988095238095238,,0.5757575757575758
0.45714285714285713,,,0.31547619047619047,,0.6060606060606061
0.4246575342465753,,,0.18571428571428575,,0.5510204081632653
0.5070422535211268,,,0.38214285714285706,,0.7428571428571429
0.49333333333333335,,,0.22857142857142848,,0.7058823529411765
0.4857142857142857,,,0.31785714285714284,,0.5454545454545454
0.4189189189189189,,,0.16190476190476202,,0.6363636363636364
0.5,,,0.31785714285714284,,0.5454545454545454
0.44285714285714284,,,0.2988095238095238,,0.5757575757575758
0.45714285714285713,,,0.2988095238095238,,0.5454545454545454
0.45714285714285713,,,0.3107142857142857,,0.5454545454545454
0.48,,,0.29523809523809524,,0.5757575757575758
0.45714285714285713,,,0.3214285714285714,,0.6060606060606061
0.4605263157894737,,,0.30833333333333335,,0.5454545454545454
0.4657534246575342,,,0.33214285714285713,,0.5897435897435898
0.4931506849315068,,,0.3333333333333332,,0.6756756756756757
0.4714285714285714,,,0.3059523809523809,,0.6363636363636364
0.4861111111111111,,,0.21190476190476196,,0.6060606060606061
0.4657534246575342,,,0.4261904761904761,,0.7272727272727273
0.5,,,0.36785714285714294,,0.6363636363636364
0.5142857142857142,,,0.380952380952381,,0.7575757575757576
0.48,,,0.2833333333333334,,0.6363636363636364
0.44285714285714284,,,0.305952380952381,,0.5454545454545454
0.49333333333333335,,,0.3285714285714286,,0.6764705882352942
0.4520547945205479,,,0.3773809523809523,,0.7894736842105263
0.4666666666666667,,,0.15833333333333333,,0.5277777777777778
0.4583333333333333,,,0.36071428571428577,,0.84375
0.4666666666666667,,,0.3416666666666667,,0.78125
0.4861111111111111,,,0.33928571428571425,,0.78125
0.44155844155844154,,,0.19523809523809527,,0.5853658536585366
0.4657534246575342,,,0.23928571428571432,,0.8461538461538461
0.4444444444444444,,,0.29166666666666663,,0.75
0.4861111111111111,,,0.3726190476190476,,0.8125
0.4166666666666667,,,0.344047619047619,,0.75
0.4583333333333333,,,0.4226190476190476,,0.84375
0.4657534246575342,,,0.3416666666666666,,0.8125
0.4520547945205479,,,0.37023809523809514,,0.65
0.4583333333333333,,,0.34642857142857136,,0.75
0.43243243243243246,,,0.35000000000000014,,0.84375
0.4305555555555556,,,0.36071428571428565,,0.84375
0.5,,,0.32857142857142857,,0.6875
0.45454545454545453,,,0.3166666666666666,,0.7297297297297297
0.4805194805194805,,,0.3178571428571429,,0.8125
0.4583333333333333,,,0.32261904761904764,,0.8125
0.4722222222222222,,,0.3845238095238095,,0.84375
0.49333333333333335,,,0.3011904761904761,,0.75
0.47297297297297297,,,0.34404761904761905,,0.78125
0.4383561643835616,,,0.38452380952380955,,0.84375
0.4861111111111111,,,0.3749999999999999,,0.84375
0.4861111111111111,,,0.3416666666666666,,0.84375
0.4794520547945205,,,0.38571428571428573,,0.6530612244897959
0.5,,,0.2630952380952381,,0.6
0.5066666666666667,,,0.36666666666666664,,0.6470588235294118
0.5138888888888888,,,0.3654761904761904,,0.71875
0.4864864864864865,,,0.4261904761904762,,0.78125
0.5,,,0.42261904761904756,,0.78125
0.4583333333333333,,,0.40119047619047626,,0.875
0.4722222222222222,,,0.375,,0.78125
0.4861111111111111,,,0.33690476190476193,,0.8125
0.49333333333333335,,,0.35714285714285715,,0.78125
0.5,,,0.3,,0.78125
0.4473684210526316,,,0.35119047619047616,,0.78125
0.4657534246575342,,,0.27023809523809533,,0.8205128205128205
0.5342465753424658,,,0.31190476190476196,,0.7297297297297297
0.4861111111111111,,,0.33214285714285713,,0.8125
0.4861111111111111,,,0.3309523809523809,,0.8125
0.4931506849315068,,,0.1261904761904762,,0.40625
0.4583333333333333,,,0.3011904761904761,,0.75
0.5277777777777778,,,0.23809523809523808,,0.5625
0.49333333333333335,,,0.3452380952380953,,0.78125
0.4722222222222222,,,0.40595238095238095,,0.8125
0.48,,,0.3166666666666666,,0.6764705882352942
0.4931506849315068,,,0.25833333333333325,,0.6578947368421053
0.49333333333333335,,,0.2857142857142858,,0.6388888888888888
0.44,,,0.3642857142857142,,0.861111111111111
0.5066666666666667,,,0.23333333333333334,,0.5277777777777778
0.4675324675324675,,,0.12261904761904763,,0.34146341463414637
0.49333333333333335,,,0.20714285714285702,,0.6153846153846154
0.5333333333333333,,,0.22380952380952396,,0.6388888888888888
0.56,,,0.26666666666666666,,0.5555555555555556
0.48,,,0.24047619047619045,,0.5555555555555556
0.56,,,0.32380952380952377,,0.5833333333333334
0.5066666666666667,,,0.24761904761904757,,0.5833333333333334
0.4666666666666667,,,0.3142857142857143,,0.45
0.5466666666666666,,,0.23809523809523808,,0.5277777777777778
0.49333333333333335,,,0.2654761904761905,,0.6111111111111112
0.5066666666666667,,,0.2571428571428572,,0.5833333333333334
0.5466666666666666,,,0.21309523809523814,,0.4444444444444445
0.44155844155844154,,,0.3583333333333334,,0.8648648648648649
0.4675324675324675,,,0.23809523809523808,,0.5833333333333334
0.5333333333333333,,,0.25000000000000006,,0.6666666666666666
0.5066666666666667,,,0.29047619047619055,,0.5833333333333334
0.48,,,0.2690476190476191,,0.6111111111111112
0.4533333333333333,,,0.34761904761904755,,0.8055555555555556
0.48,,,0.2690476190476191,,0.5277777777777778
0.5066666666666667,,,0.29047619047619055,,0.6388888888888888
0.5466666666666666,,,0.24285714285714288,,0.5833333333333334
0.48,,,0.33452380952380956,,0.5918367346938775
0.52,,,0.3285714285714285,,0.8333333333333334
0.49333333333333335,,,0.33690476190476193,,0.5277777777777778
0.56,,,0.24761904761904763,,0.5277777777777778
0.4666666666666667,,,0.37976190476190474,,0.5833333333333334
0.56,,,0.31666666666666665,,0.5277777777777778
0.5333333333333333,,,0.3023809523809524,,0.5833333333333334
0.5333333333333333,,,0.2714285714285714,,0.5555555555555556
0.4666666666666667,,,0.23809523809523808,,0.5555555555555556
0.4666666666666667,,,0.2583333333333333,,0.5833333333333334
0.49333333333333335,,,0.23214285714285715,,0.6111111111111112
0.5,,,0.23809523809523808,,0.5277777777777778
0.49333333333333335,,,0.2261904761904762,,0.6410256410256411
0.5066666666666667,,,0.3607142857142857,,0.8918918918918919
0.5466666666666666,,,0.25952380952380955,,0.6388888888888888
0.52,,,0.36547619047619045,,0.861111111111111
0.4666666666666667,,,0.16309523809523807,,0.3333333333333333
0.5333333333333333,,,0.22619047619047622,,0.5555555555555556
0.5466666666666666,,,0.2821428571428572,,0.7222222222222222
0.4666666666666667,,,0.32261904761904764,,0.8333333333333334
0.5333333333333333,,,0.30238095238095236,,0.5
0.49333333333333335,,,0.33928571428571425,,0.861111111111111
0.5066666666666667,,,0.15476190476190474,,0.5
0.48,,,0.24285714285714283,,0.6774193548387096
0.4782608695652174,,,0.14047619047619042,,0.5
0.5064935064935064,,,0.2607142857142857,,0.5853658536585366
0.4657534246575342,,,0.25476190476190474,,0.5897435897435898
0.4492753623188406,,,0.10000000000000005,,0.4230769230769231
0.42028985507246375,,,0.12142857142857141,,0.46153846153846156
0.4583333333333333,,,0.14047619047619045,,0.5
0.43478260869565216,,,0.16428571428571426,,0.38461538461538464
0.4657534246575342,,,0.09761904761904762,,0.4230769230769231
0.4794520547945205,,,0.3142857142857141,,0.65
0.42028985507246375,,,0.1428571428571428,,0.5
0.44594594594594594,,,0.0869047619047619,,0.34615384615384615
0.4492753623188406,,,0.0738095238095238,,0.34615384615384615
0.5217391304347826,,,0.16785714285714284,,0.53125
0.4805194805194805,,,0.27976190476190477,,0.7027027027027027
0.45454545454545453,,,0.08333333333333331,,0.38461538461538464
0.4492753623188406,,,0.05714285714285713,,0.3076923076923077
0.4782608695652174,,,0.10952380952380954,,0.3076923076923077
0.49333333333333335,,,0.1857142857142857,,0.5357142857142857
0.47297297297297297,,,0.23095238095238096,,0.5925925925925926
0.4383561643835616,,,0.11904761904761904,,0.5
0.44285714285714284,,,0.09523809523809522,,0.2692307692307692
0.4782608695652174,,,0.0738095238095238,,0.2692307692307692
0.4657534246575342,,,0.27976190476190477,,0.6326530612244898
0.4788732394366197,,,0.2333333333333333,,0.6285714285714286
0.49333333333333335,,,0.18928571428571442,,0.5588235294117647
0.463768115942029,,,0.15476190476190474,,0.5769230769230769
0.5,,,0.275,,0.65625
0.4782608695652174,,,0.1714285714285714,,0.5
0.463768115942029,,,0.1261904761904762,,0.3076923076923077
0.43478260869565216,,,0.11190476190476191,,0.38461538461538464
0.463768115942029,,,0.07857142857142856,,0.34615384615384615
0.4666666666666667,,,0.11547619047619048,,0.46153846153846156
0.4492753623188406,,,0.08690476190476192,,0.38461538461538464
0.47368421052631576,,,0.10238095238095238,,0.46153846153846156
0.5068493150684932,,,0.19761904761904764,,0.6410256410256411
0.5068493150684932,,,0.2678571428571429,,0.6756756756756757
0.4492753623188406,,,0.05714285714285713,,0.3076923076923077
0.4861111111111111,,,0.2130952380952381,,0.6
0.4794520547945205,,,0.3107142857142859,,0.7333333333333333
0.4492753623188406,,,0.10714285714285712,,0.4814814814814815
0.5072463768115942,,,0.2202380952380953,,0.5862068965517241
0.48,,,0.22023809523809526,,0.65625
0.463768115942029,,,0.13809523809523808,,0.38461538461538464
0.49333333333333335,,,0.28214285714285714,,0.7941176470588235
0.5068493150684932,,,0.21666666666666665,,0.5263157894736842
0.52,,,0.20238095238095238,,0.6129032258064516
0.4805194805194805,,,0.35357142857142854,,0.853658536585366
0.44,,,0.27619047619047615,,0.5641025641025641
0.52,,,0.2714285714285714,,0.5806451612903226
0.48,,,0.1976190476190476,,0.5483870967741935
0.4533333333333333,,,0.20238095238095238,,0.6451612903225806
0.52,,,0.2261904761904762,,0.6451612903225806
0.48,,,0.20476190476190476,,0.5806451612903226
0.48,,,0.3833333333333334,,0.9
0.52,,,0.20238095238095238,,0.6129032258064516
0.4533333333333333,,,0.19642857142857142,,0.6451612903225806
0.5066666666666667,,,0.20714285714285713,,0.6129032258064516
0.56,,,0.2678571428571429,,0.71875
0.44155844155844154,,,0.09404761904761907,,0.2972972972972973
0.44155844155844154,,,0.2119047619047619,,0.6129032258064516
0.52,,,0.24285714285714283,,0.6129032258064516
0.5466666666666666,,,0.20952380952380953,,0.6129032258064516
0.4666666666666667,,,0.15,,0.5483870967741935
0.4533333333333333,,,0.2595238095238095,,0.3870967741935484
0.49333333333333335,,,0.2,,0.6129032258064516
0.49333333333333335,,,0.2119047619047619,,0.6129032258064516
0.5466666666666666,,,0.21428571428571433,,0.6129032258064516
0.4666666666666667,,,0.3607142857142857,,0.6938775510204082
0.5333333333333333,,,0.12142857142857141,,0.3142857142857143
0.4666666666666667,,,0.33690476190476193,,0.8529411764705882
0.52,,,0.20238095238095238,,0.6129032258064516
0.4533333333333333,,,0.3678571428571429,,0.84375
0.5333333333333333,,,0.2166666666666667,,0.6451612903225806
0.52,,,0.2166666666666667,,0.6129032258064516
0.52,,,0.1976190476190476,,0.5483870967741935
0.49333333333333335,,,0.20476190476190476,,0.5806451612903226
0.4533333333333333,,,0.1845238095238095,,0.6129032258064516
0.4533333333333333,,,0.2130952380952381,,0.6129032258064516
0.47368421052631576,,,0.20238095238095238,,0.6451612903225806
0.49333333333333335,,,0.21428571428571433,,0.5641025641025641
0.52,,,0.10119047619047619,,0.2972972972972973
0.56,,,0.21904761904761907,,0.6129032258064516
0.5333333333333333,,,0.15833333333333333,,0.4193548387096774
0.49333333333333335,,,0.42976190476190484,,0.9354838709677418
0.48,,,0.2619047619047619,,0.5806451612903226
0.5733333333333334,,,0.14880952380952384,,0.4838709677419355
0.48,,,0.24404761904761907,,0.40625
0.5333333333333333,,,0.20952380952380953,,0.6129032258064516
0.52,,,0.10833333333333335,,0.4117647058823529
0.48,,,0.38333333333333314,,0.8157894736842104
0.5064935064935064,,,0.255952380952381,,0.6341463414634146
0.4794520547945205,,,0.21666666666666662,,0.4871794871794871
0.47058823529411764,,,0.1261904761904762,,0.38461538461538464
0.5147058823529411,,,0.0476190476190476,,0.23076923076923078
0.4583333333333333,,,0.038095238095238085,,0.3076923076923077
0.4852941176470588,,,0.11904761904761907,,0.38461538461538464
0.4794520547945205,,,0.0476190476190476,,0.23076923076923078
0.4794520547945205,,,0.3404761904761903,,0.7
0.463768115942029,,,0.021428571428571422,,0.23076923076923078
0.4594594594594595,,,0.08214285714285717,,0.3076923076923077
0.4411764705882353,,,0.08571428571428572,,0.38461538461538464
0.4927536231884058,,,0.0964285714285714,,0.40625
0.44155844155844154,,,0.225,,0.6216216216216216
0.4935064935064935,,,0.07142857142857141,,0.34615384615384615
0.45588235294117646,,,0.10238095238095239,,0.4230769230769231
0.47058823529411764,,,0.0928571428571429,,0.4230769230769231
0.4666666666666667,,,0.11666666666666667,,0.39285714285714285
0.4594594594594595,,,0.23809523809523808,,0.5925925925925926
0.4520547945205479,,,0.06904761904761902,,0.23076923076923078
0.44285714285714284,,,0.09761904761904766,,0.38461538461538464
0.45588235294117646,,,0.06666666666666664,,0.34615384615384615
0.4931506849315068,,,0.3059523809523809,,0.6530612244897959
0.5070422535211268,,,0.16904761904761903,,0.6
0.49333333333333335,,,0.2726190476190476,,0.6764705882352942
0.5,,,0.038095238095238085,,0.19230769230769232
0.5135135135135135,,,0.33452380952380956,,0.71875
0.4852941176470588,,,0.10714285714285716,,0.23076923076923078
0.45588235294117646,,,0.10000000000000005,,0.38461538461538464
0.463768115942029,,,0.05714285714285713,,0.3076923076923077
0.4927536231884058,,,0.061904761904761886,,0.3076923076923077
0.49333333333333335,,,0.05357142857142858,,0.3076923076923077
0.4492753623188406,,,0.08452380952380953,,0.38461538461538464
0.47368421052631576,,,0.0476190476190476,,0.34615384615384615
0.4657534246575342,,,0.12619047619047616,,0.46153846153846156
0.4794520547945205,,,0.21309523809523814,,0.6216216216216216
0.45588235294117646,,,0.08333333333333333,,0.38461538461538464
0.5,,,0.2345238095238095,,0.6666666666666666
0.4931506849315068,,,0.31785714285714306,,0.6333333333333333
0.463768115942029,,,0.11190476190476187,,0.2962962962962963
0.5441176470588235,,,0.15119047619047618,,0.5862068965517241
0.4666666666666667,,,0.20595238095238097,,0.53125
0.45588235294117646,,,0.09761904761904765,,0.34615384615384615
0.5333333333333333,,,0.225,,0.6176470588235294
0.4794520547945205,,,0.2571428571428571,,0.6842105263157895
0.4675324675324675,,,0.2559523809523809,,0.6341463414634146
0.5454545454545454,,,0.2416666666666666,,0.6341463414634146
0.5064935064935064,,,0.26785714285714296,,0.6097560975609756
0.4805194805194805,,,0.2607142857142858,,0.6341463414634146
0.5064935064935064,,,0.30119047619047623,,0.6097560975609756
0.4935064935064935,,,0.25833333333333336,,0.6097560975609756
0.5194805194805194,,,0.20119047619047606,,0.36585365853658536
0.5324675324675324,,,0.2607142857142858,,0.6585365853658537
0.4805194805194805,,,0.2571428571428571,,0.5853658536585366
0.5194805194805194,,,0.2583333333333333,,0.5853658536585366
0.5584415584415584,,,0.23809523809523814,,0.46341463414634154
0.4675324675324675,,,0.36666666666666664,,0.902439024390244
0.4675324675324675,,,0.24642857142857139,,0.6097560975609756
0.5844155844155844,,,0.24880952380952376,,0.6097560975609756
0.5324675324675324,,,0.2797619047619048,,0.5853658536585366
0.4675324675324675,,,0.28928571428571426,,0.7073170731707317
0.4935064935064935,,,0.35595238095238085,,0.7804878048780488
0.45454545454545453,,,0.26547619047619053,,0.6097560975609756
0.5194805194805194,,,0.27976190476190477,,0.6097560975609756
0.5194805194805194,,,0.24880952380952376,,0.5853658536585366
0.5064935064935064,,,0.23333333333333334,,0.5306122448979592
0.5064935064935064,,,0.34642857142857153,,0.878048780487805
0.5324675324675324,,,0.2571428571428572,,0.46341463414634154
0.5324675324675324,,,0.27023809523809533,,0.6585365853658537
0.5064935064935064,,,0.30238095238095236,,0.46341463414634154
0.5324675324675324,,,0.2892857142857143,,0.6341463414634146
0.5194805194805194,,,0.2845238095238096,,0.6341463414634146
0.4935064935064935,,,0.26785714285714296,,0.5853658536585366
0.4675324675324675,,,0.24880952380952376,,0.6097560975609756
0.4675324675324675,,,0.2571428571428572,,0.6097560975609756
0.5714285714285714,,,0.2452380952380952,,0.6585365853658537
0.5064935064935064,,,0.24880952380952376,,0.5853658536585366
0.5064935064935064,,,0.2702380952380953,,0.6829268292682927
0.5454545454545454,,,0.36428571428571427,,0.902439024390244
0.5454545454545454,,,0.26071428571428573,,0.6097560975609756
0.5064935064935064,,,0.35238095238095235,,0.8292682926829269
0.5064935064935064,,,0.17142857142857137,,0.46341463414634154
0.4935064935064935,,,0.25595238095238093,,0.5853658536585366
0.5714285714285714,,,0.31904761904761897,,0.7804878048780488
0.4935064935064935,,,0.34047619047619043,,0.8292682926829269
0.5454545454545454,,,0.2797619047619048,,0.6097560975609756
0.5064935064935064,,,0.35714285714285715,,0.878048780487805
0.5194805194805194,,,0.1464285714285714,,0.41463414634146345
0.4794520547945205,,,0.24761904761904768,,0.5384615384615384
0.5205479452054794,,,0.2214285714285714,,0.4871794871794871
0.4520547945205479,,,0.21428571428571425,,0.46153846153846156
0.4657534246575342,,,0.2547619047619047,,0.5384615384615384
0.4383561643835616,,,0.21666666666666662,,0.5128205128205128
0.4794520547945205,,,0.36190476190476184,,0.7
0.4657534246575342,,,0.21904761904761902,,0.46153846153846156
0.44594594594594594,,,0.20833333333333331,,0.5384615384615384
0.4657534246575342,,,0.22142857142857145,,0.5128205128205128
0.5068493150684932,,,0.24166666666666656,,0.6153846153846154
0.42857142857142855,,,0.25595238095238093,,0.6410256410256411
0.42857142857142855,,,0.22380952380952382,,0.5128205128205128
0.4794520547945205,,,0.24761904761904757,,0.5641025641025641
0.4794520547945205,,,0.2261904761904762,,0.5128205128205128
0.4666666666666667,,,0.23095238095238094,,0.41025641025641024
0.43243243243243246,,,0.35476190476190467,,0.6153846153846154
0.4657534246575342,,,0.22857142857142856,,0.43589743589743596
0.4794520547945205,,,0.23095238095238094,,0.5384615384615384
0.5068493150684932,,,0.2261904761904762,,0.46153846153846156
0.4931506849315068,,,0.41785714285714287,,0.5510204081632653
0.5068493150684932,,,0.2523809523809523,,0.5641025641025641
0.4533333333333333,,,0.386904761904762,,0.717948717948718
0.5205479452054794,,,0.2214285714285714,,0.4871794871794871
0.47297297297297297,,,0.3964285714285713,,0.7692307692307693
0.5205479452054794,,,0.24761904761904754,,0.46153846153846156
0.4794520547945205,,,0.23809523809523805,,0.5128205128205128
0.4931506849315068,,,0.2214285714285714,,0.4871794871794871
0.4657534246575342,,,0.21904761904761902,,0.43589743589743596
0.4266666666666667,,,0.20595238095238094,,0.4871794871794871
0.4794520547945205,,,0.20833333333333331,,0.5384615384615384
0.4605263157894737,,,0.21904761904761902,,0.46153846153846156
0.5068493150684932,,,0.13095238095238104,,0.3076923076923077
0.4657534246575342,,,0.2654761904761905,,0.5641025641025641
0.4657534246575342,,,0.21904761904761902,,0.5384615384615384
0.4520547945205479,,,0.3178571428571429,,0.6153846153846154
0.4520547945205479,,,0.21071428571428577,,0.717948717948718
0.4657534246575342,,,0.23571428571428568,,0.5641025641025641
0.5616438356164384,,,0.23214285714285712,,0.5641025641025641
0.4533333333333333,,,0.294047619047619,,0.6410256410256411
0.4931506849315068,,,0.23809523809523805,,0.5128205128205128
0.4533333333333333,,,0.28452380952380957,,0.5641025641025641
0.4794520547945205,,,0.30476190476190473,,0.6923076923076923
0.47058823529411764,,,0.15952380952380954,,0.38461538461538464
0.4305555555555556,,,0.14523809523809522,,0.46153846153846156
0.4852941176470588,,,0.23571428571428568,,0.5
0.4794520547945205,,,0.12142857142857141,,0.34615384615384615
0.5068493150684932,,,0.3499999999999998,,0.675
0.463768115942029,,,0.1380952380952381,,0.4230769230769231
0.4189189189189189,,,0.14404761904761904,,0.38461538461538464
0.45588235294117646,,,0.12619047619047621,,0.38461538461538464
0.4782608695652174,,,0.16071428571428567,,0.46875
0.45454545454545453,,,0.2607142857142857,,0.5945945945945946
0.4805194805194805,,,0.08333333333333334,,0.34615384615384615
0.45588235294117646,,,0.05714285714285713,,0.4230769230769231
0.5,,,0.180952380952381,,0.38461538461538464
0.4666666666666667,,,0.16904761904761906,,0.4642857142857143
0.44594594594594594,,,0.16666666666666666,,0.5925925925925926
0.4794520547945205,,,0.18095238095238095,,0.5384615384615384
0.4857142857142857,,,0.16666666666666669,,0.46153846153846156
0.4852941176470588,,,0.09285714285714287,,0.38461538461538464
0.4931506849315068,,,0.28928571428571426,,0.6326530612244898
0.49295774647887325,,,0.19761904761904764,,0.6
0.5333333333333333,,,0.23214285714285715,,0.5588235294117647
0.47058823529411764,,,0.15476190476190474,,0.38461538461538464
0.5135135135135135,,,0.3345238095238096,,0.6875
0.5,,,0.22857142857142856,,0.5769230769230769
0.45588235294117646,,,0.19761904761904764,,0.4230769230769231
0.463768115942029,,,0.16904761904761903,,0.4230769230769231
0.43478260869565216,,,0.10238095238095242,,0.3076923076923077
0.48,,,0.16547619047619047,,0.46153846153846156
0.463768115942029,,,0.07500000000000001,,0.19230769230769232
0.5,,,0.1261904761904762,,0.34615384615384615
0.5068493150684932,,,0.16428571428571428,,0.5384615384615384
0.5068493150684932,,,0.2416666666666667,,0.5945945945945946
0.4264705882352941,,,0.10952380952380955,,0.38461538461538464
0.5277777777777778,,,0.24166666666666664,,0.6333333333333333
0.4794520547945205,,,0.2511904761904761,,0.6333333333333333
0.4782608695652174,,,0.0380952380952381,,0.22222222222222224
0.5,,,0.1607142857142857,,0.5172413793103449
0.49333333333333335,,,0.17261904761904762,,0.625
0.47058823529411764,,,0.2095238095238095,,0.5
0.5066666666666667,,,0.244047619047619,,0.6470588235294118
0.5205479452054794,,,0.19523809523809527,,0.5526315789473685
0.4583333333333333,,,0.05714285714285713,,0.34615384615384615
0.4852941176470588,,,0.07619047619047618,,0.2692307692307692
0.4520547945205479,,,0.042857142857142844,,0.23076923076923078
0.4657534246575342,,,0.326190476190476,,0.7
0.463768115942029,,,0.040476190476190464,,0.3076923076923077
0.44594594594594594,,,0.06071428571428571,,0.23076923076923078
0.4393939393939394,,,0.052380952380952375,,0.2692307692307692
0.4927536231884058,,,0.10119047619047619,,0.375
0.42857142857142855,,,0.225,,0.5945945945945946
0.4675324675324675,,,0.09523809523809525,,0.38461538461538464
0.4393939393939394,,,0.12619047619047621,,0.38461538461538464
0.45588235294117646,,,0.04999999999999998,,0.34615384615384615
0.4666666666666667,,,0.14285714285714288,,0.39285714285714285
0.44594594594594594,,,0.28095238095238095,,0.5925925925925926
0.4520547945205479,,,0.040476190476190464,,0.3076923076923077
0.4857142857142857,,,0.06904761904761902,,0.3076923076923077
0.45454545454545453,,,0.07619047619047618,,0.2692307692307692
0.4794520547945205,,,0.30357142857142855,,0.6122448979591837
0.5352112676056338,,,0.19523809523809518,,0.6571428571428571
0.52,,,0.2702380952380952,,0.6176470588235294
0.4393939393939394,,,0.042857142857142844,,0.23076923076923078
0.47297297297297297,,,0.3273809523809524,,0.71875
0.4696969696969697,,,0.06904761904761902,,0.23076923076923078
0.417910447761194,,,0.05714285714285713,,0.3076923076923077
0.4492753623188406,,,0.019047619047619042,,0.2692307692307692
0.43478260869565216,,,0.06666666666666664,,0.2692307692307692
0.48,,,0.044047619047619044,,0.3076923076923077
0.4492753623188406,,,0.10833333333333336,,0.38461538461538464
0.4868421052631579,,,0.0476190476190476,,0.2692307692307692
0.5205479452054794,,,0.15476190476190468,,0.4871794871794871
0.5068493150684932,,,0.2273809523809524,,0.6486486486486487
0.4626865671641791,,,0.06904761904761904,,0.38461538461538464
0.4583333333333333,,,0.24166666666666664,,0.6666666666666666
0.5068493150684932,,,0.34642857142857175,,0.6666666666666666
0.4492753623188406,,,0.15476190476190474,,0.40740740740740733
0.48484848484848486,,,0.1821428571428572,,0.6206896551724138
0.48,,,0.24166666666666664,,0.5625
0.4696969696969697,,,0.05476190476190475,,0.2692307692307692
0.4666666666666667,,,0.244047619047619,,0.6764705882352942
0.5068493150684932,,,0.2666666666666666,,0.631578947368421
0.4861111111111111,,,0.09523809523809522,,0.3076923076923077
0.4794520547945205,,,0.0476190476190476,,0.34615384615384615
0.4794520547945205,,,0.3499999999999999,,0.7
0.4444444444444444,,,0.021428571428571422,,0.19230769230769232
0.4189189189189189,,,0.07500000000000001,,0.3076923076923077
0.4583333333333333,,,0.08095238095238094,,0.34615384615384615
0.4722222222222222,,,0.11071428571428572,,0.40625
0.45454545454545453,,,0.22738095238095238,,0.6216216216216216
0.45454545454545453,,,0.07619047619047617,,0.3076923076923077
0.4861111111111111,,,0.11666666666666667,,0.46153846153846156
0.5,,,0.0880952380952381,,0.34615384615384615
0.4666666666666667,,,0.10952380952380954,,0.39285714285714285
0.47297297297297297,,,0.2571428571428572,,0.6296296296296297
0.410958904109589,,,0.059523809523809514,,0.38461538461538464
0.4583333333333333,,,0.09285714285714283,,0.46153846153846156
0.5138888888888888,,,0.07619047619047618,,0.38461538461538464
0.4520547945205479,,,0.3202380952380952,,0.6326530612244898
0.4583333333333333,,,0.1738095238095238,,0.6285714285714286
0.49333333333333335,,,0.2726190476190476,,0.6470588235294118
0.5,,,0.033333333333333326,,0.3076923076923077
0.4594594594594595,,,0.3488095238095239,,0.75
0.5277777777777778,,,0.08333333333333333,,0.3076923076923077
0.4861111111111111,,,0.10000000000000005,,0.38461538461538464
0.4583333333333333,,,0.05714285714285713,,0.3076923076923077
0.4583333333333333,,,0.06666666666666664,,0.3076923076923077
0.48,,,0.05119047619047619,,0.2692307692307692
0.4861111111111111,,,0.09404761904761903,,0.4230769230769231
0.4868421052631579,,,0.05714285714285713,,0.2692307692307692
0.4794520547945205,,,0.12619047619047616,,0.4871794871794871
0.4931506849315068,,,0.21309523809523814,,0.6486486486486487
0.4861111111111111,,,0.08333333333333331,,0.34615384615384615
0.4722222222222222,,,0.22261904761904763,,0.6
0.4931506849315068,,,0.32976190476190487,,0.6
0.4722222222222222,,,0.1357142857142857,,0.40740740740740733
0.5277777777777778,,,0.15119047619047618,,0.5517241379310345
0.49333333333333335,,,0.22023809523809526,,0.5625
0.4722222222222222,,,0.0880952380952381,,0.3076923076923077
0.4666666666666667,,,0.22738095238095238,,0.6470588235294118
0.4931506849315068,,,0.26904761904761915,,0.7105263157894737
0.4520547945205479,,,0.11428571428571428,,0.34615384615384615
0.4931506849315068,,,0.32857142857142846,,0.675
0.4492753623188406,,,0.10238095238095242,,0.3076923076923077
0.43243243243243246,,,0.09880952380952382,,0.23076923076923078
0.45588235294117646,,,0.11428571428571428,,0.23076923076923078
0.5072463768115942,,,0.14880952380952375,,0.4375
0.4675324675324675,,,0.25833333333333336,,0.6486486486486487
0.44155844155844154,,,0.15714285714285717,,0.4230769230769231
0.45588235294117646,,,0.20238095238095227,,0.46153846153846156
0.45588235294117646,,,0.05476190476190475,,0.15384615384615385
0.4666666666666667,,,0.19047619047619052,,0.5357142857142857
0.4594594594594595,,,0.3523809523809524,,0.6666666666666666
0.4520547945205479,,,0.0738095238095238,,0.38461538461538464
0.44285714285714284,,,0.06904761904761904,,0.3076923076923077
0.45588235294117646,,,0.15238095238095237,,0.3076923076923077
0.5068493150684932,,,0.3297619047619047,,0.673469387755102
0.4788732394366197,,,0.2523809523809523,,0.6857142857142857
0.4666666666666667,,,0.29404761904761906,,0.6470588235294118
0.4852941176470588,,,0.09047619047619047,,0.34615384615384615
0.4864864864864865,,,0.3583333333333334,,0.6875
0.47058823529411764,,,0.059523809523809514,,0.23076923076923078
0.4264705882352941,,,0.038095238095238085,,0.23076923076923078
0.43478260869565216,,,0.06666666666666664,,0.23076923076923078
0.4782608695652174,,,0.13809523809523808,,0.38461538461538464
0.44,,,0.08214285714285716,,0.34615384615384615
0.43478260869565216,,,0.17023809523809527,,0.4230769230769231
0.47368421052631576,,,0.1142857142857143,,0.34615384615384615
0.4794520547945205,,,0.20476190476190476,,0.5641025641025641
0.4931506849315068,,,0.2797619047619048,,0.7027027027027027
0.47058823529411764,,,0.13095238095238096,,0.3076923076923077
0.4722222222222222,,,0.2845238095238095,,0.6333333333333333
0.4931506849315068,,,0.40119047619047643,,0.7333333333333333
0.4492753623188406,,,0.23095238095238096,,0.5185185185185185
0.5,,,0.23928571428571427,,0.6896551724137931
0.48,,,0.3154761904761905,,0.65625
0.4411764705882353,,,0.026190476190476188,,0.15384615384615385
0.49333333333333335,,,0.3011904761904762,,0.7058823529411765
0.4931506849315068,,,0.32142857142857145,,0.631578947368421
0.4794520547945205,,,0.3357142857142855,,0.725
0.5068493150684932,,,0.04523809523809522,,0.23076923076923078
0.43243243243243246,,,0.03928571428571428,,0.23076923076923078
0.5205479452054794,,,0.038095238095238085,,0.34615384615384615
0.5342465753424658,,,0.10595238095238094,,0.40625
0.45454545454545453,,,0.2345238095238095,,0.6216216216216216
0.45454545454545453,,,0.052380952380952375,,0.38461538461538464
0.4931506849315068,,,0.0880952380952381,,0.2692307692307692
0.4794520547945205,,,0.06428571428571427,,0.3076923076923077
0.4533333333333333,,,0.12142857142857147,,0.39285714285714285
0.44594594594594594,,,0.24285714285714283,,0.5555555555555556
0.4794520547945205,,,0.06904761904761902,,0.4230769230769231
0.4931506849315068,,,0.054761904761904755,,0.34615384615384615
0.5205479452054794,,,0.042857142857142844,,0.3076923076923077
0.4794520547945205,,,0.2988095238095238,,0.6326530612244898
0.5205479452054794,,,0.1857142857142857,,0.6
0.49333333333333335,,,0.2369047619047619,,0.5882352941176471
0.5342465753424658,,,0.05714285714285713,,0.3076923076923077
0.47297297297297297,,,0.3107142857142857,,0.78125
0.4794520547945205,,,0.10714285714285716,,0.34615384615384615
0.4794520547945205,,,0.08571428571428573,,0.34615384615384615
0.4657534246575342,,,0.052380952380952375,,0.34615384615384615
0.4931506849315068,,,0.028571428571428564,,0.2692307692307692
0.48,,,0.05119047619047619,,0.38461538461538464
0.4931506849315068,,,0.06547619047619047,,0.3076923076923077
0.47368421052631576,,,0.042857142857142844,,0.38461538461538464
0.5205479452054794,,,0.1428571428571428,,0.5384615384615384
0.4931506849315068,,,0.2178571428571429,,0.6216216216216216
0.4931506849315068,,,0.04523809523809522,,0.3076923076923077
0.4931506849315068,,,0.21547619047619046,,0.6333333333333333
0.4794520547945205,,,0.30595238095238103,,0.6333333333333333
0.4931506849315068,,,0.11666666666666665,,0.40740740740740733
0.5616438356164384,,,0.1583333333333333,,0.5862068965517241
0.49333333333333335,,,0.20595238095238094,,0.59375
0.4931506849315068,,,0.09285714285714285,,0.3076923076923077
0.48,,,0.24166666666666664,,0.6764705882352942
0.4931506849315068,,,0.24285714285714288,,0.6052631578947368
0.4794520547945205,,,0.3452380952380951,,0.7
0.44594594594594594,,,0.3249999999999999,,0.7
0.5068493150684932,,,0.3166666666666665,,0.675
0.547945205479452,,,0.32261904761904775,,0.575
0.42857142857142855,,,0.40357142857142864,,0.975
0.4675324675324675,,,0.3357142857142856,,0.675
0.4794520547945205,,,0.3333333333333332,,0.675
0.4657534246575342,,,0.31904761904761886,,0.675
0.4533333333333333,,,0.3857142857142856,,0.75
0.47297297297297297,,,0.38333333333333336,,0.825
0.410958904109589,,,0.31904761904761886,,0.65
0.4931506849315068,,,0.32142857142857123,,0.7
0.5205479452054794,,,0.32380952380952366,,0.675
0.4794520547945205,,,0.19404761904761905,,0.4897959183673469
0.5342465753424658,,,0.419047619047619,,0.925
0.5333333333333333,,,0.18214285714285713,,0.475
0.547945205479452,,,0.3452380952380952,,0.7
0.4864864864864865,,,0.15833333333333335,,0.4
0.5205479452054794,,,0.3404761904761904,,0.725
0.5205479452054794,,,0.31904761904761886,,0.65
0.4794520547945205,,,0.3238095238095236,,0.7
0.4794520547945205,,,0.32380952380952366,,0.675
0.4666666666666667,,,0.32738095238095233,,0.7
0.5205479452054794,,,0.33452380952380945,,0.675
0.4868421052631579,,,0.3214285714285713,,0.65
0.4931506849315068,,,0.3714285714285714,,0.775
0.5342465753424658,,,0.40357142857142847,,1.0
0.4794520547945205,,,0.3238095238095236,,0.725
0.5205479452054794,,,0.355952380952381,,0.9
0.4520547945205479,,,0.30595238095238103,,0.55
0.4931506849315068,,,0.3595238095238094,,0.65
0.5342465753424658,,,0.42499999999999993,,0.825
0.44,,,0.3797619047619048,,0.925
0.4931506849315068,,,0.31904761904761886,,0.7
0.49333333333333335,,,0.4011904761904762,,0.975
0.4931506849315068,,,0.2500000000000001,,0.45
0.40540540540540543,,,0.0773809523809524,,0.2692307692307692
0.463768115942029,,,0.07857142857142857,,0.38461538461538464
0.463768115942029,,,0.10119047619047619,,0.40625
0.45454545454545453,,,0.225,,0.6486486486486487
0.4675324675324675,,,0.07857142857142856,,0.3076923076923077
0.5217391304347826,,,0.10952380952380954,,0.4230769230769231
0.43478260869565216,,,0.08095238095238096,,0.3076923076923077
0.44,,,0.12142857142857147,,0.42857142857142855
0.4594594594594595,,,0.25,,0.5925925925925926
0.4520547945205479,,,0.061904761904761886,,0.3076923076923077
0.42857142857142855,,,0.09523809523809526,,0.4230769230769231
0.42028985507246375,,,0.06904761904761902,,0.34615384615384615
0.5068493150684932,,,0.3107142857142857,,0.6530612244897959
0.43661971830985913,,,0.1714285714285714,,0.6
0.52,,,0.27499999999999997,,0.7058823529411765
0.4927536231884058,,,0.026190476190476188,,0.19230769230769232
0.47297297297297297,,,0.3440476190476191,,0.78125
0.4927536231884058,,,0.09047619047619046,,0.23076923076923078
0.463768115942029,,,0.09285714285714289,,0.38461538461538464
0.4057971014492754,,,0.04999999999999998,,0.3076923076923077
0.42028985507246375,,,0.06428571428571427,,0.34615384615384615
0.4666666666666667,,,0.055952380952380955,,0.3076923076923077
0.4927536231884058,,,0.09166666666666665,,0.3076923076923077
0.47368421052631576,,,0.04523809523809522,,0.34615384615384615
0.5068493150684932,,,0.13095238095238093,,0.4871794871794871
0.4794520547945205,,,0.21309523809523814,,0.6486486486486487
0.4782608695652174,,,0.0857142857142857,,0.38461538461538464
0.4444444444444444,,,0.23214285714285712,,0.6666666666666666
0.4657534246575342,,,0.32976190476190487,,0.6333333333333333
0.43478260869565216,,,0.12857142857142853,,0.37037037037037035
0.5507246376811594,,,0.15595238095238093,,0.5862068965517241
0.4666666666666667,,,0.21309523809523814,,0.53125
0.4927536231884058,,,0.09047619047619052,,0.3076923076923077
0.4666666666666667,,,0.225,,0.6176470588235294
0.4931506849315068,,,0.2595238095238095,,0.6842105263157895
0.5,,,0.04166666666666666,,0.34615384615384615
0.527027027027027,,,0.12142857142857141,,0.40625
0.45454545454545453,,,0.24047619047619045,,0.6756756756756757
0.4935064935064935,,,0.0630952380952381,,0.2692307692307692
0.527027027027027,,,0.10833333333333335,,0.3076923076923077
0.5405405405405406,,,0.04642857142857142,,0.2692307692307692
0.4666666666666667,,,0.14404761904761906,,0.5357142857142857
0.4864864864864865,,,0.2678571428571429,,0.5925925925925926
0.4864864864864865,,,0.06547619047619045,,0.38461538461538464
0.4864864864864865,,,0.041666666666666664,,0.3076923076923077
0.527027027027027,,,0.058333333333333334,,0.3076923076923077
0.4864864864864865,,,0.29285714285714276,,0.6326530612244898
0.5135135135135135,,,0.20833333333333334,,0.6
0.48,,,0.2166666666666667,,0.5882352941176471
0.5,,,0.09166666666666666,,0.38461538461538464
0.4864864864864865,,,0.29047619047619044,,0.6875
0.5540540540540541,,,0.10119047619047619,,0.34615384615384615
0.4864864864864865,,,0.06071428571428571,,0.3076923076923077
0.4864864864864865,,,0.05119047619047619,,0.3076923076923077
0.5,,,0.05357142857142857,,0.34615384615384615
0.44,,,0.040476190476190464,,0.32
0.4864864864864865,,,0.07619047619047618,,0.32
0.4605263157894737,,,0.06071428571428571,,0.34615384615384615
0.47297297297297297,,,0.15595238095238093,,0.5897435897435898
0.5,,,0.24285714285714283,,0.7027027027027027
0.5,,,0.04404761904761904,,0.19230769230769232
0.5,,,0.2261904761904762,,0.6
0.5,,,0.3071428571428573,,0.6333333333333333
0.5,,,0.1369047619047619,,0.40740740740740733
0.5405405405405406,,,0.1857142857142857,,0.6206896551724138
0.49333333333333335,,,0.2285714285714286,,0.625
0.4864864864864865,,,0.075,,0.23076923076923078
0.4666666666666667,,,0.2619047619047619,,0.7352941176470589
0.5,,,0.2535714285714286,,0.6052631578947368
0.463768115942029,,,0.12500000000000003,,0.4375
0.4675324675324675,,,0.23690476190476187,,0.5945945945945946
0.45454545454545453,,,0.06190476190476189,,0.4230769230769231
0.4090909090909091,,,0.08809523809523809,,0.3076923076923077
0.4264705882352941,,,0.059523809523809514,,0.2692307692307692
0.48,,,0.14285714285714288,,0.4642857142857143
0.4864864864864865,,,0.25952380952380955,,0.6296296296296297
0.4246575342465753,,,0.06904761904761902,,0.4230769230769231
0.45714285714285713,,,0.05476190476190475,,0.2692307692307692
0.42424242424242425,,,0.038095238095238085,,0.23076923076923078
0.4794520547945205,,,0.28214285714285714,,0.5714285714285714
0.4788732394366197,,,0.20238095238095238,,0.6285714285714286
0.5066666666666667,,,0.22500000000000003,,0.5588235294117647
0.42424242424242425,,,0.09047619047619047,,0.34615384615384615
0.4594594594594595,,,0.29404761904761906,,0.65625
0.4393939393939394,,,0.11190476190476192,,0.38461538461538464
0.43283582089552236,,,0.07619047619047618,,0.3076923076923077
0.43478260869565216,,,0.052380952380952375,,0.2692307692307692
0.4492753623188406,,,0.033333333333333326,,0.2692307692307692
0.4533333333333333,,,0.06785714285714285,,0.4230769230769231
0.4782608695652174,,,0.07023809523809525,,0.38461538461538464
0.47368421052631576,,,0.042857142857142844,,0.23076923076923078
0.4657534246575342,,,0.169047619047619,,0.5641025641025641
0.4931506849315068,,,0.2369047619047619,,0.6756756756756757
0.417910447761194,,,0.04999999999999998,,0.38461538461538464
0.5,,,0.22023809523809526,,0.6
0.4657534246575342,,,0.3250000000000002,,0.7333333333333333
0.4927536231884058,,,0.11904761904761903,,0.40740740740740733
0.45454545454545453,,,0.18452380952380956,,0.5862068965517241
0.4533333333333333,,,0.22023809523809526,,0.625
0.4393939393939394,,,0.08809523809523809,,0.2692307692307692
0.48,,,0.25357142857142856,,0.7058823529411765
0.4931506849315068,,,0.22857142857142865,,0.6052631578947368
0.4805194805194805,,,0.2952380952380952,,0.7027027027027027
0.4805194805194805,,,0.11785714285714285,,0.40625
0.5072463768115942,,,0.1511904761904761,,0.4375
0.5217391304347826,,,0.1226190476190476,,0.4375
0.49333333333333335,,,0.1488095238095238,,0.5
0.47297297297297297,,,0.2654761904761905,,0.65625
0.4794520547945205,,,0.1130952380952381,,0.4375
0.4857142857142857,,,0.12023809523809523,,0.40625
0.5217391304347826,,,0.12023809523809526,,0.4375
0.5068493150684932,,,0.3095238095238095,,0.5918367346938775
0.49295774647887325,,,0.24166666666666664,,0.7142857142857143
0.5333333333333333,,,0.26190476190476186,,0.5588235294117647
0.5507246376811594,,,0.1130952380952381,,0.40625
0.4864864864864865,,,0.33333333333333337,,0.625
0.5217391304347826,,,0.1416666666666666,,0.40625
0.463768115942029,,,0.12976190476190474,,0.4375
0.463768115942029,,,0.10833333333333332,,0.4375
0.4782608695652174,,,0.11785714285714285,,0.4375
0.49333333333333335,,,0.12380952380952379,,0.4375
0.5072463768115942,,,0.13809523809523808,,0.5
0.4868421052631579,,,0.11785714285714285,,0.46875
0.5068493150684932,,,0.17738095238095236,,0.5641025641025641
0.5342465753424658,,,0.2857142857142857,,0.7297297297297297
0.4492753623188406,,,0.1130952380952381,,0.40625
0.4861111111111111,,,0.28333333333333327,,0.71875
0.5205479452054794,,,0.3214285714285713,,0.5625
0.5072463768115942,,,0.14166666666666664,,0.4375
0.5652173913043478,,,0.1904761904761904,,0.6875
0.4666666666666667,,,0.2452380952380952,,0.71875
0.4927536231884058,,,0.1345238095238095,,0.375
0.52,,,0.27142857142857146,,0.7941176470588235
0.4931506849315068,,,0.22261904761904763,,0.5
0.42857142857142855,,,0.24642857142857139,,0.6486486486486487
0.4935064935064935,,,0.2654761904761905,,0.6756756756756757
0.5064935064935064,,,0.24880952380952376,,0.6486486486486487
0.4675324675324675,,,0.18214285714285713,,0.5675675675675675
0.4675324675324675,,,0.22976190476190478,,0.5135135135135135
0.42857142857142855,,,0.22976190476190475,,0.6756756756756757
0.4935064935064935,,,0.2583333333333333,,0.6486486486486487
0.5064935064935064,,,0.244047619047619,,0.6216216216216216
0.5194805194805194,,,0.3714285714285714,,0.6530612244897959
0.5454545454545454,,,0.10119047619047614,,0.4594594594594595
0.5064935064935064,,,0.37380952380952376,,0.8378378378378379
0.5064935064935064,,,0.22261904761904763,,0.5945945945945946
0.45454545454545453,,,0.3880952380952381,,0.8378378378378379
0.5324675324675324,,,0.2369047619047619,,0.6756756756756757
0.5064935064935064,,,0.2535714285714286,,0.6486486486486487
0.4935064935064935,,,0.23214285714285715,,0.6486486486486487
0.4675324675324675,,,0.2345238095238095,,0.6486486486486487
0.45454545454545453,,,0.2261904761904762,,0.6756756756756757
0.5064935064935064,,,0.23809523809523808,,0.6216216216216216
0.45454545454545453,,,0.225,,0.5675675675675675
0.4675324675324675,,,0.20595238095238097,,0.6410256410256411
0.5324675324675324,,,0.06190476190476194,,0.2972972972972973
0.5454545454545454,,,0.24880952380952376,,0.7027027027027027
0.4805194805194805,,,0.1619047619047619,,0.4594594594594595
0.45454545454545453,,,0.4071428571428569,,0.8918918918918919
0.5194805194805194,,,0.2511904761904762,,0.6216216216216216
0.5714285714285714,,,0.14047619047619048,,0.4594594594594595
0.4805194805194805,,,0.1976190476190476,,0.3783783783783784
0.5194805194805194,,,0.24166666666666664,,0.6486486486486487
0.4675324675324675,,,0.10000000000000002,,0.4864864864864865
0.5324675324675324,,,0.38452380952380955,,0.8947368421052632
0.5584415584415584,,,0.05476190476190475,,0.4230769230769231
0.5324675324675324,,,0.10238095238095243,,0.38461538461538464
0.4935064935064935,,,0.11904761904761904,,0.42857142857142855
0.4935064935064935,,,0.21428571428571433,,0.5925925925925926
0.4935064935064935,,,0.09761904761904763,,0.2692307692307692
0.5064935064935064,,,0.08809523809523813,,0.34615384615384615
0.5454545454545454,,,0.038095238095238085,,0.34615384615384615
0.5324675324675324,,,0.2845238095238095,,0.6122448979591837
0.5454545454545454,,,0.17857142857142855,,0.5714285714285714
0.5324675324675324,,,0.21071428571428577,,0.5882352941176471
0.5584415584415584,,,0.10476190476190475,,0.4230769230769231
0.5194805194805194,,,0.3083333333333334,,0.65625
0.5844155844155844,,,0.14523809523809522,,0.3076923076923077
0.5324675324675324,,,0.11904761904761907,,0.34615384615384615
0.5194805194805194,,,0.09047619047619047,,0.23076923076923078
0.5194805194805194,,,0.038095238095238085,,0.3076923076923077
0.4935064935064935,,,0.08452380952380953,,0.19230769230769232
0.5194805194805194,,,0.03452380952380952,,0.3076923076923077
0.4935064935064935,,,0.06666666666666665,,0.46153846153846156
0.5194805194805194,,,0.15,,0.5384615384615384
0.5584415584415584,,,0.2273809523809524,,0.6216216216216216
0.5844155844155844,,,0.04523809523809522,,0.34615384615384615
0.5324675324675324,,,0.21785714285714283,,0.6
0.5064935064935064,,,0.27976190476190504,,0.6333333333333333
0.5324675324675324,,,0.0738095238095238,,0.37037037037037035
0.6103896103896104,,,0.15357142857142855,,0.5517241379310345
0.5064935064935064,,,0.19404761904761908,,0.59375
0.5454545454545454,,,0.13095238095238096,,0.34615384615384615
0.5194805194805194,,,0.2369047619047619,,0.6470588235294118
0.5064935064935064,,,0.22380952380952385,,0.6052631578947368
0.45588235294117646,,,0.1476190476190476,,0.34615384615384615
0.48,,,0.1595238095238095,,0.4642857142857143
0.5,,,0.18333333333333332,,0.5925925925925926
0.4657534246575342,,,0.13809523809523808,,0.4230769230769231
0.44285714285714284,,,0.13333333333333336,,0.3076923076923077
0.4090909090909091,,,0.05476190476190475,,0.23076923076923078
0.4931506849315068,,,0.28214285714285714,,0.6326530612244898
0.5211267605633803,,,0.2,,0.48571428571428565
0.5333333333333333,,,0.20595238095238105,,0.5294117647058824
0.4307692307692308,,,0.1357142857142857,,0.5
0.4594594594594595,,,0.29880952380952386,,0.71875
0.4461538461538462,,,0.1904761904761904,,0.46153846153846156
0.43283582089552236,,,0.16428571428571426,,0.38461538461538464
0.4492753623188406,,,0.1357142857142857,,0.4230769230769231
0.42028985507246375,,,0.06904761904761902,,0.34615384615384615
0.44,,,0.1297619047619048,,0.46153846153846156
0.4782608695652174,,,0.055952380952380955,,0.4230769230769231
0.5,,,0.10238095238095238,,0.46153846153846156
0.4931506849315068,,,0.16904761904761903,,0.5641025641025641
0.5068493150684932,,,0.24642857142857144,,0.6216216216216216
0.417910447761194,,,0.07142857142857141,,0.3076923076923077
0.5138888888888888,,,0.21071428571428572,,0.7
0.4931506849315068,,,0.275,,0.6666666666666666
0.4927536231884058,,,0.06904761904761905,,0.40740740740740733
0.4461538461538462,,,0.1773809523809524,,0.5517241379310345
0.5066666666666667,,,0.18452380952380956,,0.59375
0.38461538461538464,,,0.17619047619047612,,0.46153846153846156
0.52,,,0.25119047619047613,,0.6764705882352942
0.5205479452054794,,,0.2071428571428572,,0.5526315789473685
0.4666666666666667,,,0.1619047619047619,,0.5
0.4864864864864865,,,0.30476190476190473,,0.6296296296296297
0.4383561643835616,,,0.05714285714285713,,0.4230769230769231
0.44285714285714284,,,0.033333333333333326,,0.3076923076923077
0.5,,,0.09761904761904763,,0.2692307692307692
0.4794520547945205,,,0.3035714285714285,,0.6122448979591837
0.5211267605633803,,,0.22857142857142856,,0.6285714285714286
0.5066666666666667,,,0.24880952380952376,,0.5882352941176471
0.45588235294117646,,,0.09285714285714285,,0.38461538461538464
0.4594594594594595,,,0.3154761904761906,,0.65625
0.47058823529411764,,,0.08095238095238096,,0.34615384615384615
0.45588235294117646,,,0.026190476190476188,,0.23076923076923078
0.43478260869565216,,,0.040476190476190464,,0.19230769230769232
0.4782608695652174,,,0.08333333333333333,,0.3076923076923077
0.49333333333333335,,,0.055952380952380955,,0.2692307692307692
0.4492753623188406,,,0.11547619047619048,,0.38461538461538464
0.4868421052631579,,,0.0738095238095238,,0.34615384615384615
0.4520547945205479,,,0.18095238095238095,,0.5641025641025641
0.5205479452054794,,,0.2630952380952381,,0.7027027027027027
0.47058823529411764,,,0.07619047619047618,,0.23076923076923078
0.5,,,0.25119047619047613,,0.6
0.4794520547945205,,,0.3511904761904764,,0.7
0.4782608695652174,,,0.17619047619047618,,0.40740740740740733
0.5294117647058824,,,0.2083333333333334,,0.6551724137931034
0.4666666666666667,,,0.2654761904761905,,0.625
0.45588235294117646,,,0.02857142857142857,,0.15384615384615385
0.5066666666666667,,,0.27976190476190477,,0.7352941176470589
0.5342465753424658,,,0.2738095238095239,,0.6052631578947368
0.44,,,0.23095238095238096,,0.7142857142857143
0.4666666666666667,,,0.14523809523809528,,0.4642857142857143
0.5066666666666667,,,0.1595238095238095,,0.5
0.5333333333333333,,,0.13333333333333333,,0.4642857142857143
0.49333333333333335,,,0.35595238095238096,,0.6530612244897959
0.52,,,0.15238095238095234,,0.5142857142857142
0.49333333333333335,,,0.3202380952380953,,0.6764705882352942
0.56,,,0.12857142857142861,,0.42857142857142855
0.48,,,0.394047619047619,,0.78125
0.5466666666666666,,,0.17380952380952383,,0.5
0.52,,,0.17380952380952383,,0.5714285714285714
0.5466666666666666,,,0.1428571428571429,,0.5
0.49333333333333335,,,0.12142857142857144,,0.42857142857142855
0.4666666666666667,,,0.13452380952380955,,0.4642857142857143
0.5333333333333333,,,0.12261904761904763,,0.42857142857142855
0.47368421052631576,,,0.12380952380952384,,0.42857142857142855
0.52,,,0.1285714285714286,,0.41025641025641024
0.5066666666666667,,,0.1702380952380952,,0.5675675675675675
0.5466666666666666,,,0.14285714285714288,,0.5
0.5066666666666667,,,0.19404761904761905,,0.6333333333333333
0.49333333333333335,,,0.3511904761904762,,0.7
0.5333333333333333,,,0.1619047619047619,,0.5
0.6133333333333333,,,0.08928571428571429,,0.3103448275862069
0.4533333333333333,,,0.22261904761904763,,0.59375
0.5333333333333333,,,0.17380952380952383,,0.4642857142857143
0.49333333333333335,,,0.17261904761904762,,0.5588235294117647
0.52,,,0.30952380952380953,,0.7105263157894737
0.43243243243243246,,,0.3,,0.6296296296296297
0.5,,,0.29047619047619044,,0.6666666666666666
0.5135135135135135,,,0.22380952380952382,,0.5925925925925926
0.527027027027027,,,0.2416666666666666,,0.6326530612244898
0.5405405405405406,,,0.20952380952380958,,0.37142857142857144
0.52,,,0.2678571428571429,,0.7352941176470589
0.527027027027027,,,0.2714285714285714,,0.6666666666666666
0.43243243243243246,,,0.2797619047619047,,0.78125
0.5675675675675675,,,0.3404761904761905,,0.6666666666666666
0.5540540540540541,,,0.32380952380952377,,0.6666666666666666
0.4864864864864865,,,0.29285714285714287,,0.5925925925925926
0.4864864864864865,,,0.23333333333333334,,0.5555555555555556
0.48,,,0.28690476190476194,,0.6296296296296297
0.5135135135135135,,,0.21071428571428572,,0.6296296296296297
0.47368421052631576,,,0.2571428571428572,,0.6666666666666666
0.4864864864864865,,,0.26666666666666666,,0.6153846153846154
0.5,,,0.19642857142857137,,0.3783783783783784
0.527027027027027,,,0.23095238095238096,,0.5925925925925926
0.4864864864864865,,,0.11785714285714285,,0.4333333333333334
0.5,,,0.3678571428571428,,0.9
0.5,,,0.17619047619047615,,0.5185185185185185
0.5675675675675675,,,0.2178571428571429,,0.5862068965517241
0.48,,,0.07261904761904761,,0.3125
0.5405405405405406,,,0.33333333333333337,,0.5925925925925926
0.49333333333333335,,,0.18452380952380948,,0.38235294117647056
0.5,,,0.2857142857142857,,0.7894736842105263
0.4383561643835616,,,0.07619047619047618,,0.3076923076923077
0.5205479452054794,,,0.08809523809523807,,0.34615384615384615
0.4931506849315068,,,0.3059523809523809,,0.6326530612244898
0.5205479452054794,,,0.1976190476190476,,0.6
0.48,,,0.2583333333333334,,0.6470588235294118
0.5205479452054794,,,0.05476190476190475,,0.3076923076923077
0.4864864864864865,,,0.3202380952380953,,0.625
0.5205479452054794,,,0.052380952380952375,,0.15384615384615385
0.5068493150684932,,,0.06428571428571427,,0.3076923076923077
0.4794520547945205,,,0.026190476190476188,,0.3076923076923077
0.4931506849315068,,,0.07857142857142856,,0.3076923076923077
0.4666666666666667,,,0.03928571428571428,,0.23076923076923078
0.5205479452054794,,,0.12261904761904763,,0.4230769230769231
0.47368421052631576,,,0.06428571428571427,,0.34615384615384615
0.4931506849315068,,,0.16428571428571417,,0.4871794871794871
0.4931506849315068,,,0.23452380952380952,,0.6216216216216216
0.5342465753424658,,,0.0761904761904762,,0.34615384615384615
0.4794520547945205,,,0.25119047619047613,,0.6666666666666666
0.4657534246575342,,,0.360714285714286,,0.7333333333333333
0.5068493150684932,,,0.16904761904761903,,0.40740740740740733
0.589041095890411,,,0.19642857142857148,,0.6206896551724138
0.4666666666666667,,,0.26071428571428573,,0.5625
0.5342465753424658,,,0.0476190476190476,,0.34615384615384615
0.44,,,0.2583333333333333,,0.6764705882352942
0.5068493150684932,,,0.2857142857142858,,0.6578947368421053
0.45714285714285713,,,0.08333333333333336,,0.3076923076923077
0.5342465753424658,,,0.30595238095238086,,0.6530612244897959
0.5211267605633803,,,0.22857142857142856,,0.6285714285714286
0.5066666666666667,,,0.225,,0.5882352941176471
0.5,,,0.10714285714285714,,0.46153846153846156
0.47297297297297297,,,0.2988095238095238,,0.6875
0.5285714285714286,,,0.10476190476190476,,0.38461538461538464
0.42857142857142855,,,0.035714285714285705,,0.23076923076923078
0.45714285714285713,,,0.059523809523809514,,0.34615384615384615
0.4857142857142857,,,0.06904761904761904,,0.3076923076923077
0.4666666666666667,,,0.06785714285714285,,0.38461538461538464
0.5,,,0.10119047619047623,,0.34615384615384615
0.5131578947368421,,,0.07380952380952381,,0.4230769230769231
0.5342465753424658,,,0.17857142857142858,,0.5641025641025641
0.5068493150684932,,,0.2630952380952381,,0.7027027027027027
0.44285714285714284,,,0.061904761904761886,,0.23076923076923078
0.5,,,0.24166666666666664,,0.6
0.4931506849315068,,,0.33452380952380967,,0.7
0.45714285714285713,,,0.16190476190476186,,0.4814814814814815
0.6,,,0.20595238095238097,,0.6551724137931034
0.4666666666666667,,,0.255952380952381,,0.6875
0.4857142857142857,,,0.06190476190476189,,0.3076923076923077
0.5066666666666667,,,0.28214285714285714,,0.7647058823529411
0.5342465753424658,,,0.2738095238095239,,0.5789473684210527
0.4931506849315068,,,0.28214285714285714,,0.6122448979591837
0.49295774647887325,,,0.18809523809523804,,0.6571428571428571
0.5333333333333333,,,0.21547619047619054,,0.5588235294117647
0.45454545454545453,,,0.0857142857142857,,0.38461538461538464
0.4864864864864865,,,0.2916666666666667,,0.65625
0.48484848484848486,,,0.14047619047619042,,0.38461538461538464
0.4626865671641791,,,0.1142857142857143,,0.3076923076923077
0.463768115942029,,,0.0857142857142857,,0.3076923076923077
0.4927536231884058,,,0.019047619047619042,,0.23076923076923078
0.49333333333333335,,,0.07976190476190477,,0.2692307692307692
0.4492753623188406,,,0.05357142857142858,,0.38461538461538464
0.47368421052631576,,,0.0476190476190476,,0.3076923076923077
0.4794520547945205,,,0.1547619047619047,,0.5384615384615384
0.5205479452054794,,,0.2273809523809524,,0.6486486486486487
0.44776119402985076,,,0.04523809523809522,,0.3076923076923077
0.4861111111111111,,,0.21547619047619046,,0.6333333333333333
0.4794520547945205,,,0.30119047619047634,,0.7
0.463768115942029,,,0.0833333333333333,,0.37037037037037035
0.48484848484848486,,,0.16785714285714287,,0.6206896551724138
0.5066666666666667,,,0.1916666666666667,,0.625
0.45454545454545453,,,0.1261904761904762,,0.3076923076923077
0.5333333333333333,,,0.23214285714285712,,0.6764705882352942
0.5342465753424658,,,0.21428571428571436,,0.6052631578947368
0.4794520547945205,,,0.3892857142857143,,0.673469387755102
0.5066666666666667,,,0.17619047619047615,,0.4897959183673469
0.5342465753424658,,,0.3202380952380952,,0.6530612244897959
0.4864864864864865,,,0.18571428571428564,,0.5714285714285714
0.547945205479452,,,0.3369047619047619,,0.6530612244897959
0.5068493150684932,,,0.3083333333333332,,0.6530612244897959
0.4794520547945205,,,0.30357142857142855,,0.5918367346938775
0.4931506849315068,,,0.2845238095238095,,0.6122448979591837
0.5066666666666667,,,0.30238095238095225,,0.5918367346938775
0.5068493150684932,,,0.28571428571428564,,0.6530612244897959
0.4605263157894737,,,0.2869047619047619,,0.6122448979591837
0.5068493150684932,,,0.344047619047619,,0.5918367346938775
0.5205479452054794,,,0.3523809523809524,,0.673469387755102
0.5205479452054794,,,0.294047619047619,,0.673469387755102
0.4794520547945205,,,0.261904761904762,,0.5918367346938775
0.4657534246575342,,,0.33571428571428563,,0.6326530612244898
0.5205479452054794,,,0.2964285714285713,,0.6122448979591837
0.589041095890411,,,0.38809523809523816,,0.7142857142857143
0.4666666666666667,,,0.26666666666666666,,0.6122448979591837
0.4931506849315068,,,0.31309523809523804,,0.6122448979591837
0.4533333333333333,,,0.3428571428571428,,0.673469387755102
0.4794520547945205,,,0.24880952380952387,,0.6122448979591837
0.5066666666666667,,,0.33928571428571425,,0.8857142857142858
0.5352112676056338,,,0.18095238095238092,,0.6285714285714286
0.4594594594594595,,,0.41547619047619044,,0.8571428571428571
0.5352112676056338,,,0.23333333333333334,,0.6
0.5352112676056338,,,0.23571428571428568,,0.6857142857142857
0.4507042253521127,,,0.19761904761904756,,0.6285714285714286
0.4507042253521127,,,0.18333333333333332,,0.6
0.4666666666666667,,,0.19642857142857142,,0.5714285714285714
0.5070422535211268,,,0.17976190476190473,,0.6285714285714286
0.5,,,0.18571428571428567,,0.6571428571428571
0.4794520547945205,,,0.18095238095238092,,0.5897435897435898
0.5342465753424658,,,0.07976190476190476,,0.35135135135135137
0.5352112676056338,,,0.19523809523809518,,0.5714285714285714
0.4861111111111111,,,0.1726190476190476,,0.42857142857142855
0.4931506849315068,,,0.35595238095238096,,0.8571428571428571
0.49295774647887325,,,0.19047619047619044,,0.5428571428571428
0.5774647887323944,,,0.09166666666666663,,0.37142857142857144
0.4666666666666667,,,0.1821428571428571,,0.42857142857142855
0.49295774647887325,,,0.2357142857142857,,0.6571428571428571
0.4533333333333333,,,0.11309523809523805,,0.2857142857142857
0.4794520547945205,,,0.3595238095238095,,0.8421052631578947
0.5733333333333334,,,0.29404761904761906,,0.7352941176470589
0.4666666666666667,,,0.1357142857142857,,0.4117647058823529
0.56,,,0.3107142857142858,,0.7058823529411765
0.5333333333333333,,,0.25595238095238093,,0.5588235294117647
0.52,,,0.26071428571428573,,0.6470588235294118
0.49333333333333335,,,0.22500000000000003,,0.5882352941176471
0.4533333333333333,,,0.25238095238095243,,0.6470588235294118
0.52,,,0.21428571428571436,,0.5882352941176471
0.4868421052631579,,,0.2464285714285715,,0.6470588235294118
0.5066666666666667,,,0.32976190476190476,,0.717948717948718
0.5066666666666667,,,0.3547619047619047,,0.8918918918918919
0.52,,,0.21309523809523814,,0.5588235294117647
0.5066666666666667,,,0.2785714285714286,,0.7352941176470589
0.4666666666666667,,,0.2857142857142857,,0.47058823529411764
0.5066666666666667,,,0.24642857142857152,,0.5588235294117647
0.5733333333333334,,,0.35000000000000014,,0.7352941176470589
0.4666666666666667,,,0.2928571428571429,,0.7941176470588235
0.52,,,0.27738095238095234,,0.6470588235294118
0.4666666666666667,,,0.35714285714285715,,0.9117647058823529
0.49333333333333335,,,0.24642857142857136,,0.47368421052631576
0.44594594594594594,,,0.3535714285714286,,0.75
0.47692307692307695,,,0.0738095238095238,,0.23076923076923078
0.43283582089552236,,,0.10000000000000005,,0.38461538461538464
0.4927536231884058,,,0.052380952380952375,,0.2692307692307692
0.4782608695652174,,,0.07619047619047618,,0.34615384615384615
0.4666666666666667,,,0.05357142857142857,,0.34615384615384615
0.4492753623188406,,,0.1130952380952381,,0.34615384615384615
0.5,,,0.05714285714285713,,0.2692307692307692
0.4794520547945205,,,0.13809523809523808,,0.43589743589743596
0.4931506849315068,,,0.21309523809523814,,0.5945945945945946
0.4925373134328358,,,0.10238095238095239,,0.5
0.5,,,0.23928571428571427,,0.7
0.4931506849315068,,,0.35119047619047633,,0.6333333333333333
0.4927536231884058,,,0.14999999999999997,,0.40740740740740733
0.47692307692307695,,,0.16547619047619047,,0.5517241379310345
0.4533333333333333,,,0.23452380952380952,,0.5625
0.4153846153846154,,,0.08333333333333334,,0.34615384615384615
0.44,,,0.23214285714285712,,0.6764705882352942
0.5205479452054794,,,0.27619047619047626,,0.6842105263157895
0.527027027027027,,,0.3702380952380953,,0.71875
0.5135135135135135,,,0.32023809523809527,,0.65625
0.5,,,0.32261904761904764,,0.6875
0.5135135135135135,,,0.2988095238095238,,0.6875
0.48,,,0.31428571428571433,,0.6875
0.527027027027027,,,0.30952380952380953,,0.71875
0.4868421052631579,,,0.31309523809523804,,0.65625
0.4864864864864865,,,0.386904761904762,,0.7948717948717948
0.5540540540540541,,,0.3833333333333332,,0.8648648648648649
0.5135135135135135,,,0.2964285714285715,,0.71875
0.527027027027027,,,0.2738095238095239,,0.84375
0.4864864864864865,,,0.34761904761904755,,0.65625
0.4864864864864865,,,0.3369047619047618,,0.6875
0.5675675675675675,,,0.4333333333333334,,0.875
0.4666666666666667,,,0.29285714285714276,,0.875
0.5135135135135135,,,0.33928571428571436,,0.6875
0.4666666666666667,,,0.37619047619047624,,0.9411764705882353
0.4864864864864865,,,0.30595238095238086,,0.5526315789473685
0.4925373134328358,,,0.08809523809523807,,0.34615384615384615
0.4782608695652174,,,0.059523809523809514,,0.2692307692307692
0.463768115942029,,,0.13095238095238096,,0.4230769230769231
0.49333333333333335,,,0.07738095238095238,,0.2692307692307692
0.463768115942029,,,0.17023809523809522,,0.46153846153846156
0.5131578947368421,,,0.11190476190476188,,0.38461538461538464
0.5205479452054794,,,0.18571428571428567,,0.4871794871794871
0.5342465753424658,,,0.26071428571428573,,0.6756756756756757
0.47761194029850745,,,0.11904761904761904,,0.46153846153846156
0.5416666666666666,,,0.28214285714285714,,0.6666666666666666
0.5068493150684932,,,0.4035714285714288,,0.7
0.4782608695652174,,,0.21904761904761902,,0.4444444444444445
0.43548387096774194,,,0.2273809523809524,,0.6896551724137931
0.52,,,0.30357142857142866,,0.5625
0.4307692307692308,,,0.052380952380952375,,0.23076923076923078
0.5333333333333333,,,0.27976190476190477,,0.6764705882352942
0.5205479452054794,,,0.32142857142857145,,0.631578947368421
0.4927536231884058,,,0.0476190476190476,,0.2692307692307692
0.463768115942029,,,0.10000000000000005,,0.2692307692307692
0.49333333333333335,,,0.06309523809523811,,0.2692307692307692
0.4927536231884058,,,0.13214285714285717,,0.38461538461538464
0.5131578947368421,,,0.0761904761904762,,0.2692307692307692
0.5342465753424658,,,0.1952380952380953,,0.5384615384615384
0.547945205479452,,,0.27023809523809533,,0.7027027027027027
0.4925373134328358,,,0.09285714285714283,,0.23076923076923078
0.5,,,0.2678571428571429,,0.6
0.4794520547945205,,,0.3678571428571431,,0.7
0.5217391304347826,,,0.1928571428571428,,0.4444444444444445
0.5373134328358209,,,0.22738095238095238,,0.6896551724137931
0.48,,,0.2845238095238095,,0.65625
0.47761194029850745,,,0.035714285714285705,,0.23076923076923078
0.5066666666666667,,,0.2916666666666667,,0.7352941176470589
0.5205479452054794,,,0.29047619047619044,,0.631578947368421
0.42028985507246375,,,0.07142857142857141,,0.3076923076923077
0.4666666666666667,,,0.03214285714285713,,0.15384615384615385
0.4492753623188406,,,0.11071428571428572,,0.38461538461538464
0.47368421052631576,,,0.052380952380952375,,0.3076923076923077
0.4657534246575342,,,0.15714285714285706,,0.5128205128205128
0.4794520547945205,,,0.23214285714285715,,0.6486486486486487
0.463768115942029,,,0.06428571428571427,,0.3076923076923077
0.5,,,0.23928571428571427,,0.7
0.5068493150684932,,,0.34880952380952407,,0.6666666666666666
0.463768115942029,,,0.16428571428571426,,0.37037037037037035
0.4782608695652174,,,0.18928571428571433,,0.6206896551724138
0.48,,,0.25357142857142856,,0.59375
0.4492753623188406,,,0.040476190476190464,,0.15384615384615385
0.48,,,0.25595238095238093,,0.6764705882352942
0.4794520547945205,,,0.27380952380952384,,0.6578947368421053
0.48,,,0.06785714285714285,,0.34615384615384615
0.463768115942029,,,0.04880952380952381,,0.3076923076923077
0.4868421052631579,,,0.03333333333333332,,0.2692307692307692
0.5068493150684932,,,0.14761904761904757,,0.5128205128205128
0.4931506849315068,,,0.22023809523809526,,0.6216216216216216
0.5072463768115942,,,0.04523809523809522,,0.34615384615384615
0.5277777777777778,,,0.21071428571428572,,0.6
0.4794520547945205,,,0.3035714285714287,,0.6666666666666666
0.4492753623188406,,,0.09523809523809522,,0.3333333333333333
0.4927536231884058,,,0.15595238095238093,,0.5517241379310345
0.49333333333333335,,,0.20357142857142857,,0.59375
0.4492753623188406,,,0.11190476190476191,,0.3076923076923077
0.49333333333333335,,,0.2369047619047619,,0.6764705882352942
0.4931506849315068,,,0.22619047619047622,,0.6578947368421053
0.5066666666666667,,,0.09761904761904763,,0.36
0.4868421052631579,,,0.05119047619047619,,0.3076923076923077
0.4533333333333333,,,0.13928571428571426,,0.46153846153846156
0.5066666666666667,,,0.2261904761904762,,0.6486486486486487
0.49333333333333335,,,0.07023809523809522,,0.3076923076923077
0.5333333333333333,,,0.22857142857142856,,0.6
0.48,,,0.3285714285714288,,0.6333333333333333
0.5066666666666667,,,0.1583333333333333,,0.40740740740740733
0.5466666666666666,,,0.18095238095238092,,0.6551724137931034
0.4533333333333333,,,0.24761904761904757,,0.59375
0.52,,,0.055952380952380955,,0.2692307692307692
0.49333333333333335,,,0.2523809523809523,,0.6470588235294118
0.48,,,0.27738095238095245,,0.6842105263157895
0.5,,,0.07500000000000001,,0.3076923076923077
0.5068493150684932,,,0.12976190476190472,,0.5128205128205128
0.5068493150684932,,,0.22380952380952382,,0.6216216216216216
0.4782608695652174,,,0.058333333333333334,,0.3076923076923077
0.4722222222222222,,,0.20714285714285713,,0.6666666666666666
0.4794520547945205,,,0.2595238095238095,,0.6
0.5072463768115942,,,0.07023809523809522,,0.37037037037037035
0.5072463768115942,,,0.14285714285714285,,0.44827586206896547
0.49333333333333335,,,0.19523809523809524,,0.625
0.463768115942029,,,0.144047619047619,,0.4230769230769231
0.48,,,0.24285714285714283,,0.6764705882352942
0.4794520547945205,,,0.22500000000000003,,0.5789473684210527
0.4868421052631579,,,0.14761904761904757,,0.4871794871794871
0.5131578947368421,,,0.22023809523809526,,0.6486486486486487
0.5131578947368421,,,0.0738095238095238,,0.46153846153846156
0.5263157894736842,,,0.22023809523809526,,0.6333333333333333
0.4605263157894737,,,0.3297619047619049,,0.7
0.4605263157894737,,,0.11904761904761904,,0.3333333333333333
0.5657894736842105,,,0.16785714285714287,,0.5862068965517241
0.4605263157894737,,,0.22023809523809526,,0.625
0.5394736842105263,,,0.08809523809523813,,0.3076923076923077
0.4868421052631579,,,0.2369047619047619,,0.6764705882352942
0.4868421052631579,,,0.23809523809523808,,0.6578947368421053
0.4931506849315068,,,0.19166666666666668,,0.5641025641025641
0.6027397260273972,,,0.15238095238095234,,0.5641025641025641
0.4794520547945205,,,0.244047619047619,,0.6666666666666666
0.4794520547945205,,,0.25833333333333336,,0.6666666666666666
0.5068493150684932,,,0.14999999999999997,,0.5128205128205128
0.6164383561643836,,,0.13452380952380952,,0.4871794871794871
0.5466666666666666,,,0.22261904761904766,,0.6666666666666666
0.547945205479452,,,0.18809523809523804,,0.5384615384615384
0.48,,,0.2011904761904762,,0.5897435897435898
0.5068493150684932,,,0.2976190476190476,,0.7692307692307693
0.4657534246575342,,,0.23928571428571427,,0.6486486486486487
0.4931506849315068,,,0.14047619047619045,,0.4594594594594595
0.4794520547945205,,,0.3952380952380954,,0.8918918918918919
0.4931506849315068,,,0.2345238095238095,,0.5675675675675675
0.5616438356164384,,,0.11904761904761904,,0.4594594594594595
0.44,,,0.16666666666666666,,0.2972972972972973
0.5068493150684932,,,0.2630952380952381,,0.7027027027027027
0.48,,,0.06666666666666667,,0.2972972972972973
0.4794520547945205,,,0.3797619047619048,,0.9473684210526315
0.4861111111111111,,,0.2130952380952381,,0.6333333333333333
0.5068493150684932,,,0.2916666666666669,,0.6333333333333333
0.4927536231884058,,,0.09999999999999999,,0.4444444444444445
0.5074626865671642,,,0.17500000000000002,,0.6206896551724138
0.5066666666666667,,,0.21071428571428577,,0.625
0.44776119402985076,,,0.10476190476190476,,0.3076923076923077
0.5066666666666667,,,0.2583333333333333,,0.7058823529411765
0.5068493150684932,,,0.23809523809523814,,0.5263157894736842
0.5068493150684932,,,0.4095238095238095,,1.0
0.5,,,0.2488095238095238,,0.6666666666666666
0.5555555555555556,,,0.1857142857142857,,0.4666666666666667
0.48,,,0.13333333333333333,,0.3125
0.5,,,0.2678571428571429,,0.6333333333333333
0.56,,,0.14523809523809522,,0.38235294117647056
0.5068493150684932,,,0.33214285714285713,,0.8157894736842104
0.5342465753424658,,,0.26547619047619053,,0.7
0.5205479452054794,,,0.3261904761904764,,0.7666666666666667
0.48,,,0.35,,0.90625
0.4931506849315068,,,0.379761904761905,,0.7
0.4666666666666667,,,0.4095238095238095,,0.8823529411764707
0.4794520547945205,,,0.23452380952380952,,0.5526315789473685
0.5072463768115942,,,0.15595238095238093,,0.5172413793103449
0.48,,,0.16547619047619047,,0.5
0.463768115942029,,,0.20476190476190478,,0.4444444444444445
0.5066666666666667,,,0.22976190476190475,,0.6176470588235294
0.4794520547945205,,,0.20714285714285716,,0.631578947368421
0.49333333333333335,,,0.21190476190476196,,0.53125
0.4461538461538462,,,0.22261904761904763,,0.6551724137931034
0.5333333333333333,,,0.12857142857142853,,0.4117647058823529
0.5205479452054794,,,0.325,,0.7105263157894737
0.52,,,0.29404761904761906,,0.625
0.52,,,0.14047619047619045,,0.35294117647058826
0.5466666666666666,,,0.29404761904761906,,0.8421052631578947
0.49333333333333335,,,0.28452380952380957,,0.7058823529411765
0.5205479452054794,,,0.29761904761904767,,0.631578947368421
0.52,,,0.36071428571428565,,0.9210526315789472
