file,has_player,has_enemy,solvable,wall_ratio,interior_wall_density,walkable_cells,reachable_ratio,shortest_path_length,path_norm,dead_end_ratio,branching_ratio,leniency,astar_difficulty,difficulty_score,score_tier,range_tier
pcgnn_000.txt,True,True,True,0.298828125,0.3055555555555556,718,1.0,62,0.96875,0.020891364902506964,0.5877437325905293,1.0,0.9122562674094707,0.569727650591922,medium,unclassified
pcgnn_001.txt,True,True,True,0.41796875,0.4177777777777778,596,0.9714765100671141,121,1.890625,0.0436241610738255,0.2533557046979866,0.9836065573770492,0.7667785234899329,0.599132235738255,medium,unclassified
pcgnn_002.txt,True,True,True,0.244140625,0.25333333333333335,774,1.0,62,0.96875,0.006459948320413436,0.7067183462532299,0.9841269841269841,0.9186046511627907,0.5513873748385012,medium,unclassified
pcgnn_003.txt,True,True,True,0.248046875,0.26555555555555554,770,1.0,62,0.96875,0.006493506493506494,0.6922077922077922,0.9841269841269841,0.9181818181818182,0.552502536525974,medium,unclassified
pcgnn_004.txt,True,True,True,0.435546875,0.45222222222222225,578,0.8806228373702422,115,1.796875,0.03806228373702422,0.18685121107266436,0.9913793103448276,0.6799307958477508,0.5902661386245674,medium,unclassified
pcgnn_005.txt,True,True,True,0.39453125,0.39111111111111113,620,0.9887096774193549,78,1.21875,0.043548387096774194,0.33225806451612905,0.9746835443037974,0.8612903225806452,0.6062626008064516,medium,unclassified
pcgnn_006.txt,True,True,True,0.3994140625,0.4033333333333333,615,0.8829268292682927,93,1.453125,0.04065040650406504,0.3024390243902439,0.9787234042553191,0.7300813008130081,0.5874664951727642,medium,unclassified
pcgnn_007.txt,True,True,True,0.32421875,0.33,692,0.9985549132947977,62,0.96875,0.02167630057803468,0.5072254335260116,1.0,0.9075144508670521,0.5767905527456647,medium,unclassified
pcgnn_008.txt,True,True,True,0.2734375,0.2822222222222222,744,1.0,62,0.96875,0.01747311827956989,0.6545698924731183,0.9841269841269841,0.9153225806451613,0.5618867607526882,medium,unclassified
pcgnn_009.txt,True,True,True,0.375,0.39111111111111113,640,0.9546875,62,0.96875,0.0265625,0.378125,0.9682539682539683,0.85625,0.5853124999999999,medium,unclassified
pcgnn_010.txt,True,True,True,0.421875,0.4255555555555556,592,0.6942567567567568,83,1.296875,0.05574324324324324,0.25506756756756754,0.9880952380952381,0.5523648648648649,0.5705658783783785,medium,unclassified
pcgnn_011.txt,True,True,True,0.3984375,0.3977777777777778,616,1.0,79,1.234375,0.03896103896103896,0.3457792207792208,0.9875,0.8701298701298701,0.6078429383116882,medium,unclassified
pcgnn_012.txt,True,True,True,0.2900390625,0.30333333333333334,727,1.0,62,0.96875,0.016506189821182942,0.5859697386519945,1.0,0.9133425034387895,0.566376832230055,medium,unclassified
pcgnn_013.txt,True,True,True,0.4423828125,0.4533333333333333,571,0.8143607705779334,136,2.125,0.04553415061295972,0.1733800350262697,0.9854014598540146,0.574430823117338,0.5779862973401926,medium,unclassified
pcgnn_014.txt,True,True,True,0.2822265625,0.28444444444444444,735,1.0,62,0.96875,0.024489795918367346,0.6326530612244898,0.9682539682539683,0.9142857142857143,0.5657712850765306,medium,unclassified
pcgnn_015.txt,True,True,True,0.412109375,0.4122222222222222,602,0.9800664451827242,114,1.78125,0.03322259136212625,0.3073089700996678,0.9826086956521739,0.7890365448504983,0.5986328125,medium,unclassified
pcgnn_016.txt,True,True,True,0.3212890625,0.31666666666666665,695,0.9870503597122302,61,0.953125,0.027338129496402876,0.5697841726618705,0.9838709677419355,0.897841726618705,0.5701243536420862,medium,unclassified
pcgnn_017.txt,True,True,True,0.2412109375,0.24555555555555555,777,1.0,62,0.96875,0.009009009009009009,0.7271557271557272,0.9841269841269841,0.918918918918919,0.5510654208896396,medium,unclassified
pcgnn_018.txt,True,True,True,0.322265625,0.33111111111111113,694,1.0,62,0.96875,0.025936599423631124,0.521613832853026,0.9682539682539683,0.909221902017291,0.5773127926873198,medium,unclassified
pcgnn_019.txt,True,True,True,0.19921875,0.19555555555555557,820,0.9975609756097561,62,0.96875,0.013414634146341463,0.8036585365853659,0.9841269841269841,0.9207317073170732,0.5396208079268292,medium,unclassified
pcgnn_020.txt,True,True,True,0.412109375,0.4166666666666667,602,0.8803986710963455,102,1.59375,0.03488372093023256,0.287375415282392,0.9805825242718447,0.7093023255813954,0.5870049055232558,medium,unclassified
pcgnn_021.txt,True,True,True,0.4404296875,0.44555555555555554,573,0.987783595113438,144,2.25,0.05235602094240838,0.20418848167539266,0.9862068965517241,0.7347294938917975,0.6028095345222513,medium,unclassified
pcgnn_022.txt,True,True,True,0.400390625,0.40444444444444444,614,0.9771986970684039,89,1.390625,0.03908794788273615,0.2964169381107492,0.9777777777777777,0.8306188925081434,0.6025276109527686,medium,unclassified
pcgnn_023.txt,True,True,True,0.3779296875,0.3888888888888889,637,0.9246467817896389,72,1.125,0.026687598116169546,0.3783359497645212,1.0,0.8100470957613815,0.5902234902374411,medium,unclassified
pcgnn_024.txt,True,True,True,0.28125,0.2866666666666667,736,0.998641304347826,62,0.96875,0.019021739130434784,0.6195652173913043,0.9841269841269841,0.9130434782608695,0.5641983695652173,medium,unclassified
pcgnn_025.txt,True,True,True,0.193359375,0.20222222222222222,826,1.0,61,0.953125,0.004842615012106538,0.801452784503632,1.0,0.9249394673123487,0.5313110055992736,medium,unclassified
pcgnn_026.txt,True,True,True,0.1708984375,0.17555555555555555,849,1.0,62,0.96875,0.004711425206124852,0.8280329799764429,1.0,0.9257950530035336,0.530143574241755,medium,unclassified
pcgnn_027.txt,True,True,True,0.2919921875,0.3022222222222222,725,1.0,62,0.96875,0.012413793103448275,0.5903448275862069,0.9841269841269841,0.9131034482758621,0.566108432112069,medium,unclassified
pcgnn_028.txt,True,True,True,0.20703125,0.21,812,1.0,62,0.96875,0.013546798029556651,0.7586206896551724,0.9682539682539683,0.9224137931034483,0.5422433035714285,medium,unclassified
pcgnn_029.txt,True,True,True,0.2392578125,0.24555555555555555,779,1.0,62,0.96875,0.012836970474967908,0.7137355584082157,0.9682539682539683,0.9191270860077022,0.5512763007461489,medium,unclassified
pcgnn_030.txt,True,True,True,0.2958984375,0.29888888888888887,721,1.0,62,0.96875,0.024965325936199722,0.6047156726768377,1.0,0.912621359223301,0.5697183003207351,medium,unclassified
pcgnn_031.txt,True,True,True,0.37109375,0.38333333333333336,644,0.9922360248447205,90,1.40625,0.043478260869565216,0.36801242236024845,0.978021978021978,0.8509316770186336,0.597663528726708,medium,unclassified
pcgnn_032.txt,True,True,True,0.4033203125,0.4066666666666667,611,0.9901800327332242,65,1.015625,0.04091653027823241,0.32078559738134205,0.9848484848484849,0.8821603927986906,0.61150345872545,medium,unclassified
pcgnn_033.txt,True,True,True,0.1787109375,0.18444444444444444,841,1.0,62,0.96875,0.0023781212841854932,0.8478002378121284,1.0,0.925089179548157,0.5319147824390607,medium,unclassified
pcgnn_034.txt,True,True,True,0.3916015625,0.4,623,0.985553772070626,96,1.5,0.027287319422150885,0.32263242375601925,0.979381443298969,0.8298555377207063,0.5974162632925362,medium,unclassified
pcgnn_035.txt,True,True,True,0.427734375,0.4288888888888889,586,0.8856655290102389,110,1.71875,0.051194539249146756,0.2525597269624573,0.9819819819819819,0.6962457337883959,0.5929960804180887,medium,unclassified
pcgnn_036.txt,True,True,True,0.244140625,0.24888888888888888,774,1.0,62,0.96875,0.002583979328165375,0.7028423772609819,1.0,0.9186046511627907,0.5506121810400517,medium,unclassified
pcgnn_037.txt,True,True,True,0.369140625,0.37555555555555553,646,0.9829721362229102,89,1.390625,0.030959752321981424,0.3931888544891641,0.9888888888888889,0.8436532507739938,0.5934821255804953,medium,unclassified
pcgnn_038.txt,True,True,True,0.3701171875,0.38,645,1.0,63,0.984375,0.021705426356589147,0.3937984496124031,0.984375,0.9007751937984496,0.5950237705910852,medium,unclassified
pcgnn_039.txt,True,True,True,0.3115234375,0.3111111111111111,705,0.9985815602836879,62,0.96875,0.02695035460992908,0.573049645390071,0.9682539682539683,0.9092198581560283,0.57429258089539,medium,unclassified
pcgnn_040.txt,True,True,True,0.2548828125,0.2633333333333333,763,1.0,62,0.96875,0.009174311926605505,0.6854521625163827,0.9841269841269841,0.9174311926605505,0.5549768850344037,medium,unclassified
pcgnn_041.txt,True,True,True,0.287109375,0.29,730,1.0,62,0.96875,0.019178082191780823,0.6328767123287671,0.9841269841269841,0.9136986301369863,0.5660857234589041,medium,unclassified
pcgnn_042.txt,True,True,True,0.38671875,0.3888888888888889,628,0.8487261146496815,80,1.25,0.03821656050955414,0.37261146496815284,0.9753086419753086,0.7197452229299363,0.5816207205414012,medium,unclassified
pcgnn_043.txt,True,True,True,0.3642578125,0.3611111111111111,651,1.0,88,1.375,0.041474654377880185,0.4270353302611367,0.9775280898876404,0.8632872503840245,0.5970653621831796,medium,unclassified
pcgnn_044.txt,True,True,True,0.3251953125,0.3211111111111111,691,1.0,61,0.953125,0.03328509406657019,0.5180897250361794,0.967741935483871,0.91027496382055,0.5743506071363964,medium,unclassified
pcgnn_045.txt,True,True,True,0.34765625,0.3522222222222222,668,1.0,73,1.140625,0.0344311377245509,0.4491017964071856,0.9864864864864865,0.8892215568862275,0.5945663360778444,medium,unclassified
pcgnn_046.txt,True,True,True,0.4150390625,0.4255555555555556,599,0.9782971619365609,131,2.046875,0.0333889816360601,0.25375626043405675,0.9924242424242424,0.7579298831385642,0.5948789975479966,medium,unclassified
pcgnn_047.txt,True,True,True,0.23828125,0.24222222222222223,780,0.9974358974358974,62,0.96875,0.014102564102564103,0.7294871794871794,0.9841269841269841,0.9166666666666666,0.5508673878205128,medium,unclassified
pcgnn_048.txt,True,True,True,0.3056640625,0.3088888888888889,711,1.0,61,0.953125,0.014064697609001406,0.559774964838256,1.0,0.9127988748241913,0.5650257394954289,medium,unclassified
pcgnn_049.txt,True,True,True,0.408203125,0.4211111111111111,606,0.9933993399339934,101,1.578125,0.041254125412541254,0.30363036303630364,0.9803921568627451,0.8250825082508251,0.604474138820132,medium,unclassified
pcgnn_050.txt,True,True,True,0.26953125,0.26222222222222225,748,1.0,62,0.96875,0.020053475935828877,0.696524064171123,0.9682539682539683,0.9157754010695187,0.5612988803475936,medium,unclassified
pcgnn_051.txt,True,True,True,0.23828125,0.24222222222222223,780,0.9948717948717949,62,0.96875,0.01282051282051282,0.7294871794871794,0.9841269841269841,0.9141025641025641,0.5502263621794872,medium,unclassified
pcgnn_052.txt,True,True,True,0.216796875,0.22555555555555556,802,1.0,62,0.96875,0.011221945137157107,0.7855361596009975,0.9682539682539683,0.9214463840399002,0.5445629091334163,medium,unclassified
pcgnn_053.txt,True,True,True,0.1904296875,0.1922222222222222,829,1.0,62,0.96875,0.010856453558504222,0.7937273823884198,0.9682539682539683,0.9240048250904704,0.5369634207252714,medium,unclassified
pcgnn_054.txt,True,True,True,0.35546875,0.36,660,1.0,86,1.34375,0.031818181818181815,0.43636363636363634,0.9770114942528736,0.8681818181818182,0.593231534090909,medium,unclassified
pcgnn_055.txt,True,True,True,0.28515625,0.2911111111111111,732,1.0,61,0.953125,0.02185792349726776,0.6270491803278688,0.9838709677419355,0.9153005464480874,0.5608072916666665,medium,unclassified
pcgnn_056.txt,True,True,True,0.3369140625,0.3411111111111111,679,0.9985272459499264,66,1.03125,0.025036818851251842,0.47717231222385864,0.9701492537313433,0.8998527245949927,0.5910594912094992,medium,unclassified
pcgnn_057.txt,True,True,True,0.396484375,0.3933333333333333,618,1.0,86,1.34375,0.040453074433656956,0.3511326860841424,0.9885057471264368,0.8592233009708737,0.6059194225323624,medium,unclassified
pcgnn_058.txt,True,True,True,0.400390625,0.4088888888888889,614,0.996742671009772,130,2.03125,0.04723127035830619,0.2980456026058632,0.9923664122137404,0.7833876221498371,0.5970715848941368,medium,unclassified
pcgnn_059.txt,True,True,True,0.236328125,0.24444444444444444,782,1.0,62,0.96875,0.008951406649616368,0.7289002557544757,0.9682539682539683,0.9194373401534527,0.5496668198529411,medium,unclassified
pcgnn_060.txt,True,True,True,0.390625,0.39555555555555555,624,0.9903846153846154,101,1.578125,0.03685897435897436,0.34775641025641024,0.9901960784313726,0.8269230769230769,0.5985977564102564,medium,unclassified
pcgnn_061.txt,True,True,True,0.3427734375,0.34,673,0.9985141158989599,62,0.96875,0.031203566121842496,0.475482912332838,0.9841269841269841,0.9049034175334324,0.5838707571043833,medium,unclassified
pcgnn_062.txt,True,True,True,0.189453125,0.19555555555555557,830,1.0,62,0.96875,0.008433734939759036,0.7903614457831325,0.9841269841269841,0.9240963855421687,0.5361996423192771,medium,unclassified
pcgnn_063.txt,True,True,True,0.427734375,0.43555555555555553,586,0.9197952218430034,102,1.59375,0.03754266211604096,0.25597269624573377,0.9805825242718447,0.7440273037542662,0.5974329404863481,medium,unclassified
pcgnn_064.txt,True,True,True,0.33203125,0.34,684,1.0,62,0.96875,0.02631578947368421,0.489766081871345,0.9841269841269841,0.9078947368421053,0.5801192434210527,medium,unclassified
pcgnn_065.txt,True,True,True,0.306640625,0.3111111111111111,710,0.9915492957746479,62,0.96875,0.01971830985915493,0.5816901408450704,0.9841269841269841,0.9028169014084507,0.5704208846830986,medium,unclassified
pcgnn_066.txt,True,True,True,0.2197265625,0.22555555555555556,799,1.0,62,0.96875,0.010012515644555695,0.7459324155193993,1.0,0.9211514392991239,0.5451556877737798,medium,unclassified
pcgnn_067.txt,True,True,True,0.2841796875,0.2911111111111111,733,1.0,62,0.96875,0.01637107776261937,0.6139154160982264,0.9841269841269841,0.9140518417462483,0.5646983980644611,medium,unclassified
pcgnn_068.txt,True,True,True,0.423828125,0.43,590,0.9491525423728814,105,1.640625,0.0423728813559322,0.2864406779661017,0.9811320754716981,0.7694915254237288,0.6010467425847457,medium,unclassified
pcgnn_069.txt,True,True,True,0.408203125,0.4211111111111111,606,0.966996699669967,117,1.828125,0.033003300330033,0.29372937293729373,0.9830508474576272,0.7722772277227723,0.5949031817244224,medium,unclassified
pcgnn_070.txt,True,True,True,0.4072265625,0.4088888888888889,607,0.9983525535420099,95,1.484375,0.039538714991762765,0.29983525535420097,0.9895833333333334,0.8401976935749588,0.6061053657845964,medium,unclassified
pcgnn_071.txt,True,True,True,0.263671875,0.2633333333333333,754,0.986737400530504,62,0.96875,0.025198938992042442,0.6591511936339522,0.9841269841269841,0.903183023872679,0.5586813038793104,medium,unclassified
pcgnn_072.txt,True,True,True,0.3193359375,0.3188888888888889,697,0.9913916786226685,61,0.953125,0.03443328550932568,0.5423242467718795,0.967741935483871,0.9024390243902439,0.5716470420104016,medium,unclassified
pcgnn_073.txt,True,True,True,0.416015625,0.4166666666666667,598,0.9816053511705686,75,1.171875,0.048494983277591976,0.27424749163879597,0.9736842105263158,0.8545150501672241,0.6126809416806019,medium,unclassified
pcgnn_074.txt,True,True,True,0.4267578125,0.41444444444444445,587,0.9420783645655877,82,1.28125,0.05792163543441227,0.2504258943781942,0.9759036144578314,0.8006814310051107,0.609713885487649,medium,unclassified
pcgnn_075.txt,True,True,True,0.33984375,0.3422222222222222,676,0.992603550295858,61,0.953125,0.03550295857988166,0.5014792899408284,0.967741935483871,0.900887573964497,0.5777806028106508,medium,unclassified
pcgnn_076.txt,True,True,True,0.232421875,0.23666666666666666,786,1.0,62,0.96875,0.01272264631043257,0.732824427480916,0.9682539682539683,0.9198473282442748,0.5493106909987278,medium,unclassified
pcgnn_077.txt,True,True,True,0.2666015625,0.27111111111111114,751,0.9986684420772304,62,0.96875,0.015978695073235686,0.6537949400798935,0.9841269841269841,0.914780292942743,0.5594557517060585,medium,unclassified
pcgnn_078.txt,True,True,True,0.3525390625,0.36333333333333334,663,1.0,62,0.96875,0.030165912518853696,0.46153846153846156,0.9682539682539683,0.9049773755656109,0.5866040075886123,medium,unclassified
pcgnn_079.txt,True,True,True,0.271484375,0.28444444444444444,746,1.0,62,0.96875,0.00938337801608579,0.6327077747989276,1.0,0.9155495978552279,0.5597169277815013,medium,unclassified
pcgnn_080.txt,True,True,True,0.404296875,0.40555555555555556,610,0.9377049180327869,73,1.140625,0.03934426229508197,0.3262295081967213,0.972972972972973,0.8163934426229508,0.601616931352459,medium,unclassified
pcgnn_081.txt,True,True,True,0.2490234375,0.24444444444444444,769,1.0,62,0.96875,0.02080624187256177,0.7022106631989596,0.9682539682539683,0.918075422626788,0.5556420930185305,medium,unclassified
pcgnn_082.txt,True,True,True,0.375,0.38222222222222224,640,1.0,62,0.96875,0.021875,0.403125,1.0,0.9015625,0.591171875,medium,unclassified
pcgnn_083.txt,True,True,True,0.28515625,0.2911111111111111,732,1.0,62,0.96875,0.01912568306010929,0.6379781420765027,0.9841269841269841,0.9139344262295082,0.565524675546448,medium,unclassified
pcgnn_084.txt,True,True,True,0.3447265625,0.35,671,0.9940387481371088,61,0.953125,0.028315946348733235,0.47540983606557374,0.9838709677419355,0.9016393442622951,0.5779208096590909,medium,unclassified
pcgnn_085.txt,True,True,True,0.2607421875,0.2577777777777778,757,1.0,62,0.96875,0.01453104359313078,0.6935270805812418,0.9841269841269841,0.916776750330251,0.5577078775181638,medium,unclassified
pcgnn_086.txt,True,True,True,0.3671875,0.36666666666666664,648,1.0,72,1.125,0.032407407407407406,0.4243827160493827,1.0,0.8873456790123457,0.5997395833333333,medium,unclassified
pcgnn_087.txt,True,True,True,0.296875,0.3011111111111111,720,1.0,62,0.96875,0.019444444444444445,0.5986111111111111,0.9682539682539683,0.9125,0.5688888888888889,medium,unclassified
pcgnn_088.txt,True,True,True,0.2890625,0.29333333333333333,728,0.9931318681318682,62,0.96875,0.020604395604395604,0.6043956043956044,0.9841269841269841,0.9065934065934066,0.5658911401098901,medium,unclassified
pcgnn_089.txt,True,True,True,0.4384765625,0.44222222222222224,575,0.8782608695652174,86,1.34375,0.05217391304347826,0.2,0.9885057471264368,0.7269565217391304,0.6010212296195652,medium,unclassified
pcgnn_090.txt,True,True,True,0.3046875,0.3088888888888889,712,0.9845505617977528,62,0.96875,0.019662921348314606,0.5786516853932584,1.0,0.8960674157303371,0.5688114466292135,medium,unclassified
pcgnn_091.txt,True,True,True,0.32421875,0.33444444444444443,692,0.9855491329479769,62,0.96875,0.02601156069364162,0.5274566473988439,0.9682539682539683,0.8945086705202312,0.575706737716763,medium,unclassified
pcgnn_092.txt,True,True,True,0.408203125,0.4166666666666667,606,0.8663366336633663,67,1.046875,0.04455445544554455,0.29372937293729373,0.9852941176470589,0.7541254125412541,0.594490640470297,medium,unclassified
pcgnn_093.txt,True,True,True,0.3271484375,0.3422222222222222,689,0.9927431059506531,62,0.96875,0.023222060957910014,0.5239477503628447,0.9841269841269841,0.9013062409288825,0.5770473795809143,medium,unclassified
pcgnn_094.txt,True,True,True,0.3515625,0.35333333333333333,664,0.9774096385542169,75,1.171875,0.03313253012048193,0.4397590361445783,0.9868421052631579,0.8629518072289156,0.5915380271084336,medium,unclassified
pcgnn_095.txt,True,True,True,0.41796875,0.4255555555555556,596,0.9395973154362416,121,1.890625,0.0436241610738255,0.25838926174496646,0.9836065573770492,0.7348993288590604,0.5943503565436241,medium,unclassified
pcgnn_096.txt,True,True,True,0.3828125,0.38666666666666666,632,0.9920886075949367,74,1.15625,0.03955696202531646,0.379746835443038,0.9733333333333334,0.8734177215189873,0.6037678006329114,medium,unclassified
pcgnn_097.txt,True,True,True,0.2265625,0.23444444444444446,792,1.0,62,0.96875,0.010101010101010102,0.7525252525252525,1.0,0.9204545454545454,0.5471196338383838,medium,unclassified
pcgnn_098.txt,True,True,True,0.3955078125,0.4122222222222222,619,1.0,86,1.34375,0.029079159935379646,0.3295638126009693,1.0,0.8594507269789984,0.6033857847839257,medium,unclassified
pcgnn_099.txt,True,True,True,0.216796875,0.21888888888888888,802,0.9987531172069826,61,0.953125,0.006234413965087282,0.773067331670823,1.0,0.9214463840399002,0.5380966528990023,medium,unclassified
pcgnn_100.txt,True,True,True,0.2958984375,0.29777777777777775,721,0.9875173370319001,62,0.96875,0.016643550624133148,0.5825242718446602,0.9841269841269841,0.9001386962552012,0.5661815458131068,medium,unclassified
pcgnn_101.txt,True,True,True,0.4267578125,0.44333333333333336,587,0.5911413969335605,74,1.15625,0.039182282793867124,0.2231686541737649,0.9733333333333334,0.46337308347529815,0.5553697628300681,medium,unclassified
pcgnn_102.txt,True,True,True,0.3125,0.31444444444444447,704,0.9928977272727273,61,0.953125,0.024147727272727272,0.5454545454545454,0.9838709677419355,0.9048295454545454,0.5678977272727272,medium,unclassified
pcgnn_103.txt,True,True,True,0.2216796875,0.2288888888888889,797,1.0,62,0.96875,0.012547051442910916,0.7377666248431619,0.9841269841269841,0.9209535759096612,0.5462188529250314,medium,unclassified
pcgnn_104.txt,True,True,True,0.4248046875,0.4255555555555556,589,0.9609507640067911,93,1.453125,0.04584040747028863,0.23938879456706283,0.9787234042553191,0.801358234295416,0.6068132228883701,medium,unclassified
pcgnn_105.txt,True,True,True,0.3974609375,0.4033333333333333,617,0.9983792544570502,86,1.34375,0.03241491085899514,0.3079416531604538,0.9885057471264368,0.8573743922204214,0.6043274222548622,medium,unclassified
pcgnn_106.txt,True,True,True,0.39453125,0.38666666666666666,620,0.9709677419354839,100,1.5625,0.04838709677419355,0.3548387096774194,0.9801980198019802,0.8080645161290323,0.5992464717741935,medium,unclassified
pcgnn_107.txt,True,True,True,0.314453125,0.3211111111111111,702,1.0,62,0.96875,0.024216524216524215,0.5541310541310541,0.9682539682539683,0.9102564102564102,0.5747802038817663,medium,unclassified
pcgnn_108.txt,True,True,True,0.4169921875,0.41888888888888887,597,0.9095477386934674,76,1.1875,0.04020100502512563,0.24120603015075376,0.987012987012987,0.7805695142378559,0.6002232843907035,medium,unclassified
pcgnn_109.txt,True,True,True,0.337890625,0.3433333333333333,678,0.9793510324483776,62,0.96875,0.029498525073746312,0.5162241887905604,0.9682539682539683,0.8864306784660767,0.5792939942846608,medium,unclassified
pcgnn_110.txt,True,True,True,0.21875,0.22555555555555556,800,1.0,62,0.96875,0.0075,0.75,1.0,0.92125,0.5443749999999999,medium,unclassified
pcgnn_111.txt,True,True,True,0.28125,0.28555555555555556,736,0.9972826086956522,62,0.96875,0.024456521739130436,0.6114130434782609,0.9682539682539683,0.9116847826086957,0.5650815217391304,medium,unclassified
pcgnn_112.txt,True,True,True,0.2890625,0.30444444444444446,728,0.9945054945054945,62,0.96875,0.013736263736263736,0.6208791208791209,0.9841269841269841,0.907967032967033,0.5647235576923076,medium,unclassified
pcgnn_113.txt,True,True,True,0.41015625,0.41333333333333333,604,0.9917218543046358,93,1.453125,0.0380794701986755,0.2764900662251656,0.9787234042553191,0.8360927152317881,0.6060766763245033,medium,unclassified
pcgnn_114.txt,True,True,True,0.4091796875,0.41,605,0.9669421487603306,129,2.015625,0.04297520661157025,0.30247933884297523,0.9846153846153847,0.7520661157024794,0.5941588649276859,medium,unclassified
pcgnn_115.txt,True,True,True,0.2705078125,0.2688888888888889,747,1.0,61,0.953125,0.014725568942436412,0.6639892904953146,0.9838709677419355,0.9170013386880856,0.5552414083417001,medium,unclassified
pcgnn_116.txt,True,True,True,0.353515625,0.36444444444444446,662,0.959214501510574,62,0.96875,0.028700906344410877,0.4637462235649547,0.9841269841269841,0.8640483383685801,0.5804646195241692,medium,unclassified
pcgnn_117.txt,True,True,True,0.3125,0.3211111111111111,704,1.0,62,0.96875,0.024147727272727272,0.5482954545454546,1.0,0.9105113636363636,0.57421875,medium,unclassified
pcgnn_118.txt,True,True,True,0.205078125,0.20666666666666667,814,1.0,61,0.953125,0.013513513513513514,0.773955773955774,1.0,0.9238329238329238,0.5363948287776412,medium,unclassified
pcgnn_119.txt,True,True,True,0.2724609375,0.2788888888888889,745,1.0,62,0.96875,0.010738255033557046,0.6187919463087248,1.0,0.9154362416107382,0.5602638684983221,medium,unclassified
pcgnn_120.txt,True,True,True,0.4306640625,0.4266666666666667,583,0.7358490566037735,103,1.609375,0.0548885077186964,0.22126929674099485,0.9807692307692307,0.5574614065180102,0.5737961312714408,medium,unclassified
pcgnn_121.txt,True,True,True,0.421875,0.4222222222222222,592,0.9695945945945946,115,1.796875,0.04560810810810811,0.2533783783783784,0.9827586206896551,0.7736486486486487,0.6017314189189189,medium,unclassified
pcgnn_122.txt,True,True,True,0.2275390625,0.24222222222222223,791,1.0,61,0.953125,0.010113780025284451,0.7319848293299621,1.0,0.9216182048040455,0.5421209554756636,medium,unclassified
pcgnn_123.txt,True,True,True,0.400390625,0.4,614,0.9853420195439739,91,1.421875,0.035830618892508145,0.31433224755700323,0.9891304347826086,0.8355048859934854,0.6026090441775244,medium,unclassified
pcgnn_124.txt,True,True,True,0.369140625,0.3711111111111111,646,0.9953560371517027,69,1.078125,0.030959752321981424,0.4148606811145511,0.9857142857142858,0.8869969040247678,0.5999836735681114,medium,unclassified
pcgnn_125.txt,True,True,True,0.2646484375,0.2777777777777778,753,1.0,62,0.96875,0.009296148738379814,0.650730411686587,0.9841269841269841,0.9163346613545816,0.5577664602008632,medium,unclassified
pcgnn_126.txt,True,True,True,0.3671875,0.37333333333333335,648,0.9953703703703703,62,0.96875,0.027777777777777776,0.4212962962962963,0.9682539682539683,0.8981481481481481,0.5894965277777777,medium,unclassified
pcgnn_127.txt,True,True,True,0.3076171875,0.31444444444444447,709,0.9887165021156559,62,0.96875,0.023977433004231313,0.5627644569816643,0.9682539682539683,0.8998589562764457,0.5711219862923131,medium,unclassified
pcgnn_128.txt,True,True,True,0.3369140625,0.3488888888888889,679,1.0,62,0.96875,0.022091310751104567,0.4845360824742268,0.9682539682539683,0.9072164948453608,0.580637455127025,medium,unclassified
pcgnn_129.txt,True,True,True,0.4072265625,0.4122222222222222,607,0.957166392092257,71,1.109375,0.039538714991762765,0.29489291598023065,0.9861111111111112,0.8385502471169687,0.6058582488158979,medium,unclassified
pcgnn_130.txt,True,True,True,0.220703125,0.2222222222222222,798,1.0,61,0.953125,0.015037593984962405,0.7631578947368421,1.0,0.9223057644110275,0.5411580709586465,medium,unclassified
pcgnn_131.txt,True,True,True,0.392578125,0.4011111111111111,622,0.9823151125401929,102,1.59375,0.03536977491961415,0.31511254019292606,0.9902912621359223,0.8167202572347267,0.5973554310691318,medium,unclassified
pcgnn_132.txt,True,True,True,0.2578125,0.2677777777777778,760,1.0,62,0.96875,0.006578947368421052,0.6697368421052632,1.0,0.9171052631578948,0.5552878289473684,medium,unclassified
pcgnn_133.txt,True,True,True,0.3994140625,0.40444444444444444,615,0.9902439024390244,97,1.515625,0.03577235772357724,0.3154471544715447,0.9795918367346939,0.8308943089430895,0.6016128366361788,medium,unclassified
pcgnn_134.txt,True,True,True,0.25,0.2544444444444444,768,1.0,62,0.96875,0.014322916666666666,0.7018229166666666,1.0,0.91796875,0.5546223958333334,medium,unclassified
pcgnn_135.txt,True,True,True,0.296875,0.29555555555555557,720,0.9944444444444445,62,0.96875,0.020833333333333332,0.5986111111111111,0.9841269841269841,0.9069444444444444,0.5683333333333334,medium,unclassified
pcgnn_136.txt,True,True,True,0.3623046875,0.37222222222222223,653,1.0,62,0.96875,0.02909647779479326,0.42572741194486985,1.0,0.9035222052067381,0.5891015325899693,medium,unclassified
pcgnn_137.txt,True,True,True,0.376953125,0.38666666666666666,638,0.9639498432601881,61,0.953125,0.03605015673981191,0.38557993730407525,0.967741935483871,0.8667711598746082,0.5839053928291535,medium,unclassified
pcgnn_138.txt,True,True,True,0.26171875,0.26555555555555554,756,0.996031746031746,62,0.96875,0.013227513227513227,0.671957671957672,0.9841269841269841,0.9126984126984127,0.5571283895502644,medium,unclassified
pcgnn_139.txt,True,True,True,0.3759765625,0.38666666666666666,639,1.0,67,1.046875,0.03442879499217527,0.405320813771518,0.9705882352941176,0.8935837245696401,0.6037162864338811,medium,unclassified
pcgnn_140.txt,True,True,True,0.380859375,0.38333333333333336,634,0.9842271293375394,77,1.203125,0.04889589905362776,0.3753943217665615,0.9743589743589743,0.861198738170347,0.6032168030362776,medium,unclassified
pcgnn_141.txt,True,True,True,0.3310546875,0.34555555555555556,685,1.0,62,0.96875,0.032116788321167884,0.5138686131386861,0.9682539682539683,0.908029197080292,0.5810066434762773,medium,unclassified
pcgnn_142.txt,True,True,True,0.26953125,0.2777777777777778,748,1.0,62,0.96875,0.016042780748663103,0.643048128342246,0.9841269841269841,0.9157754010695187,0.5604967413101605,medium,unclassified
pcgnn_143.txt,True,True,True,0.3046875,0.30777777777777776,712,0.9985955056179775,62,0.96875,0.019662921348314606,0.5898876404494382,1.0,0.9101123595505618,0.5709181882022472,medium,unclassified
pcgnn_144.txt,True,True,True,0.423828125,0.4288888888888889,590,0.8966101694915254,90,1.40625,0.05254237288135593,0.25084745762711863,0.978021978021978,0.7423728813559322,0.599012844279661,medium,unclassified
pcgnn_145.txt,True,True,True,0.23046875,0.2411111111111111,788,1.0,62,0.96875,0.01649746192893401,0.7449238578680203,0.9841269841269841,0.9200507614213198,0.5495102315989848,medium,unclassified
pcgnn_146.txt,True,True,True,0.3984375,0.39555555555555555,616,0.9659090909090909,100,1.5625,0.04383116883116883,0.3181818181818182,0.9801980198019802,0.801948051948052,0.5985896915584414,medium,unclassified
pcgnn_147.txt,True,True,True,0.3740234375,0.37222222222222223,641,0.8658346333853354,66,1.03125,0.028081123244929798,0.38533541341653665,0.9850746268656716,0.7613104524180967,0.5820198237617005,medium,unclassified
pcgnn_148.txt,True,True,True,0.4365234375,0.4411111111111111,577,0.7850953206239168,106,1.65625,0.05545927209705372,0.1975736568457539,0.9813084112149533,0.5996533795493935,0.5819968926018197,medium,unclassified
pcgnn_149.txt,True,True,True,0.404296875,0.4,610,0.9262295081967213,64,1.0,0.03934426229508197,0.319672131147541,0.9692307692307692,0.819672131147541,0.6021087346311476,medium,unclassified
pcgnn_150.txt,True,True,True,0.21875,0.23,800,1.0,61,0.953125,0.01,0.75,0.9838709677419355,0.9225,0.53959375,medium,unclassified
pcgnn_151.txt,True,True,True,0.2490234375,0.25,769,0.9986996098829649,62,0.96875,0.016905071521456438,0.6788036410923277,0.9682539682539683,0.9167750325097529,0.5546668004307542,medium,unclassified
pcgnn_152.txt,True,True,True,0.2744140625,0.27444444444444444,743,0.9986541049798116,62,0.96875,0.020188425302826378,0.6594885598923284,0.9682539682539683,0.9138627187079408,0.5625038116167564,medium,unclassified
pcgnn_153.txt,True,True,True,0.3955078125,0.40444444444444444,619,1.0,99,1.546875,0.03231017770597738,0.3554119547657512,0.98,0.8384491114701131,0.6008817460117124,medium,unclassified
pcgnn_154.txt,True,True,True,0.365234375,0.37444444444444447,650,0.9676923076923077,62,0.96875,0.036923076923076927,0.4153846153846154,0.9682539682539683,0.8707692307692307,0.5866328125,medium,unclassified
pcgnn_155.txt,True,True,True,0.3798828125,0.38555555555555554,635,1.0,88,1.375,0.03307086614173228,0.3653543307086614,0.9775280898876404,0.8598425196850393,0.5995553949311023,medium,unclassified
pcgnn_156.txt,True,True,True,0.279296875,0.2811111111111111,738,1.0,61,0.953125,0.025745257452574527,0.6476964769647696,0.967741935483871,0.9159891598915989,0.5599302379742548,medium,unclassified
pcgnn_157.txt,True,True,True,0.169921875,0.17888888888888888,850,1.0,61,0.953125,0.001176470588235294,0.8235294117647058,1.0,0.9270588235294117,0.5238644301470587,medium,unclassified
pcgnn_158.txt,True,True,True,0.2763671875,0.27666666666666667,741,0.9986504723346828,62,0.96875,0.021592442645074223,0.6342780026990553,1.0,0.9136302294197031,0.5633356791919703,medium,unclassified
pcgnn_159.txt,True,True,True,0.416015625,0.41444444444444445,598,0.939799331103679,88,1.375,0.0451505016722408,0.2826086956521739,0.9887640449438202,0.7909698996655519,0.602480272784281,medium,unclassified
pcgnn_160.txt,True,True,True,0.3115234375,0.31444444444444447,705,0.9943262411347518,78,1.21875,0.032624113475177303,0.5815602836879432,0.9746835443037974,0.8822695035460993,0.5823222794769503,medium,unclassified
pcgnn_161.txt,True,True,True,0.365234375,0.37666666666666665,650,1.0,96,1.5,0.03076923076923077,0.40615384615384614,0.9896907216494846,0.8507692307692307,0.5933395432692308,medium,unclassified
pcgnn_162.txt,True,True,True,0.3935546875,0.38555555555555554,621,0.9967793880837359,83,1.296875,0.043478260869565216,0.37359098228663445,0.9761904761904762,0.8615136876006442,0.6059891115640096,medium,unclassified
pcgnn_163.txt,True,True,True,0.26953125,0.2722222222222222,748,1.0,61,0.953125,0.016042780748663103,0.6631016042780749,0.9838709677419355,0.9171122994652406,0.5552285260695187,medium,unclassified
pcgnn_164.txt,True,True,True,0.2373046875,0.23777777777777778,781,1.0,62,0.96875,0.014084507042253521,0.7208706786171575,0.9841269841269841,0.9193341869398207,0.5509709356994238,medium,unclassified
pcgnn_165.txt,True,True,True,0.341796875,0.3511111111111111,674,0.9985163204747775,62,0.96875,0.02373887240356083,0.4688427299703264,0.9841269841269841,0.9050445103857567,0.5821060135385756,medium,unclassified
pcgnn_166.txt,True,True,True,0.3935546875,0.3977777777777778,621,0.9581320450885669,87,1.359375,0.043478260869565216,0.35426731078904994,0.9772727272727273,0.8164251207729468,0.599225826539855,medium,unclassified
pcgnn_167.txt,True,True,True,0.3115234375,0.31444444444444447,705,0.9943262411347518,62,0.96875,0.02127659574468085,0.5815602836879432,1.0,0.9049645390070922,0.57251953125,medium,unclassified
pcgnn_168.txt,True,True,True,0.205078125,0.2111111111111111,814,1.0,62,0.96875,0.007371007371007371,0.7714987714987716,1.0,0.9226044226044227,0.5404508023648649,medium,unclassified
pcgnn_169.txt,True,True,True,0.412109375,0.4255555555555556,602,0.9700996677740864,88,1.375,0.03322259136212625,0.2707641196013289,0.9775280898876404,0.8222591362126246,0.6036162012043189,medium,unclassified
pcgnn_170.txt,True,True,True,0.365234375,0.3655555555555556,650,0.9953846153846154,70,1.09375,0.02923076923076923,0.4276923076923077,0.9859154929577465,0.8861538461538462,0.5983395432692307,medium,unclassified
pcgnn_171.txt,True,True,True,0.4326171875,0.43444444444444447,581,0.9810671256454389,129,2.015625,0.055077452667814115,0.24612736660929432,0.9846153846153847,0.7573149741824441,0.6043978929109294,medium,unclassified
pcgnn_172.txt,True,True,True,0.4267578125,0.42777777777777776,587,0.9863713798977853,100,1.5625,0.034071550255536626,0.23850085178875638,0.9900990099009901,0.8143100511073254,0.6069881614672061,medium,unclassified
pcgnn_173.txt,True,True,True,0.373046875,0.38555555555555554,642,1.0,85,1.328125,0.0264797507788162,0.3925233644859813,0.9883720930232558,0.8660436137071651,0.597116554711838,medium,unclassified
pcgnn_174.txt,True,True,True,0.2939453125,0.2966666666666667,723,1.0,62,0.96875,0.027662517289073305,0.5905947441217151,0.9841269841269841,0.9128630705394191,0.5697080577887275,medium,unclassified
pcgnn_175.txt,True,True,True,0.3076171875,0.31,709,0.9943582510578279,62,0.96875,0.019746121297602257,0.5599435825105783,0.9682539682539683,0.9055007052186178,0.5711219862923131,medium,unclassified
pcgnn_176.txt,True,True,True,0.3369140625,0.3388888888888889,679,0.9867452135493373,62,0.96875,0.027982326951399118,0.5095729013254786,0.9841269841269841,0.8939617083946981,0.5798274403994845,medium,unclassified
pcgnn_177.txt,True,True,True,0.330078125,0.32666666666666666,686,1.0,62,0.96875,0.029154518950437316,0.5262390670553936,0.9841269841269841,0.9081632653061225,0.5801413310860057,medium,unclassified
pcgnn_178.txt,True,True,True,0.32421875,0.32666666666666666,692,1.0,62,0.96875,0.028901734104046242,0.5361271676300579,0.9682539682539683,0.9089595375722543,0.5784524024566473,medium,unclassified
pcgnn_179.txt,True,True,True,0.333984375,0.3488888888888889,682,0.8958944281524927,62,0.96875,0.017595307917888565,0.5,0.9841269841269841,0.8035190615835777,0.5633047333211143,medium,unclassified
pcgnn_180.txt,True,True,True,0.28515625,0.29333333333333333,732,0.9972677595628415,62,0.96875,0.017759562841530054,0.6161202185792349,0.9841269841269841,0.9112021857923497,0.5648416154371584,medium,unclassified
pcgnn_181.txt,True,True,True,0.244140625,0.24555555555555555,774,0.9948320413436692,62,0.96875,0.014211886304909561,0.7093023255813954,0.9682539682539683,0.91343669250646,0.5521625686369509,medium,unclassified
pcgnn_182.txt,True,True,True,0.2236328125,0.22777777777777777,795,1.0,61,0.953125,0.00880503144654088,0.7534591194968554,1.0,0.9220125786163522,0.540746486831761,medium,unclassified
pcgnn_183.txt,True,True,True,0.3125,0.32222222222222224,704,1.0,62,0.96875,0.022727272727272728,0.5596590909090909,0.9682539682539683,0.9105113636363636,0.573934659090909,medium,unclassified
pcgnn_184.txt,True,True,True,0.21484375,0.22,804,1.0,62,0.96875,0.011194029850746268,0.7699004975124378,1.0,0.9216417910447762,0.5440006996268656,medium,unclassified
pcgnn_185.txt,True,True,True,0.3408203125,0.3466666666666667,675,1.0,62,0.96875,0.035555555555555556,0.49925925925925924,0.9841269841269841,0.9066666666666666,0.5844197048611111,medium,unclassified
pcgnn_186.txt,True,True,True,0.2919921875,0.29888888888888887,725,1.0,62,0.96875,0.022068965517241378,0.6027586206896551,0.9682539682539683,0.9131034482758621,0.5680394665948275,medium,unclassified
pcgnn_187.txt,True,True,True,0.28515625,0.29,732,1.0,62,0.96875,0.015027322404371584,0.605191256830601,0.9841269841269841,0.9139344262295082,0.5647050034153005,medium,unclassified
pcgnn_188.txt,True,True,True,0.423828125,0.4177777777777778,590,0.9474576271186441,95,1.484375,0.04576271186440678,0.2593220338983051,0.9791666666666666,0.7847457627118644,0.604012844279661,medium,unclassified
pcgnn_189.txt,True,True,True,0.375,0.38222222222222224,640,0.940625,99,1.546875,0.028125,0.3828125,0.99,0.784375,0.5857812499999999,medium,unclassified
pcgnn_190.txt,True,True,True,0.1943359375,0.1922222222222222,825,1.0,62,0.96875,0.007272727272727273,0.793939393939394,1.0,0.9236363636363636,0.53736328125,medium,unclassified
pcgnn_191.txt,True,True,True,0.263671875,0.27,754,0.9986737400530504,62,0.96875,0.021220159151193633,0.6803713527851459,0.9841269841269841,0.9151193633952255,0.5596759988395226,medium,unclassified
pcgnn_192.txt,True,True,True,0.3291015625,0.3377777777777778,687,1.0,62,0.96875,0.018922852983988356,0.5152838427947598,0.9841269841269841,0.9082969432314411,0.5778220808315138,medium,unclassified
pcgnn_193.txt,True,True,True,0.375,0.3811111111111111,640,0.984375,61,0.953125,0.0375,0.3703125,0.967741935483871,0.8875,0.58671875,medium,unclassified
pcgnn_194.txt,True,True,True,0.3369140625,0.3433333333333333,679,1.0,62,0.96875,0.030927835051546393,0.4683357879234168,0.9841269841269841,0.9072164948453608,0.5824047599871134,medium,unclassified
pcgnn_195.txt,True,True,True,0.2021484375,0.20222222222222222,817,0.9987760097919217,62,0.96875,0.01346389228886169,0.8017135862913096,1.0,0.9216646266829865,0.5406495037102202,medium,unclassified
pcgnn_196.txt,True,True,True,0.1943359375,0.19666666666666666,825,1.0,61,0.953125,0.012121212121212121,0.8084848484848485,1.0,0.9248484848484848,0.5330460464015151,medium,unclassified
pcgnn_197.txt,True,True,True,0.345703125,0.34,670,0.9985074626865672,62,0.96875,0.034328358208955224,0.5059701492537313,0.9841269841269841,0.9044776119402985,0.5853107509328358,medium,unclassified
pcgnn_198.txt,True,True,True,0.2470703125,0.25555555555555554,771,0.9987029831387808,62,0.96875,0.01297016861219196,0.7120622568093385,0.9841269841269841,0.9169909208819714,0.5533262656047341,medium,unclassified
pcgnn_199.txt,True,True,True,0.302734375,0.3111111111111111,714,0.9971988795518207,62,0.96875,0.02100840336134454,0.5742296918767507,0.9682539682539683,0.9089635854341737,0.570429030987395,medium,unclassified
pcgnn_200.txt,True,True,True,0.1630859375,0.1688888888888889,857,1.0,62,0.96875,0.007001166861143524,0.8541423570595099,0.9841269841269841,0.926487747957993,0.5283616768159277,medium,unclassified
pcgnn_201.txt,True,True,True,0.3974609375,0.40444444444444444,617,0.9675850891410048,62,0.96875,0.04213938411669368,0.3354943273905997,0.9682539682539683,0.8654781199351702,0.5965503760636142,medium,unclassified
pcgnn_202.txt,True,True,True,0.279296875,0.28444444444444444,738,1.0,62,0.96875,0.017615176151761516,0.6422764227642277,1.0,0.9146341463414634,0.5635697196815719,medium,unclassified
pcgnn_203.txt,True,True,True,0.361328125,0.3711111111111111,654,1.0,89,1.390625,0.0290519877675841,0.41743119266055045,0.9888888888888889,0.8623853211009175,0.5935666332186544,medium,unclassified
pcgnn_204.txt,True,True,True,0.3916015625,0.39666666666666667,623,0.9791332263242376,62,0.96875,0.03531300160513644,0.33868378812199035,0.9841269841269841,0.8780096308186196,0.5953070136938202,medium,unclassified
pcgnn_205.txt,True,True,True,0.3828125,0.3933333333333333,632,1.0,80,1.25,0.028481012658227847,0.3813291139240506,0.9753086419753086,0.8718354430379747,0.6013152689873418,medium,unclassified
pcgnn_206.txt,True,True,True,0.181640625,0.17888888888888888,838,1.0,62,0.96875,0.00954653937947494,0.8174224343675418,1.0,0.9248210023866349,0.5341871457338903,medium,unclassified
pcgnn_207.txt,True,True,True,0.26171875,0.27111111111111114,756,1.0,62,0.96875,0.013227513227513227,0.6746031746031746,0.9841269841269841,0.9166666666666666,0.5577236276455025,medium,unclassified
pcgnn_208.txt,True,True,True,0.21484375,0.22111111111111112,804,1.0,62,0.96875,0.009950248756218905,0.7723880597014925,0.9682539682539683,0.9216417910447762,0.5437519434079602,medium,unclassified
pcgnn_209.txt,True,True,True,0.24609375,0.24666666666666667,772,1.0,61,0.953125,0.018134715025906734,0.6968911917098446,0.9838709677419355,0.9196891191709845,0.5490021858808289,medium,unclassified
pcgnn_210.txt,True,True,True,0.3642578125,0.37,651,0.9938556067588326,79,1.234375,0.03840245775729647,0.423963133640553,0.975,0.8709677419354839,0.5976029965917818,medium,unclassified
pcgnn_211.txt,True,True,True,0.1904296875,0.19333333333333333,829,1.0,62,0.96875,0.009650180940892641,0.8009650180940893,1.0,0.9240048250904704,0.5367221662017491,medium,unclassified
pcgnn_212.txt,True,True,True,0.388671875,0.3888888888888889,626,0.9952076677316294,115,1.796875,0.04153354632587859,0.36421725239616615,0.9827586206896551,0.8099041533546326,0.5963938947683706,medium,unclassified
pcgnn_213.txt,True,True,True,0.2900390625,0.2966666666666667,727,1.0,61,0.953125,0.02200825309491059,0.6231086657496562,0.9838709677419355,0.9147180192572214,0.5622148222575652,medium,unclassified
pcgnn_214.txt,True,True,True,0.2890625,0.3011111111111111,728,0.9972527472527473,61,0.953125,0.017857142857142856,0.6181318681318682,0.9838709677419355,0.9120879120879121,0.5606971153846153,medium,unclassified
pcgnn_215.txt,True,True,True,0.39453125,0.39222222222222225,620,0.9983870967741936,62,0.96875,0.043548387096774194,0.34838709677419355,0.9682539682539683,0.896774193548387,0.6006476814516128,medium,unclassified
pcgnn_216.txt,True,True,True,0.310546875,0.3233333333333333,706,1.0,62,0.96875,0.0113314447592068,0.5552407932011332,0.9841269841269841,0.9107648725212465,0.5711075823300282,medium,unclassified
pcgnn_217.txt,True,True,True,0.2529296875,0.25,765,1.0,62,0.96875,0.02091503267973856,0.6823529411764706,0.9682539682539683,0.9176470588235294,0.5567714716094772,medium,unclassified
pcgnn_218.txt,True,True,True,0.3388671875,0.33444444444444443,677,0.9778434268833087,62,0.96875,0.033973412112259974,0.49039881831610044,0.9841269841269841,0.8847858197932054,0.5802352116414328,medium,unclassified
pcgnn_219.txt,True,True,True,0.4384765625,0.43666666666666665,575,0.9356521739130435,100,1.5625,0.05217391304347826,0.21217391304347827,0.9801980198019802,0.76,0.6059777513586956,medium,unclassified
pcgnn_220.txt,True,True,True,0.3173828125,0.3088888888888889,699,1.0,62,0.96875,0.024320457796852647,0.5665236051502146,0.9841269841269841,0.9098712446351931,0.5756221220046495,medium,unclassified
pcgnn_221.txt,True,True,True,0.3916015625,0.4022222222222222,623,0.9101123595505618,66,1.03125,0.033707865168539325,0.35152487961476725,0.9850746268656716,0.8025682182985554,0.5946072745284912,medium,unclassified
pcgnn_222.txt,True,True,True,0.4052734375,0.4066666666666667,609,0.9244663382594417,95,1.484375,0.041050903119868636,0.31527093596059114,0.9895833333333334,0.7668308702791461,0.5948168424158456,medium,unclassified
pcgnn_223.txt,True,True,True,0.2900390625,0.29,727,0.9986244841815681,62,0.96875,0.02200825309491059,0.6272352132049519,0.9682539682539683,0.9119669876203577,0.5672709175120357,medium,unclassified
pcgnn_224.txt,True,True,True,0.302734375,0.30444444444444446,714,1.0,61,0.953125,0.01680672268907563,0.5952380952380952,0.9838709677419355,0.9131652661064426,0.5647501969537815,medium,unclassified
pcgnn_225.txt,True,True,True,0.28515625,0.2822222222222222,732,1.0,62,0.96875,0.02459016393442623,0.6270491803278688,1.0,0.9139344262295082,0.5666175717213114,medium,unclassified
pcgnn_226.txt,True,True,True,0.3544921875,0.3622222222222222,661,0.983358547655068,80,1.25,0.030257186081694403,0.4462934947049924,0.9753086419753086,0.8608169440242057,0.5915216350699697,medium,unclassified
pcgnn_227.txt,True,True,True,0.421875,0.43,592,0.9155405405405406,111,1.734375,0.04222972972972973,0.28040540540540543,0.9821428571428571,0.7263513513513513,0.5939611486486487,medium,unclassified
pcgnn_228.txt,True,True,True,0.3408203125,0.3422222222222222,675,0.9881481481481481,69,1.078125,0.02962962962962963,0.5155555555555555,0.9857142857142858,0.8844444444444445,0.5908386863425925,medium,unclassified
pcgnn_229.txt,True,True,True,0.326171875,0.3377777777777778,690,1.0,62,0.96875,0.015942028985507246,0.4971014492753623,1.0,0.908695652173913,0.5764068161231883,medium,unclassified
pcgnn_230.txt,True,True,True,0.185546875,0.19111111111111112,834,1.0,62,0.96875,0.004796163069544364,0.8213429256594724,1.0,0.9244604316546763,0.5343548598621103,medium,unclassified
pcgnn_231.txt,True,True,True,0.3984375,0.4011111111111111,616,0.9918831168831169,92,1.4375,0.04220779220779221,0.32305194805194803,0.978494623655914,0.8409090909090909,0.604109172077922,medium,unclassified
pcgnn_232.txt,True,True,True,0.3896484375,0.39555555555555555,625,0.9792,73,1.140625,0.0304,0.3584,0.9864864864864865,0.8608,0.6020945312499999,medium,unclassified
pcgnn_233.txt,True,True,True,0.259765625,0.2644444444444444,758,1.0,62,0.96875,0.023746701846965697,0.6767810026385225,0.9682539682539683,0.91688654353562,0.5592745093997361,medium,unclassified
pcgnn_234.txt,True,True,True,0.4345703125,0.44222222222222224,579,0.92573402417962,142,2.21875,0.046632124352331605,0.22797927461139897,0.986013986013986,0.6787564766839378,0.591510990123057,medium,unclassified
pcgnn_235.txt,True,True,True,0.4033203125,0.41444444444444445,611,1.0,84,1.3125,0.04582651391162029,0.3142389525368249,0.9764705882352941,0.8608837970540099,0.6092939660904255,medium,unclassified
pcgnn_236.txt,True,True,True,0.4326171875,0.43666666666666665,581,0.8623063683304647,125,1.953125,0.039586919104991396,0.2099827882960413,0.9920634920634921,0.6454388984509466,0.5845183748386402,medium,unclassified
pcgnn_237.txt,True,True,True,0.369140625,0.38,646,0.9736842105263158,62,0.96875,0.032507739938080496,0.3993808049535604,0.9682539682539683,0.8761609907120743,0.5877303840944272,medium,unclassified
pcgnn_238.txt,True,True,True,0.2861328125,0.2911111111111111,731,0.9986320109439124,62,0.96875,0.017783857729138167,0.6032831737346102,0.9841269841269841,0.9124487004103967,0.5653264203573871,medium,unclassified
pcgnn_239.txt,True,True,True,0.38671875,0.39111111111111113,628,0.9856687898089171,88,1.375,0.028662420382165606,0.3662420382165605,0.9887640449438202,0.8439490445859873,0.5983404657643312,medium,unclassified
pcgnn_240.txt,True,True,True,0.2333984375,0.24666666666666667,785,1.0,61,0.953125,0.011464968152866241,0.7375796178343949,0.9838709677419355,0.9210191082802548,0.5440591411226114,medium,unclassified
pcgnn_241.txt,True,True,True,0.3310546875,0.33444444444444443,685,1.0,61,0.953125,0.026277372262773723,0.5240875912408759,0.9838709677419355,0.9094890510948905,0.5745889883667883,medium,unclassified
pcgnn_242.txt,True,True,True,0.4072265625,0.41333333333333333,607,0.9917627677100495,109,1.703125,0.039538714991762765,0.2915980230642504,0.9818181818181818,0.8105436573311368,0.601657260348023,medium,unclassified
pcgnn_243.txt,True,True,True,0.4072265625,0.42,607,0.9341021416803954,116,1.8125,0.03789126853377265,0.2701812191103789,0.9914529914529915,0.7413509060955519,0.5909488583710873,medium,unclassified
pcgnn_244.txt,True,True,True,0.2763671875,0.2833333333333333,741,1.0,62,0.96875,0.018893387314439947,0.6518218623481782,0.9682539682539683,0.9149797570850202,0.562998297275641,medium,unclassified
pcgnn_245.txt,True,True,True,0.330078125,0.3433333333333333,686,0.9912536443148688,62,0.96875,0.026239067055393587,0.49416909620991256,1.0,0.8994169096209913,0.5782462873542273,medium,unclassified
pcgnn_246.txt,True,True,True,0.23828125,0.24666666666666667,780,1.0,62,0.96875,0.007692307692307693,0.7166666666666667,1.0,0.9192307692307692,0.549969951923077,medium,unclassified
pcgnn_247.txt,True,True,True,0.2265625,0.22666666666666666,792,1.0,62,0.96875,0.011363636363636364,0.7487373737373737,0.9841269841269841,0.9204545454545454,0.5473721590909091,medium,unclassified
pcgnn_248.txt,True,True,True,0.4130859375,0.41444444444444445,601,0.9633943427620633,112,1.75,0.03993344425956739,0.30615640599001664,1.0,0.7753743760399334,0.5982186265079035,medium,unclassified
pcgnn_249.txt,True,True,True,0.3896484375,0.39222222222222225,625,0.992,61,0.953125,0.04,0.3488,0.967741935483871,0.8928,0.59240828125,medium,unclassified
pcgnn_250.txt,True,True,True,0.3330078125,0.3422222222222222,683,1.0,62,0.96875,0.027818448023426062,0.5109809663250366,0.9682539682539683,0.9077598828696926,0.5806925157851391,medium,unclassified
pcgnn_251.txt,True,True,True,0.390625,0.3977777777777778,624,1.0,79,1.234375,0.030448717948717948,0.3605769230769231,0.9875,0.8717948717948718,0.6040464743589743,medium,unclassified
pcgnn_252.txt,True,True,True,0.419921875,0.4177777777777778,594,0.9057239057239057,116,1.8125,0.04377104377104377,0.2676767676767677,0.9829059829059829,0.7087542087542088,0.5910439025673401,medium,unclassified
pcgnn_253.txt,True,True,True,0.369140625,0.36,646,0.9705882352941176,71,1.109375,0.021671826625386997,0.43962848297213625,0.9861111111111112,0.8591331269349846,0.593946521865325,medium,unclassified
pcgnn_254.txt,True,True,True,0.24609375,0.24666666666666667,772,1.0,62,0.96875,0.014248704663212436,0.7124352331606217,0.9841269841269841,0.9183937823834197,0.5534994332901554,medium,unclassified
pcgnn_255.txt,True,True,True,0.4404296875,0.43666666666666665,573,0.9458987783595113,112,1.75,0.05235602094240838,0.20418848167539266,0.9823008849557522,0.7486910994764397,0.6049037753599475,medium,unclassified
pcgnn_256.txt,True,True,True,0.3779296875,0.3811111111111111,637,0.9356357927786499,62,0.96875,0.03610675039246468,0.3626373626373626,0.9682539682539683,0.8367346938775511,0.5851729604101256,medium,unclassified
pcgnn_257.txt,True,True,True,0.3017578125,0.30444444444444446,715,1.0,61,0.953125,0.025174825174825177,0.5958041958041959,0.967741935483871,0.9132867132867133,0.566149065777972,medium,unclassified
pcgnn_258.txt,True,True,True,0.40234375,0.41,612,0.9869281045751634,116,1.8125,0.03104575163398693,0.30392156862745096,1.0,0.795751633986928,0.5962750204248366,medium,unclassified
pcgnn_259.txt,True,True,True,0.4130859375,0.41333333333333333,601,0.9883527454242929,70,1.09375,0.04658901830282862,0.2579034941763727,0.971830985915493,0.870216306156406,0.6137760308340265,medium,unclassified
pcgnn_260.txt,True,True,True,0.32421875,0.33444444444444443,692,0.9985549132947977,62,0.96875,0.02167630057803468,0.5072254335260116,0.9682539682539683,0.9075144508670521,0.5767905527456647,medium,unclassified
pcgnn_261.txt,True,True,True,0.2138671875,0.21444444444444444,805,1.0,62,0.96875,0.009937888198757764,0.7552795031055901,0.9841269841269841,0.9217391304347826,0.5434711034549689,medium,unclassified
pcgnn_262.txt,True,True,True,0.3642578125,0.36666666666666664,651,0.9953917050691244,98,1.53125,0.03225806451612903,0.4116743471582181,0.9797979797979798,0.8433179723502304,0.5922266525057603,medium,unclassified
pcgnn_263.txt,True,True,True,0.3896484375,0.4,625,0.9888,79,1.234375,0.0416,0.3568,0.975,0.8608,0.6043345312499999,medium,unclassified
pcgnn_264.txt,True,True,True,0.3369140625,0.3411111111111111,679,0.9882179675994109,62,0.96875,0.03240058910162003,0.49779086892488955,0.9682539682539683,0.8954344624447718,0.5809320059370398,medium,unclassified
pcgnn_265.txt,True,True,True,0.279296875,0.2811111111111111,738,1.0,62,0.96875,0.02168021680216802,0.6368563685636857,0.9841269841269841,0.9146341463414634,0.5643827278116531,medium,unclassified
pcgnn_266.txt,True,True,True,0.4150390625,0.4166666666666667,599,0.998330550918197,99,1.546875,0.045075125208681135,0.27879799666110183,0.98,0.8313856427378965,0.6082345902024207,medium,unclassified
pcgnn_267.txt,True,True,True,0.392578125,0.39,622,0.9967845659163987,93,1.453125,0.03858520900321544,0.33440514469453375,0.9787234042553191,0.8456591639871383,0.6023393538987138,medium,unclassified
pcgnn_268.txt,True,True,True,0.439453125,0.4388888888888889,574,0.8972125435540069,130,2.03125,0.04529616724738676,0.22125435540069685,0.9847328244274809,0.6689895470383276,0.5912436030052265,medium,unclassified
pcgnn_269.txt,True,True,True,0.4111328125,0.4177777777777778,603,0.9917081260364843,105,1.640625,0.04643449419568822,0.29187396351575456,0.9811320754716981,0.8159203980099502,0.6050148022906301,medium,unclassified
pcgnn_270.txt,True,True,True,0.1904296875,0.19111111111111112,829,1.0,62,0.96875,0.010856453558504222,0.7876960193003619,1.0,0.9240048250904704,0.5369634207252714,medium,unclassified
pcgnn_271.txt,True,True,True,0.37109375,0.3877777777777778,644,0.9627329192546584,93,1.453125,0.03260869565217391,0.38198757763975155,0.9787234042553191,0.8167701863354038,0.5903653920807453,medium,unclassified
pcgnn_272.txt,True,True,True,0.4013671875,0.40444444444444444,613,0.9575856443719413,79,1.234375,0.04241435562805873,0.3278955954323002,0.9875,0.8270799347471451,0.6029550175876834,medium,unclassified
pcgnn_273.txt,True,True,True,0.2421875,0.25222222222222224,776,1.0,62,0.96875,0.011597938144329897,0.7242268041237113,0.9841269841269841,0.9188144329896907,0.5518605025773196,medium,unclassified
pcgnn_274.txt,True,True,True,0.2275390625,0.2288888888888889,791,1.0,62,0.96875,0.011378002528445006,0.7256637168141593,1.0,0.9203539823008849,0.5476529166008217,medium,unclassified
pcgnn_275.txt,True,True,True,0.34765625,0.35777777777777775,668,0.9790419161676647,61,0.953125,0.02245508982035928,0.48502994011976047,0.967741935483871,0.8862275449101796,0.5753157747005988,medium,unclassified
pcgnn_276.txt,True,True,True,0.310546875,0.31444444444444447,706,1.0,62,0.96875,0.026912181303116147,0.5722379603399433,0.9841269841269841,0.9107648725212465,0.5742237296388102,medium,unclassified
pcgnn_277.txt,True,True,True,0.279296875,0.2822222222222222,738,1.0,62,0.96875,0.02032520325203252,0.6246612466124661,0.9682539682539683,0.9146341463414634,0.5641117251016261,medium,unclassified
pcgnn_278.txt,True,True,True,0.2373046875,0.2477777777777778,781,1.0,62,0.96875,0.014084507042253521,0.7580025608194623,0.9841269841269841,0.9193341869398207,0.5509709356994238,medium,unclassified
pcgnn_279.txt,True,True,True,0.4130859375,0.4166666666666667,601,0.9900166389351082,89,1.390625,0.04159733777038269,0.31281198003327787,0.9888888888888889,0.8402662229617305,0.608285182248336,medium,unclassified
pcgnn_280.txt,True,True,True,0.29296875,0.29555555555555557,724,1.0,61,0.953125,0.019337016574585635,0.6035911602209945,1.0,0.914364640883978,0.5625064744475138,medium,unclassified
pcgnn_281.txt,True,True,True,0.28125,0.2822222222222222,736,0.9945652173913043,61,0.953125,0.021739130434782608,0.6345108695652174,0.967741935483871,0.9103260869565217,0.5588654891304347,medium,unclassified
pcgnn_282.txt,True,True,True,0.40234375,0.41333333333333333,612,0.9901960784313726,102,1.59375,0.04084967320261438,0.2875816993464052,0.9805825242718447,0.8218954248366013,0.602157373366013,medium,unclassified
pcgnn_283.txt,True,True,True,0.328125,0.3233333333333333,688,0.9883720930232558,62,0.96875,0.030523255813953487,0.5130813953488372,0.9841269841269841,0.8968023255813954,0.578125,medium,unclassified
pcgnn_284.txt,True,True,True,0.3662109375,0.3688888888888889,649,0.9830508474576272,62,0.96875,0.029275808936825885,0.4437596302003082,0.9682539682539683,0.8859784283513097,0.5876777072900616,medium,unclassified
pcgnn_285.txt,True,True,True,0.3681640625,0.37555555555555553,647,1.0,61,0.953125,0.03554868624420402,0.43894899536321486,0.967741935483871,0.9041731066460588,0.5867786719957495,medium,unclassified
pcgnn_286.txt,True,True,True,0.3017578125,0.30444444444444446,715,1.0,61,0.953125,0.023776223776223775,0.5916083916083916,1.0,0.9132867132867133,0.5658693454982517,medium,unclassified
pcgnn_287.txt,True,True,True,0.349609375,0.3566666666666667,666,0.990990990990991,62,0.96875,0.03303303303303303,0.47147147147147145,0.9841269841269841,0.8963963963963963,0.585011378566066,medium,unclassified
pcgnn_288.txt,True,True,True,0.173828125,0.18333333333333332,846,1.0,62,0.96875,0.004728132387706856,0.8297872340425532,0.9841269841269841,0.925531914893617,0.5309863512115839,medium,unclassified
pcgnn_289.txt,True,True,True,0.3857421875,0.4011111111111111,629,1.0,64,1.0,0.033386327503974564,0.3672496025437202,0.9692307692307692,0.8966613672496025,0.6068991268382352,medium,unclassified
pcgnn_290.txt,True,True,True,0.4208984375,0.42444444444444446,593,0.9713322091062394,84,1.3125,0.045531197301854974,0.2782462057335582,0.9764705882352941,0.8279932546374368,0.6095747589059864,medium,unclassified
pcgnn_291.txt,True,True,True,0.40234375,0.41,612,0.9950980392156863,90,1.40625,0.032679738562091505,0.2957516339869281,0.989010989010989,0.8464052287581699,0.6041998570261438,medium,unclassified
pcgnn_292.txt,True,True,True,0.41015625,0.4077777777777778,604,0.8675496688741722,99,1.546875,0.039735099337748346,0.34105960264900664,0.99,0.7019867549668874,0.5862919081125827,medium,unclassified
pcgnn_293.txt,True,True,True,0.3271484375,0.33444444444444443,689,0.9854862119013063,66,1.03125,0.02177068214804064,0.5283018867924528,0.9850746268656716,0.888243831640058,0.5857352424256168,medium,unclassified
pcgnn_294.txt,True,True,True,0.427734375,0.44,586,0.8071672354948806,101,1.578125,0.03924914675767918,0.22013651877133106,0.9803921568627451,0.6331058020477816,0.581136012158703,medium,unclassified
pcgnn_295.txt,True,True,True,0.37890625,0.39444444444444443,636,0.9874213836477987,88,1.375,0.03930817610062893,0.3742138364779874,0.9775280898876404,0.8474842767295597,0.5986561517295597,medium,unclassified
pcgnn_296.txt,True,True,True,0.3193359375,0.32666666666666666,697,0.9956958393113343,61,0.953125,0.02295552367288379,0.5279770444763271,0.967741935483871,0.9067431850789096,0.5699971137464132,medium,unclassified
pcgnn_297.txt,True,True,True,0.400390625,0.39555555555555555,614,1.0,82,1.28125,0.03745928338762215,0.31921824104234525,0.9879518072289156,0.8648208469055375,0.607332171213355,medium,unclassified
pcgnn_298.txt,True,True,True,0.3251953125,0.32666666666666666,691,1.0,62,0.96875,0.020260492040520984,0.5412445730824892,0.9682539682539683,0.9088277858176556,0.5769973600307525,medium,unclassified
pcgnn_299.txt,True,True,True,0.2060546875,0.2088888888888889,813,1.0,62,0.96875,0.004920049200492005,0.7675276752767528,1.0,0.922509225092251,0.540239299853936,medium,unclassified
pcgnn_300.txt,True,True,True,0.4375,0.4311111111111111,576,0.9878472222222222,127,1.984375,0.04861111111111111,0.2326388888888889,0.984375,0.765625,0.6058159722222222,medium,unclassified
pcgnn_301.txt,True,True,True,0.2705078125,0.2722222222222222,747,1.0,62,0.96875,0.012048192771084338,0.6546184738955824,1.0,0.9156626506024096,0.5599738798945783,medium,unclassified
pcgnn_302.txt,True,True,True,0.2919921875,0.29444444444444445,725,1.0,62,0.96875,0.022068965517241378,0.6358620689655172,0.9841269841269841,0.9131034482758621,0.5680394665948275,medium,unclassified
pcgnn_303.txt,True,True,True,0.322265625,0.33555555555555555,694,1.0,62,0.96875,0.024495677233429394,0.5144092219020173,0.9841269841269841,0.909221902017291,0.5770246082492795,medium,unclassified
pcgnn_304.txt,True,True,True,0.36328125,0.36333333333333334,652,0.995398773006135,62,0.96875,0.04141104294478527,0.455521472392638,0.9682539682539683,0.8987730061349694,0.5911450345092024,medium,unclassified
pcgnn_305.txt,True,True,True,0.3173828125,0.32222222222222224,699,1.0,62,0.96875,0.022889842632331903,0.547925608011445,0.9841269841269841,0.9098712446351931,0.5753359989717453,medium,unclassified
pcgnn_306.txt,True,True,True,0.25,0.26222222222222225,768,1.0,62,0.96875,0.013020833333333334,0.69921875,0.9682539682539683,0.91796875,0.5543619791666667,medium,unclassified
pcgnn_307.txt,True,True,True,0.189453125,0.18444444444444444,830,0.9987951807228915,62,0.96875,0.007228915662650603,0.8024096385542169,1.0,0.9228915662650602,0.5357779555722891,medium,unclassified
pcgnn_308.txt,True,True,True,0.2744140625,0.28444444444444444,743,1.0,62,0.96875,0.010767160161507403,0.6366083445491252,1.0,0.9152086137281292,0.5608214428415209,medium,unclassified
pcgnn_309.txt,True,True,True,0.353515625,0.3566666666666667,662,0.9924471299093656,62,0.96875,0.03172205438066465,0.44410876132930516,0.9841269841269841,0.8972809667673716,0.5860537433912386,medium,unclassified
pcgnn_310.txt,True,True,True,0.236328125,0.2311111111111111,782,1.0,62,0.96875,0.014066496163682864,0.7442455242966752,1.0,0.9194373401534527,0.5506898377557544,medium,unclassified
pcgnn_311.txt,True,True,True,0.2568359375,0.2644444444444444,761,0.9986859395532195,62,0.96875,0.009198423127463863,0.6741130091984231,0.9841269841269841,0.9159001314060446,0.5553379855863995,medium,unclassified
pcgnn_312.txt,True,True,True,0.23046875,0.23222222222222222,788,1.0,62,0.96875,0.008883248730964468,0.7081218274111675,1.0,0.9200507614213198,0.5479873889593909,medium,unclassified
pcgnn_313.txt,True,True,True,0.2724609375,0.2822222222222222,745,1.0,62,0.96875,0.009395973154362415,0.6604026845637584,0.9682539682539683,0.9154362416107382,0.5599954121224832,medium,unclassified
pcgnn_314.txt,True,True,True,0.3876953125,0.39444444444444443,627,0.9808612440191388,62,0.96875,0.03349282296650718,0.3524720893141946,0.9841269841269841,0.8803827751196173,0.5941270746112439,medium,unclassified
pcgnn_315.txt,True,True,True,0.419921875,0.43666666666666665,594,0.9983164983164983,95,1.484375,0.037037037037037035,0.2255892255892256,0.9895833333333334,0.8367003367003367,0.608889020412458,medium,unclassified
pcgnn_316.txt,True,True,True,0.2236328125,0.2311111111111111,795,0.9987421383647799,62,0.96875,0.011320754716981131,0.759748427672956,1.0,0.919496855345912,0.546341022995283,medium,unclassified
pcgnn_317.txt,True,True,True,0.3173828125,0.32222222222222224,699,1.0,62,0.96875,0.02145922746781116,0.5393419170243204,0.9841269841269841,0.9098712446351931,0.5750498759388412,medium,unclassified
pcgnn_318.txt,True,True,True,0.3349609375,0.3377777777777778,681,1.0,61,0.953125,0.02936857562408223,0.5110132158590308,0.967741935483871,0.908957415565345,0.5762993587096181,medium,unclassified
pcgnn_319.txt,True,True,True,0.2197265625,0.22555555555555556,799,1.0,62,0.96875,0.010012515644555695,0.7521902377972466,0.9841269841269841,0.9211514392991239,0.5451556877737798,medium,unclassified
pcgnn_320.txt,True,True,True,0.3271484375,0.33666666666666667,689,0.9898403483309144,62,0.96875,0.026124818577648767,0.4949201741654572,0.9682539682539683,0.8984034833091437,0.5771925174619013,medium,unclassified
pcgnn_321.txt,True,True,True,0.400390625,0.4033333333333333,614,0.9788273615635179,108,1.6875,0.043973941368078175,0.3257328990228013,0.981651376146789,0.8013029315960912,0.5991074155130293,medium,unclassified
pcgnn_322.txt,True,True,True,0.2978515625,0.31444444444444447,719,1.0,62,0.96875,0.011126564673157162,0.5465924895688457,0.9841269841269841,0.9123783031988874,0.5675000271644645,medium,unclassified
pcgnn_323.txt,True,True,True,0.24609375,0.25,772,1.0,61,0.953125,0.014248704663212436,0.7215025906735751,0.9838709677419355,0.9196891191709845,0.5482249838082901,medium,unclassified
pcgnn_324.txt,True,True,True,0.2421875,0.2477777777777778,776,1.0,62,0.96875,0.007731958762886598,0.7048969072164949,0.9841269841269841,0.9188144329896907,0.5510873067010309,medium,unclassified
pcgnn_325.txt,True,True,True,0.2822265625,0.2833333333333333,735,1.0,62,0.96875,0.01904761904761905,0.6299319727891156,0.9682539682539683,0.9142857142857143,0.5646828497023809,medium,unclassified
pcgnn_326.txt,True,True,True,0.416015625,0.4166666666666667,598,0.9665551839464883,109,1.703125,0.048494983277591976,0.25418060200668896,0.9818181818181818,0.782608695652174,0.6018949885033444,medium,unclassified
pcgnn_327.txt,True,True,True,0.3818359375,0.38333333333333336,633,0.995260663507109,64,1.0,0.036334913112164295,0.38388625592417064,0.9692307692307692,0.8925750394944708,0.6057040197966035,medium,unclassified
pcgnn_328.txt,True,True,True,0.39453125,0.40444444444444444,620,0.95,89,1.390625,0.037096774193548385,0.3387096774193548,0.9777777777777777,0.8048387096774193,0.5965045362903225,medium,unclassified
pcgnn_329.txt,True,True,True,0.31640625,0.3244444444444444,700,1.0,62,0.96875,0.02142857142857143,0.5414285714285715,0.9682539682539683,0.91,0.5747700892857143,medium,unclassified
pcgnn_330.txt,True,True,True,0.251953125,0.2577777777777778,766,1.0,62,0.96875,0.016971279373368148,0.6723237597911227,0.9841269841269841,0.9177545691906005,0.5557058787532636,medium,unclassified
pcgnn_331.txt,True,True,True,0.2958984375,0.30666666666666664,721,1.0,61,0.953125,0.020804438280166437,0.5839112343966713,0.9838709677419355,0.9140083217753121,0.5636254171723301,medium,unclassified
pcgnn_332.txt,True,True,True,0.3955078125,0.39444444444444443,619,0.9773828756058158,95,1.484375,0.030694668820678513,0.3360258481421648,0.9791666666666666,0.8222940226171244,0.5981353809067044,medium,unclassified
pcgnn_333.txt,True,True,True,0.3212890625,0.3233333333333333,695,0.9971223021582734,103,1.609375,0.025899280575539568,0.5237410071942447,0.9807692307692307,0.8474820143884892,0.5786888770233812,medium,unclassified
pcgnn_334.txt,True,True,True,0.2978515625,0.3022222222222222,719,1.0,62,0.96875,0.02642559109874826,0.5910987482614742,0.9682539682539683,0.9123783031988874,0.5705598324495827,medium,unclassified
pcgnn_335.txt,True,True,True,0.35546875,0.3611111111111111,660,0.9772727272727273,62,0.96875,0.03636363636363636,0.45606060606060606,0.9682539682539683,0.8818181818181818,0.5852485795454545,medium,unclassified
pcgnn_336.txt,True,True,True,0.4091796875,0.41555555555555557,605,0.9983471074380166,97,1.515625,0.03636363636363636,0.2809917355371901,0.9795918367346939,0.8363636363636363,0.6054811789772727,medium,unclassified
pcgnn_337.txt,True,True,True,0.330078125,0.3422222222222222,686,0.9897959183673469,62,0.96875,0.023323615160349854,0.5072886297376094,0.9841269841269841,0.8979591836734694,0.5774445380830904,medium,unclassified
pcgnn_338.txt,True,True,True,0.275390625,0.2866666666666667,742,0.9973045822102425,62,0.96875,0.016172506738544475,0.660377358490566,0.9841269841269841,0.9123989218328841,0.5617740271226415,medium,unclassified
pcgnn_339.txt,True,True,True,0.310546875,0.32222222222222224,706,1.0,62,0.96875,0.018413597733711047,0.5651558073654391,0.9682539682539683,0.9107648725212465,0.5725240129249292,medium,unclassified
pcgnn_340.txt,True,True,True,0.275390625,0.2833333333333333,742,1.0,62,0.96875,0.02425876010781671,0.6442048517520216,0.9841269841269841,0.9150943396226415,0.5637955904649595,medium,unclassified
pcgnn_341.txt,True,True,True,0.26953125,0.27555555555555555,748,0.9919786096256684,62,0.96875,0.016042780748663103,0.643048128342246,1.0,0.9077540106951871,0.5592935327540107,medium,unclassified
pcgnn_342.txt,True,True,True,0.3583984375,0.36666666666666664,657,0.9315068493150684,79,1.234375,0.030441400304414,0.4079147640791476,0.9875,0.8097412480974124,0.5850689985254947,medium,unclassified
pcgnn_343.txt,True,True,True,0.1982421875,0.20777777777777778,821,1.0,62,0.96875,0.007308160779537149,0.8124238733252132,1.0,0.9232643118148599,0.5384864351781364,medium,unclassified
pcgnn_344.txt,True,True,True,0.33984375,0.3411111111111111,676,1.0,62,0.96875,0.03254437869822485,0.5103550295857988,0.9841269841269841,0.9068047337278107,0.5835452107988166,medium,unclassified
pcgnn_345.txt,True,True,True,0.2587890625,0.2577777777777778,759,1.0,61,0.953125,0.013175230566534914,0.686429512516469,0.9838709677419355,0.9183135704874835,0.5516125504364295,medium,unclassified
pcgnn_346.txt,True,True,True,0.3720703125,0.3888888888888889,643,0.9891135303265941,112,1.75,0.029548989113530325,0.3856920684292379,0.9823008849557522,0.8133748055987559,0.5895371124125194,medium,unclassified
pcgnn_347.txt,True,True,True,0.2197265625,0.21888888888888888,799,1.0,62,0.96875,0.017521902377972465,0.753441802252816,0.9841269841269841,0.9211514392991239,0.546657565120463,medium,unclassified
pcgnn_348.txt,True,True,True,0.2978515625,0.29888888888888887,719,1.0,62,0.96875,0.02364394993045897,0.6258692628650904,0.9841269841269841,0.9123783031988874,0.5700035042159248,medium,unclassified
pcgnn_349.txt,True,True,True,0.3955078125,0.4011111111111111,619,0.9886914378029079,84,1.3125,0.035541195476575124,0.3360258481421648,0.9764705882352941,0.851373182552504,0.6034665602281906,medium,unclassified
pcgnn_350.txt,True,True,True,0.248046875,0.25,770,1.0,62,0.96875,0.016883116883116882,0.712987012987013,0.9841269841269841,0.9181818181818182,0.554580458603896,medium,unclassified
pcgnn_351.txt,True,True,True,0.330078125,0.33,686,0.9970845481049563,61,0.953125,0.014577259475218658,0.5247813411078717,0.9838709677419355,0.9067055393586005,0.5715384702988338,medium,unclassified
pcgnn_352.txt,True,True,True,0.3388671875,0.3377777777777778,677,0.96602658788774,79,1.234375,0.033973412112259974,0.5125553914327917,0.9875,0.8478581979320532,0.58563356836226,medium,unclassified
pcgnn_353.txt,True,True,True,0.255859375,0.2611111111111111,762,0.9960629921259843,61,0.953125,0.013123359580052493,0.6902887139107612,0.9838709677419355,0.9146981627296588,0.5501809588254593,medium,unclassified
pcgnn_354.txt,True,True,True,0.3603515625,0.3655555555555556,655,0.9877862595419847,61,0.953125,0.024427480916030534,0.4213740458015267,0.9838709677419355,0.8931297709923665,0.580554180582061,medium,unclassified
pcgnn_355.txt,True,True,True,0.404296875,0.4033333333333333,610,1.0,104,1.625,0.04918032786885246,0.3163934426229508,0.9809523809523809,0.8278688524590164,0.6053054559426229,medium,unclassified
pcgnn_356.txt,True,True,True,0.3525390625,0.35333333333333333,663,0.9969834087481146,62,0.96875,0.03469079939668175,0.46304675716440424,0.9841269841269841,0.9019607843137255,0.5870564962763951,medium,unclassified
pcgnn_357.txt,True,True,True,0.30859375,0.30777777777777776,708,0.998587570621469,62,0.96875,0.022598870056497175,0.594632768361582,0.9682539682539683,0.9096045197740112,0.5726010769774011,medium,unclassified
pcgnn_358.txt,True,True,True,0.3203125,0.33555555555555555,696,1.0,61,0.953125,0.017241379310344827,0.5402298850574713,0.967741935483871,0.9109195402298851,0.5697737068965517,medium,unclassified
pcgnn_359.txt,True,True,True,0.384765625,0.38666666666666666,630,0.8761904761904762,78,1.21875,0.03650793650793651,0.36984126984126986,0.9746835443037974,0.7507936507936508,0.5853503224206349,medium,unclassified
pcgnn_360.txt,True,True,True,0.2763671875,0.27444444444444444,741,0.9986504723346828,62,0.96875,0.02699055330634278,0.631578947368421,0.9682539682539683,0.9136302294197031,0.5644153013242239,medium,unclassified
pcgnn_361.txt,True,True,True,0.3486328125,0.3511111111111111,667,0.9955022488755623,63,0.984375,0.035982008995502246,0.4482758620689655,0.96875,0.8995502248875562,0.5912500292822339,medium,unclassified
pcgnn_362.txt,True,True,True,0.3525390625,0.35333333333333333,663,0.9924585218702866,62,0.96875,0.030165912518853696,0.4781297134238311,0.9841269841269841,0.8974358974358975,0.5854727858691553,medium,unclassified
pcgnn_363.txt,True,True,True,0.3125,0.3233333333333333,704,0.9985795454545454,62,0.96875,0.024147727272727272,0.5511363636363636,0.9841269841269841,0.9090909090909091,0.5740056818181818,medium,unclassified
pcgnn_364.txt,True,True,True,0.2490234375,0.25,769,0.9856957087126138,62,0.96875,0.016905071521456438,0.6918075422626788,0.9841269841269841,0.9037711313394018,0.5527162152552015,medium,unclassified
pcgnn_365.txt,True,True,True,0.392578125,0.3988888888888889,622,0.9951768488745981,92,1.4375,0.04019292604501608,0.3311897106109325,1.0,0.8456591639871383,0.602660897307074,medium,unclassified
pcgnn_366.txt,True,True,True,0.326171875,0.3277777777777778,690,0.9956521739130435,62,0.96875,0.03188405797101449,0.5333333333333333,0.9682539682539683,0.9043478260869565,0.5789430480072464,medium,unclassified
pcgnn_367.txt,True,True,True,0.23828125,0.23666666666666666,780,0.9987179487179487,62,0.96875,0.015384615384615385,0.7243589743589743,1.0,0.9179487179487179,0.5513161057692307,medium,unclassified
pcgnn_368.txt,True,True,True,0.2109375,0.21777777777777776,808,1.0,62,0.96875,0.007425742574257425,0.7896039603960396,0.9841269841269841,0.9220297029702971,0.5421333539603961,medium,unclassified
pcgnn_369.txt,True,True,True,0.4140625,0.42,600,0.9983333333333333,101,1.578125,0.03833333333333333,0.285,0.9803921568627451,0.8283333333333334,0.6061354166666666,medium,unclassified
pcgnn_370.txt,True,True,True,0.259765625,0.26666666666666666,758,1.0,61,0.953125,0.0158311345646438,0.6912928759894459,1.0,0.9182058047493403,0.5524205351253297,medium,unclassified
pcgnn_371.txt,True,True,True,0.4013671875,0.3977777777777778,613,0.9396411092985318,62,0.96875,0.04241435562805873,0.32300163132137033,0.9682539682539683,0.8368678629690048,0.5934857068209625,medium,unclassified
pcgnn_372.txt,True,True,True,0.4287109375,0.4222222222222222,585,0.67008547008547,79,1.234375,0.04786324786324787,0.24615384615384617,0.975,0.5333333333333333,0.5681859308226496,medium,unclassified
pcgnn_373.txt,True,True,True,0.3505859375,0.3611111111111111,665,0.9488721804511279,63,0.984375,0.02556390977443609,0.4556390977443609,0.96875,0.8526315789473684,0.5827145500469925,medium,unclassified
pcgnn_374.txt,True,True,True,0.4248046875,0.4255555555555556,589,0.9881154499151104,93,1.453125,0.044142614601018676,0.23938879456706283,0.9787234042553191,0.8285229202037352,0.610548367200764,medium,unclassified
pcgnn_375.txt,True,True,True,0.2880859375,0.29333333333333333,729,0.9986282578875172,62,0.96875,0.0205761316872428,0.6145404663923183,1.0,0.9122085048010974,0.5664347833076131,medium,unclassified
pcgnn_376.txt,True,True,True,0.16796875,0.18,852,1.0,62,0.96875,0.0035211267605633804,0.852112676056338,1.0,0.926056338028169,0.529065801056338,medium,unclassified
pcgnn_377.txt,True,True,True,0.3173828125,0.32222222222222224,699,1.0,61,0.953125,0.02861230329041488,0.5407725321888412,0.967741935483871,0.9113018597997139,0.5712263333780401,medium,unclassified
pcgnn_378.txt,True,True,True,0.3818359375,0.39222222222222225,633,1.0,67,1.046875,0.0315955766192733,0.36492890995260663,0.9852941176470589,0.8925750394944708,0.6047561524980253,medium,unclassified
pcgnn_379.txt,True,True,True,0.4033203125,0.4122222222222222,611,0.9754500818330606,102,1.59375,0.03600654664484452,0.3142389525368249,0.9902912621359223,0.806873977086743,0.5992284996419803,medium,unclassified
pcgnn_380.txt,True,True,True,0.173828125,0.18333333333333332,846,1.0,62,0.96875,0.0035460992907801418,0.8404255319148937,1.0,0.925531914893617,0.5307499445921986,medium,unclassified
pcgnn_381.txt,True,True,True,0.330078125,0.33666666666666667,686,1.0,62,0.96875,0.027696793002915453,0.5233236151603499,0.9682539682539683,0.9081632653061225,0.5798497858965014,medium,unclassified
pcgnn_382.txt,True,True,True,0.3310546875,0.3388888888888889,685,0.9985401459854014,62,0.96875,0.021897810218978103,0.4905109489051095,0.9841269841269841,0.9065693430656935,0.5787438697536497,medium,unclassified
pcgnn_383.txt,True,True,True,0.2490234375,0.25555555555555554,769,1.0,62,0.96875,0.015604681404421327,0.6996098829648895,1.0,0.918075422626788,0.5546017809249024,medium,unclassified
pcgnn_384.txt,True,True,True,0.271484375,0.2733333333333333,746,1.0,62,0.96875,0.02546916890080429,0.6407506702412868,0.9841269841269841,0.9155495978552279,0.5629340859584451,medium,unclassified
pcgnn_385.txt,True,True,True,0.3125,0.3244444444444444,704,0.9957386363636364,62,0.96875,0.024147727272727272,0.5397727272727273,0.9682539682539683,0.90625,0.5735795454545454,medium,unclassified
pcgnn_386.txt,True,True,True,0.31640625,0.3233333333333333,700,1.0,74,1.15625,0.022857142857142857,0.5585714285714286,1.0,0.8928571428571429,0.583421875,medium,unclassified
pcgnn_387.txt,True,True,True,0.283203125,0.2877777777777778,734,0.997275204359673,61,0.953125,0.01907356948228883,0.6389645776566758,0.9838709677419355,0.9128065395095368,0.5592903823228883,medium,unclassified
pcgnn_388.txt,True,True,True,0.3359375,0.3333333333333333,680,0.9985294117647059,62,0.96875,0.022058823529411766,0.5147058823529411,0.9682539682539683,0.9058823529411765,0.5801378676470588,medium,unclassified
pcgnn_389.txt,True,True,True,0.3955078125,0.4077777777777778,619,0.9725363489499192,92,1.4375,0.03877221324717286,0.308562197092084,0.978494623655914,0.8222940226171244,0.5997508897920032,medium,unclassified
pcgnn_390.txt,True,True,True,0.37109375,0.38222222222222224,644,0.9937888198757764,91,1.421875,0.034161490683229816,0.39596273291925466,0.9782608695652174,0.8509316770186336,0.595800174689441,medium,unclassified
pcgnn_391.txt,True,True,True,0.2548828125,0.25555555555555554,763,1.0,62,0.96875,0.02621231979030144,0.6959370904325033,0.9682539682539683,0.9174311926605505,0.5583844866071428,medium,unclassified
pcgnn_392.txt,True,True,True,0.2587890625,0.2688888888888889,759,0.9855072463768116,62,0.96875,0.017127799736495388,0.6798418972332015,0.9841269841269841,0.9025032938076416,0.5555002727684453,medium,unclassified
pcgnn_393.txt,True,True,True,0.361328125,0.37333333333333335,654,0.9327217125382263,71,1.109375,0.02599388379204893,0.41590214067278286,0.9861111111111112,0.8226299694189603,0.5869917096712538,medium,unclassified
pcgnn_394.txt,True,True,True,0.26171875,0.2733333333333333,756,1.0,61,0.953125,0.017195767195767195,0.6785714285714286,1.0,0.917989417989418,0.5532469411375661,medium,unclassified
pcgnn_395.txt,True,True,True,0.193359375,0.1988888888888889,826,1.0,62,0.96875,0.0036319612590799033,0.801452784503632,0.9682539682539683,0.923728813559322,0.5363560267857143,medium,unclassified
pcgnn_396.txt,True,True,True,0.37109375,0.37777777777777777,644,1.0,79,1.234375,0.034161490683229816,0.41304347826086957,0.975,0.8757763975155279,0.5995268827639751,medium,unclassified
pcgnn_397.txt,True,True,True,0.359375,0.36333333333333334,656,0.975609756097561,62,0.96875,0.0350609756097561,0.42835365853658536,0.9682539682539683,0.8795731707317073,0.5858231707317073,medium,unclassified
pcgnn_398.txt,True,True,True,0.3671875,0.3711111111111111,648,1.0,85,1.328125,0.029320987654320986,0.4058641975308642,0.9767441860465116,0.8672839506172839,0.5961130401234568,medium,unclassified
pcgnn_399.txt,True,True,True,0.4052734375,0.40555555555555556,609,1.0,123,1.921875,0.0361247947454844,0.3284072249589491,0.9838709677419355,0.7963875205254516,0.5982651182779146,medium,unclassified
pcgnn_400.txt,True,True,True,0.2705078125,0.27555555555555555,747,1.0,61,0.953125,0.020080321285140562,0.6653279785809906,0.967741935483871,0.9170013386880856,0.5563123588102409,medium,unclassified
pcgnn_401.txt,True,True,True,0.2451171875,0.24666666666666667,773,1.0,61,0.953125,0.019404915912031046,0.702457956015524,0.967741935483871,0.9197930142302717,0.548978841566947,medium,unclassified
pcgnn_402.txt,True,True,True,0.423828125,0.42777777777777776,590,0.9135593220338983,119,1.859375,0.04576271186440678,0.2305084745762712,0.9916666666666667,0.7101694915254237,0.5928264036016949,medium,unclassified
pcgnn_403.txt,True,True,True,0.365234375,0.37777777777777777,650,0.9892307692307692,87,1.359375,0.038461538461538464,0.40615384615384614,0.9772727272727273,0.8538461538461538,0.5953395432692308,medium,unclassified
pcgnn_404.txt,True,True,True,0.33203125,0.3388888888888889,684,0.9926900584795322,62,0.96875,0.023391812865497075,0.5029239766081871,0.9841269841269841,0.9005847953216374,0.5784379568713449,medium,unclassified
pcgnn_405.txt,True,True,True,0.216796875,0.22555555555555556,802,1.0,62,0.96875,0.007481296758104738,0.7630922693266833,0.9841269841269841,0.9214463840399002,0.5438147794576059,medium,unclassified
pcgnn_406.txt,True,True,True,0.361328125,0.37555555555555553,654,0.9969418960244648,72,1.125,0.024464831804281346,0.42966360856269115,1.0,0.8853211009174312,0.5960895689984709,medium,unclassified
pcgnn_407.txt,True,True,True,0.3974609375,0.39111111111111113,617,0.9546191247974068,80,1.25,0.04051863857374392,0.36304700162074555,0.9876543209876543,0.8233387358184765,0.6008428193375203,medium,unclassified
pcgnn_408.txt,True,True,True,0.248046875,0.2544444444444444,770,1.0,62,0.96875,0.015584415584415584,0.7051948051948052,0.9841269841269841,0.9181818181818182,0.5543207183441559,medium,unclassified
pcgnn_409.txt,True,True,True,0.3466796875,0.3511111111111111,669,1.0,73,1.140625,0.02391629297458894,0.4857997010463378,0.9864864864864865,0.8893871449925261,0.5921952365937967,medium,unclassified
pcgnn_410.txt,True,True,True,0.3984375,0.4066666666666667,616,0.9902597402597403,84,1.3125,0.03896103896103896,0.336038961038961,0.9764705882352941,0.8522727272727273,0.6051643668831168,medium,unclassified
pcgnn_411.txt,True,True,True,0.330078125,0.3322222222222222,686,0.9956268221574344,61,0.953125,0.03498542274052478,0.5379008746355685,0.967741935483871,0.9052478134110787,0.5754014440597667,medium,unclassified
pcgnn_412.txt,True,True,True,0.4052734375,0.4033333333333333,609,0.9950738916256158,62,0.96875,0.052545155993431854,0.32676518883415434,0.9682539682539683,0.8916256157635468,0.6048974048132183,medium,unclassified
pcgnn_413.txt,True,True,True,0.3720703125,0.37666666666666665,643,1.0,62,0.96875,0.03421461897356143,0.40746500777604977,0.9841269841269841,0.9020217729393468,0.5928297834856143,medium,unclassified
pcgnn_414.txt,True,True,True,0.189453125,0.19555555555555557,830,1.0,62,0.96875,0.007228915662650603,0.7987951807228916,1.0,0.9240963855421687,0.5359586784638554,medium,unclassified
pcgnn_415.txt,True,True,True,0.3916015625,0.40444444444444444,623,0.9903691813804173,101,1.578125,0.028892455858747994,0.3451043338683788,0.9803921568627451,0.826645264847512,0.5972557496488764,medium,unclassified
pcgnn_416.txt,True,True,True,0.4296875,0.45111111111111113,584,0.9537671232876712,155,2.421875,0.046232876712328765,0.19863013698630136,0.9871794871794872,0.6866438356164384,0.5911494006849315,medium,unclassified
pcgnn_417.txt,True,True,True,0.26171875,0.2733333333333333,756,0.996031746031746,62,0.96875,0.011904761904761904,0.6825396825396826,1.0,0.9126984126984127,0.5568638392857143,medium,unclassified
pcgnn_418.txt,True,True,True,0.2119140625,0.2088888888888889,807,1.0,62,0.96875,0.0161090458488228,0.7670384138785625,0.9682539682539683,0.9219330855018587,0.5441484907450433,medium,unclassified
pcgnn_419.txt,True,True,True,0.388671875,0.39222222222222225,626,0.829073482428115,86,1.34375,0.038338658146964855,0.3258785942492013,0.9770114942528736,0.6900958466453674,0.5777836711261981,medium,unclassified
pcgnn_420.txt,True,True,True,0.3564453125,0.3655555555555556,659,1.0,62,0.96875,0.02276176024279211,0.4370257966616085,0.9682539682539683,0.9044006069802731,0.5862085368455994,medium,unclassified
pcgnn_421.txt,True,True,True,0.3818359375,0.38,633,0.9984202211690363,70,1.09375,0.045813586097946286,0.3981042654028436,0.971830985915493,0.8862559241706162,0.6066518870951817,medium,unclassified
pcgnn_422.txt,True,True,True,0.365234375,0.37777777777777777,650,1.0,76,1.1875,0.02923076923076923,0.4246153846153846,0.987012987012987,0.8815384615384615,0.597647235576923,medium,unclassified
pcgnn_423.txt,True,True,True,0.2021484375,0.21222222222222223,817,1.0,62,0.96875,0.006119951040391677,0.7833537331701347,1.0,0.9228886168910648,0.539364313991738,medium,unclassified
pcgnn_424.txt,True,True,True,0.3271484375,0.3244444444444444,689,1.0,62,0.96875,0.027576197387518143,0.502177068214804,0.9841269841269841,0.9085631349782293,0.579006740974238,medium,unclassified
pcgnn_425.txt,True,True,True,0.2626953125,0.2644444444444444,755,1.0,61,0.953125,0.017218543046357615,0.6635761589403973,0.967741935483871,0.9178807947019868,0.5535281715645695,medium,unclassified
pcgnn_426.txt,True,True,True,0.3173828125,0.32,699,1.0,62,0.96875,0.02145922746781116,0.5436337625178826,1.0,0.9098712446351931,0.5750498759388412,medium,unclassified
pcgnn_427.txt,True,True,True,0.3857421875,0.38222222222222224,629,0.9523052464228935,71,1.109375,0.04451510333863275,0.38791732909379967,0.9861111111111112,0.8378378378378378,0.6003013525934022,medium,unclassified
pcgnn_428.txt,True,True,True,0.228515625,0.23555555555555555,790,1.0,62,0.96875,0.008860759493670886,0.7658227848101266,0.9841269841269841,0.920253164556962,0.5474273140822785,medium,unclassified
pcgnn_429.txt,True,True,True,0.369140625,0.36666666666666664,646,1.0,63,0.984375,0.03869969040247678,0.42569659442724456,0.96875,0.9009287925696594,0.5981526944659442,medium,unclassified
pcgnn_430.txt,True,True,True,0.4541015625,0.45555555555555555,559,0.8765652951699463,143,2.234375,0.03935599284436494,0.1592128801431127,0.9930555555555556,0.6189624329159212,0.5869460322562612,medium,unclassified
pcgnn_431.txt,True,True,True,0.3515625,0.3511111111111111,664,1.0,62,0.96875,0.03313253012048193,0.4563253012048193,0.9841269841269841,0.9051204819277109,0.586925828313253,medium,unclassified
pcgnn_432.txt,True,True,True,0.2802734375,0.2788888888888889,737,0.994572591587517,62,0.96875,0.024423337856173677,0.6485753052917232,0.9841269841269841,0.9090909090909091,0.564392835184871,medium,unclassified
pcgnn_433.txt,True,True,True,0.39453125,0.39444444444444443,620,0.9806451612903225,101,1.578125,0.043548387096774194,0.3580645161290323,0.9803921568627451,0.8161290322580645,0.5994884072580645,medium,unclassified
pcgnn_434.txt,True,True,True,0.275390625,0.2822222222222222,742,1.0,62,0.96875,0.02021563342318059,0.6293800539083558,0.9682539682539683,0.9150943396226415,0.5629869651280324,medium,unclassified
pcgnn_435.txt,True,True,True,0.3828125,0.3888888888888889,632,0.9968354430379747,84,1.3125,0.03955696202531646,0.37816455696202533,0.9882352941176471,0.8623417721518988,0.6021064082278481,medium,unclassified
pcgnn_436.txt,True,True,True,0.2841796875,0.29333333333333333,733,1.0,62,0.96875,0.013642564802182811,0.6275579809004093,1.0,0.9140518417462483,0.5641526954723738,medium,unclassified
pcgnn_437.txt,True,True,True,0.2080078125,0.21,811,1.0,61,0.953125,0.007398273736128237,0.782983970406905,0.9838709677419355,0.9235511713933415,0.5360084242062269,medium,unclassified
pcgnn_438.txt,True,True,True,0.2900390625,0.30666666666666664,727,1.0,62,0.96875,0.009628610729023384,0.6217331499312242,1.0,0.9133425034387895,0.565001316411623,medium,unclassified
pcgnn_439.txt,True,True,True,0.44140625,0.44333333333333336,572,0.7027972027972028,66,1.03125,0.05244755244755245,0.1958041958041958,1.0,0.5856643356643356,0.5807610358391608,medium,unclassified
pcgnn_440.txt,True,True,True,0.4423828125,0.44333333333333336,571,0.8248686514886164,113,1.765625,0.03677758318739054,0.17688266199649738,0.9824561403508771,0.6252189141856392,0.5838531975153239,medium,unclassified
pcgnn_441.txt,True,True,True,0.34765625,0.35555555555555557,668,0.9101796407185628,62,0.96875,0.029940119760479042,0.46407185628742514,0.9841269841269841,0.8158682634730539,0.5717276384730539,medium,unclassified
pcgnn_442.txt,True,True,True,0.3408203125,0.3477777777777778,675,1.0,70,1.09375,0.023703703703703703,0.48,1.0,0.8948148148148148,0.591209056712963,medium,unclassified
pcgnn_443.txt,True,True,True,0.4306640625,0.43333333333333335,583,0.6363636363636364,79,1.234375,0.03773584905660377,0.2332761578044597,0.9875,0.49914236706689535,0.561617743621355,medium,unclassified
pcgnn_444.txt,True,True,True,0.1943359375,0.19666666666666666,825,1.0,62,0.96875,0.014545454545454545,0.793939393939394,1.0,0.9236363636363636,0.5388178267045454,medium,unclassified
pcgnn_445.txt,True,True,True,0.39453125,0.4,620,0.9338709677419355,74,1.15625,0.03387096774193549,0.32741935483870965,0.9866666666666667,0.8129032258064516,0.5970690524193548,medium,unclassified
pcgnn_446.txt,True,True,True,0.306640625,0.31666666666666665,710,0.9971830985915493,62,0.96875,0.02112676056338028,0.5816901408450704,0.9682539682539683,0.9084507042253521,0.5715476452464788,medium,unclassified
pcgnn_447.txt,True,True,True,0.4033203125,0.4177777777777778,611,0.8756137479541735,113,1.765625,0.04091653027823241,0.2978723404255319,0.9824561403508771,0.6890343698854338,0.5825345552884615,medium,unclassified
pcgnn_448.txt,True,True,True,0.2421875,0.2477777777777778,776,1.0,62,0.96875,0.010309278350515464,0.7152061855670103,0.9841269841269841,0.9188144329896907,0.5516027706185567,medium,unclassified
pcgnn_449.txt,True,True,True,0.3876953125,0.3933333333333333,627,0.9936204146730463,69,1.078125,0.03668261562998405,0.3572567783094099,0.9857142857142858,0.8819776714513556,0.6059417675937001,medium,unclassified
pcgnn_450.txt,True,True,True,0.2880859375,0.28555555555555556,729,1.0,62,0.96875,0.023319615912208505,0.6090534979423868,0.9682539682539683,0.9135802469135802,0.5671892414694787,medium,unclassified
pcgnn_451.txt,True,True,True,0.4072265625,0.41888888888888887,607,0.9967051070840197,100,1.5625,0.04118616144975288,0.30642504118616143,0.9801980198019802,0.8303130148270181,0.6049521532640033,medium,unclassified
pcgnn_452.txt,True,True,True,0.3203125,0.3244444444444444,696,1.0,62,0.96875,0.03017241379310345,0.5373563218390804,0.9682539682539683,0.9094827586206896,0.577613146551724,medium,unclassified
pcgnn_453.txt,True,True,True,0.3154296875,0.31777777777777777,701,0.8659058487874465,61,0.953125,0.02710413694721826,0.579172610556348,0.967741935483871,0.7774607703281027,0.5502625991886589,medium,unclassified
pcgnn_454.txt,True,True,True,0.3203125,0.33111111111111113,696,1.0,62,0.96875,0.01867816091954023,0.5330459770114943,0.9682539682539683,0.9094827586206896,0.5753142959770114,medium,unclassified
pcgnn_455.txt,True,True,True,0.34765625,0.35555555555555557,668,1.0,69,1.078125,0.029940119760479042,0.4535928143712575,0.9714285714285714,0.8952095808383234,0.5945663360778443,medium,unclassified
pcgnn_456.txt,True,True,True,0.4189453125,0.4266666666666667,595,0.8050420168067227,76,1.1875,0.025210084033613446,0.2571428571428571,1.0,0.6756302521008404,0.5820701483718487,medium,unclassified
pcgnn_457.txt,True,True,True,0.2138671875,0.2111111111111111,805,1.0,62,0.96875,0.018633540372670808,0.760248447204969,0.9841269841269841,0.9217391304347826,0.5452102338897515,medium,unclassified
pcgnn_458.txt,True,True,True,0.27734375,0.28444444444444444,740,0.9986486486486487,62,0.96875,0.013513513513513514,0.6243243243243243,0.9682539682539683,0.9135135135135135,0.5619953547297296,medium,unclassified
pcgnn_459.txt,True,True,True,0.30859375,0.3088888888888889,708,1.0,62,0.96875,0.02824858757062147,0.594632768361582,0.9841269841269841,0.9110169491525424,0.5739428848870056,medium,unclassified
pcgnn_460.txt,True,True,True,0.37890625,0.37777777777777777,636,0.9968553459119497,61,0.953125,0.03459119496855346,0.389937106918239,0.967741935483871,0.89937106918239,0.5890895243710691,medium,unclassified
pcgnn_461.txt,True,True,True,0.3603515625,0.3655555555555556,655,0.9969465648854962,62,0.96875,0.03206106870229008,0.4381679389312977,0.9841269841269841,0.9007633587786259,0.5886946863072519,medium,unclassified
pcgnn_462.txt,True,True,True,0.4072265625,0.41444444444444445,607,0.9934102141680395,106,1.65625,0.03130148270181219,0.3031301482701812,0.9906542056074766,0.8171334431630972,0.600998281764827,medium,unclassified
pcgnn_463.txt,True,True,True,0.3037109375,0.30777777777777776,713,0.9929873772791024,62,0.96875,0.025245441795231416,0.5848527349228612,0.9841269841269841,0.9046283309957924,0.5709191192584151,medium,unclassified
pcgnn_464.txt,True,True,True,0.3515625,0.3488888888888889,664,0.9623493975903614,61,0.953125,0.03614457831325301,0.45331325301204817,0.967741935483871,0.8689759036144579,0.5766378012048192,medium,unclassified
pcgnn_465.txt,True,True,True,0.4091796875,0.41333333333333333,605,0.9818181818181818,96,1.5,0.03966942148760331,0.2991735537190083,0.979381443298969,0.8214876033057851,0.6039109310433884,medium,unclassified
pcgnn_466.txt,True,True,True,0.283203125,0.2922222222222222,734,1.0,62,0.96875,0.01634877384196185,0.6553133514986376,0.9682539682539683,0.9141689373297003,0.5644185328678474,medium,unclassified
pcgnn_467.txt,True,True,True,0.314453125,0.31666666666666665,702,1.0,61,0.953125,0.027065527065527065,0.5754985754985755,0.967741935483871,0.9116809116809117,0.5700949296652421,medium,unclassified
pcgnn_468.txt,True,True,True,0.4033203125,0.41555555555555557,611,0.9869067103109657,101,1.578125,0.03600654664484452,0.3158756137479542,0.9803921568627451,0.8199672667757774,0.6011924930953354,medium,unclassified
pcgnn_469.txt,True,True,True,0.4296875,0.4311111111111111,584,0.9708904109589042,117,1.828125,0.04965753424657534,0.23116438356164384,0.9830508474576272,0.7688356164383562,0.6041630993150685,medium,unclassified
pcgnn_470.txt,True,True,True,0.447265625,0.44555555555555554,566,0.7968197879858657,133,2.078125,0.05830388692579505,0.16607773851590105,0.9925373134328358,0.5600706713780919,0.5798510655918727,medium,unclassified
pcgnn_471.txt,True,True,True,0.380859375,0.3788888888888889,634,0.9621451104100947,75,1.171875,0.033123028391167195,0.39747634069400634,0.9736842105263158,0.8422712933753943,0.5972231121845426,medium,unclassified
pcgnn_472.txt,True,True,True,0.2978515625,0.3055555555555556,719,0.9916550764951322,62,0.96875,0.01808066759388039,0.5771905424200278,1.0,0.9040333796940194,0.567639109222879,medium,unclassified
pcgnn_473.txt,True,True,True,0.3076171875,0.32222222222222224,709,1.0,62,0.96875,0.01692524682651622,0.5740479548660085,0.9682539682539683,0.9111424541607899,0.5714040737394217,medium,unclassified
pcgnn_474.txt,True,True,True,0.326171875,0.3377777777777778,690,1.0,61,0.953125,0.02318840579710145,0.5376811594202898,0.9838709677419355,0.9101449275362319,0.572604732789855,medium,unclassified
pcgnn_475.txt,True,True,True,0.248046875,0.24888888888888888,770,0.9935064935064936,62,0.96875,0.01948051948051948,0.7090909090909091,0.9682539682539683,0.9116883116883117,0.5541259131493506,medium,unclassified
pcgnn_476.txt,True,True,True,0.32421875,0.3333333333333333,692,0.9942196531791907,62,0.96875,0.030346820809248554,0.5520231213872833,0.9682539682539683,0.903179190751445,0.5778743677745665,medium,unclassified
pcgnn_477.txt,True,True,True,0.21484375,0.21777777777777776,804,1.0,61,0.953125,0.007462686567164179,0.7624378109452736,0.9838709677419355,0.9228855721393034,0.5379722481343283,medium,unclassified
pcgnn_478.txt,True,True,True,0.3564453125,0.36666666666666664,659,0.9969650986342944,62,0.96875,0.02276176024279211,0.45220030349013657,0.9682539682539683,0.9013657056145675,0.5857533016407435,medium,unclassified
pcgnn_479.txt,True,True,True,0.3583984375,0.36444444444444446,657,0.9786910197869102,73,1.140625,0.030441400304414,0.4459665144596651,0.9864864864864865,0.8660578386605784,0.5935164871099695,medium,unclassified
pcgnn_480.txt,True,True,True,0.392578125,0.3988888888888889,622,0.977491961414791,117,1.828125,0.028938906752411574,0.3311897106109325,0.9830508474576272,0.7877813504823151,0.5917284214228296,medium,unclassified
pcgnn_481.txt,True,True,True,0.3310546875,0.3377777777777778,685,1.0,62,0.96875,0.027737226277372264,0.5313868613138686,0.9841269841269841,0.908029197080292,0.5801307310675182,medium,unclassified
pcgnn_482.txt,True,True,True,0.306640625,0.3088888888888889,710,1.0,62,0.96875,0.022535211267605635,0.5859154929577465,0.9682539682539683,0.9112676056338028,0.5722518705985915,medium,unclassified
pcgnn_483.txt,True,True,True,0.384765625,0.39666666666666667,630,0.9523809523809523,90,1.40625,0.03650793650793651,0.36507936507936506,0.978021978021978,0.807936507936508,0.5939217509920635,medium,unclassified
pcgnn_484.txt,True,True,True,0.361328125,0.3688888888888889,654,1.0,62,0.96875,0.03058103975535168,0.43883792048929665,0.9841269841269841,0.9036697247706422,0.5891276041666667,medium,unclassified
pcgnn_485.txt,True,True,True,0.396484375,0.40555555555555556,618,0.8673139158576052,87,1.359375,0.030744336569579287,0.3559870550161812,0.9886363636363636,0.7249190938511327,0.5838320438915857,medium,unclassified
pcgnn_486.txt,True,True,True,0.2958984375,0.3022222222222222,721,0.9500693481276006,62,0.96875,0.018030513176144243,0.5908460471567267,0.9682539682539683,0.8626907073509015,0.560841739987864,medium,unclassified
pcgnn_487.txt,True,True,True,0.287109375,0.29444444444444445,730,1.0,62,0.96875,0.010958904109589041,0.6164383561643836,1.0,0.9136986301369863,0.5644418878424657,medium,unclassified
pcgnn_488.txt,True,True,True,0.2294921875,0.23555555555555555,789,1.0,62,0.96875,0.015209125475285171,0.7363751584283904,0.9841269841269841,0.9201520912547528,0.54897479503327,medium,unclassified
pcgnn_489.txt,True,True,True,0.3603515625,0.37333333333333335,655,1.0,77,1.203125,0.025954198473282442,0.4351145038167939,0.9871794871794872,0.8809160305343512,0.5954337130248091,medium,unclassified
pcgnn_490.txt,True,True,True,0.333984375,0.3422222222222222,682,0.9853372434017595,62,0.96875,0.017595307917888565,0.48533724340175954,0.9841269841269841,0.8929618768328446,0.5767211556085043,medium,unclassified
pcgnn_491.txt,True,True,True,0.365234375,0.37222222222222223,650,0.9984615384615385,81,1.265625,0.03076923076923077,0.41846153846153844,0.975609756097561,0.8723076923076923,0.5965703124999999,medium,unclassified
pcgnn_492.txt,True,True,True,0.4521484375,0.4622222222222222,561,0.5026737967914439,93,1.453125,0.040998217468805706,0.13903743315508021,0.9893617021276596,0.33511586452762926,0.5441115544229055,medium,unclassified
pcgnn_493.txt,True,True,True,0.4375,0.44222222222222224,576,0.9652777777777778,114,1.78125,0.057291666666666664,0.1996527777777778,0.9826086956521739,0.765625,0.6075520833333333,medium,unclassified
pcgnn_494.txt,True,True,True,0.2265625,0.23222222222222222,792,1.0,62,0.96875,0.011363636363636364,0.7373737373737373,0.9841269841269841,0.9204545454545454,0.5473721590909091,medium,unclassified
pcgnn_495.txt,True,True,True,0.41015625,0.4166666666666667,604,0.9586092715231788,114,1.78125,0.0380794701986755,0.25496688741721857,0.9826086956521739,0.7682119205298014,0.5958945571192052,medium,unclassified
pcgnn_496.txt,True,True,True,0.34765625,0.3522222222222222,668,1.0,65,1.015625,0.029940119760479042,0.47155688622754494,0.9696969696969697,0.9011976047904192,0.5954645396706586,medium,unclassified
pcgnn_497.txt,True,True,True,0.283203125,0.2922222222222222,734,0.9959128065395095,62,0.96875,0.02452316076294278,0.6171662125340599,0.9682539682539683,0.9100817438692098,0.56544033123297,medium,unclassified
pcgnn_498.txt,True,True,True,0.4013671875,0.41888888888888887,613,1.0,107,1.671875,0.022838499184339316,0.2838499184339315,0.9814814814814815,0.8238172920065253,0.5985504498878467,medium,unclassified
pcgnn_499.txt,True,True,True,0.2890625,0.29333333333333333,728,0.9986263736263736,61,0.953125,0.024725274725274724,0.6126373626373627,0.967741935483871,0.9134615384615384,0.5622767857142856,medium,unclassified
pcgnn_500.txt,True,True,True,0.4072265625,0.4111111111111111,607,0.9983525535420099,94,1.46875,0.036243822075782535,0.3014827018121911,0.9789473684210527,0.841845140032949,0.6056935041700988,medium,unclassified
pcgnn_501.txt,True,True,True,0.26171875,0.26666666666666666,756,1.0,61,0.953125,0.01984126984126984,0.6851851851851852,0.9838709677419355,0.917989417989418,0.5537760416666666,medium,unclassified
pcgnn_502.txt,True,True,True,0.39453125,0.39444444444444443,620,0.9903225806451613,79,1.234375,0.04032258064516129,0.3193548387096774,0.9875,0.8612903225806452,0.605617439516129,medium,unclassified
pcgnn_503.txt,True,True,True,0.3154296875,0.3233333333333333,701,0.9885877318116976,62,0.96875,0.009985734664764621,0.5620542082738944,1.0,0.8987161198288159,0.5704959711572752,medium,unclassified
pcgnn_504.txt,True,True,True,0.375,0.3877777777777778,640,0.9921875,62,0.96875,0.03125,0.371875,0.9682539682539683,0.89375,0.5918749999999999,medium,unclassified
pcgnn_505.txt,True,True,True,0.4111328125,0.4077777777777778,603,0.7893864013266998,64,1.0,0.05140961857379768,0.2902155887230514,0.9692307692307692,0.681592039800995,0.5858605734349088,medium,unclassified
pcgnn_506.txt,True,True,True,0.2392578125,0.24444444444444444,779,1.0,62,0.96875,0.014120667522464698,0.7394094993581515,0.9841269841269841,0.9191270860077022,0.5515330401556483,medium,unclassified
pcgnn_507.txt,True,True,True,0.318359375,0.3211111111111111,698,0.9813753581661891,62,0.96875,0.027220630372492838,0.5616045845272206,0.9841269841269841,0.8911174785100286,0.5736820603510029,medium,unclassified
pcgnn_508.txt,True,True,True,0.3427734375,0.3477777777777778,673,0.9777117384843982,62,0.96875,0.031203566121842496,0.4799405646359584,0.9682539682539683,0.8841010401188707,0.5807504004921991,medium,unclassified
pcgnn_509.txt,True,True,True,0.400390625,0.4122222222222222,614,0.9495114006514658,92,1.4375,0.04071661237785016,0.30456026058631924,0.989247311827957,0.7980456026058632,0.5979673503664495,medium,unclassified
pcgnn_510.txt,True,True,True,0.3857421875,0.37777777777777777,629,0.9984101748807631,84,1.3125,0.03815580286168521,0.38791732909379967,0.9764705882352941,0.863275039745628,0.6028450727841812,medium,unclassified
pcgnn_511.txt,True,True,True,0.2841796875,0.29444444444444445,733,1.0,62,0.96875,0.020463847203274217,0.6384720327421555,0.9682539682539683,0.9140518417462483,0.5655169519525921,medium,unclassified
pcgnn_512.txt,True,True,True,0.322265625,0.3322222222222222,694,0.9985590778097982,69,1.078125,0.021613832853025938,0.4942363112391931,0.9857142857142858,0.8976945244956772,0.5856566327449568,medium,unclassified
pcgnn_513.txt,True,True,True,0.384765625,0.38666666666666666,630,0.9698412698412698,83,1.296875,0.031746031746031744,0.36507936507936506,0.9761904761904762,0.8365079365079365,0.5972550843253968,medium,unclassified
pcgnn_514.txt,True,True,True,0.2548828125,0.2644444444444444,763,1.0,62,0.96875,0.010484927916120577,0.6775884665792923,0.9841269841269841,0.9174311926605505,0.5552390082323067,medium,unclassified
pcgnn_515.txt,True,True,True,0.36328125,0.37222222222222223,652,0.9723926380368099,61,0.953125,0.03680981595092025,0.4233128834355828,1.0,0.8773006134969326,0.5815351802147238,medium,unclassified
pcgnn_516.txt,True,True,True,0.2861328125,0.29333333333333333,731,0.9904240766073872,62,0.96875,0.016415868673050615,0.6101231190150479,0.9841269841269841,0.9042407660738714,0.5638216323956908,medium,unclassified
pcgnn_517.txt,True,True,True,0.2978515625,0.3011111111111111,719,1.0,62,0.96875,0.025034770514603615,0.5813630041724618,0.9682539682539683,0.9123783031988874,0.5702816683327538,medium,unclassified
pcgnn_518.txt,True,True,True,0.26953125,0.2788888888888889,748,0.9893048128342246,62,0.96875,0.017379679144385027,0.6457219251336899,0.9841269841269841,0.9050802139037433,0.5591598429144384,medium,unclassified
pcgnn_519.txt,True,True,True,0.416015625,0.4255555555555556,598,0.9782608695652174,102,1.59375,0.04180602006688963,0.28595317725752506,0.9805825242718447,0.8060200668896321,0.6040689015468227,medium,unclassified
pcgnn_520.txt,True,True,True,0.423828125,0.43,590,0.6508474576271186,78,1.21875,0.0423728813559322,0.23898305084745763,0.9873417721518988,0.5169491525423728,0.5631653866525423,medium,unclassified
pcgnn_521.txt,True,True,True,0.30859375,0.31444444444444447,708,0.9971751412429378,62,0.96875,0.0211864406779661,0.5805084745762712,0.9841269841269841,0.9081920903954802,0.5721067266949152,medium,unclassified
pcgnn_522.txt,True,True,True,0.326171875,0.33,690,0.9405797101449276,62,0.96875,0.0391304347826087,0.5333333333333333,0.9682539682539683,0.8492753623188406,0.5721314538043478,medium,unclassified
pcgnn_523.txt,True,True,True,0.3974609375,0.4066666666666667,617,0.9578606158833063,94,1.46875,0.04376012965964344,0.3192868719611021,0.9789473684210527,0.8038897893030794,0.5985737755773906,medium,unclassified
pcgnn_524.txt,True,True,True,0.4267578125,0.43,587,0.9642248722316865,111,1.734375,0.05110732538330494,0.21635434412265758,0.9821428571428571,0.7734241908006815,0.6042624374467632,medium,unclassified
pcgnn_525.txt,True,True,True,0.3916015625,0.3988888888888889,623,0.9967897271268058,88,1.375,0.03531300160513644,0.3434991974317817,0.9775280898876404,0.8539325842696629,0.6026329567114768,medium,unclassified
pcgnn_526.txt,True,True,True,0.4248046875,0.43333333333333335,589,1.0,111,1.734375,0.044142614601018676,0.2563667232597623,0.9821428571428571,0.8098471986417657,0.6077470089664686,medium,unclassified
pcgnn_527.txt,True,True,True,0.4140625,0.4211111111111111,600,0.94,128,2.0,0.041666666666666664,0.28833333333333333,0.9844961240310077,0.725,0.5913020833333333,medium,unclassified
pcgnn_528.txt,True,True,True,0.3916015625,0.3977777777777778,623,0.9502407704654896,90,1.40625,0.030497592295345103,0.36436597110754415,0.989010989010989,0.8041733547351525,0.5942059904193419,medium,unclassified
pcgnn_529.txt,True,True,True,0.41015625,0.42,604,0.9735099337748344,124,1.9375,0.03642384105960265,0.304635761589404,0.992,0.7665562913907285,0.5953150869205298,medium,unclassified
pcgnn_530.txt,True,True,True,0.2685546875,0.2788888888888889,749,1.0,62,0.96875,0.014686248331108143,0.6461949265687583,0.9841269841269841,0.9158878504672897,0.559949333486315,medium,unclassified
pcgnn_531.txt,True,True,True,0.25,0.25222222222222224,768,1.0,62,0.96875,0.01171875,0.7122395833333334,0.9841269841269841,0.91796875,0.5541015625,medium,unclassified
pcgnn_532.txt,True,True,True,0.2626953125,0.2677777777777778,755,0.990728476821192,62,0.96875,0.019867549668874173,0.6741721854304635,0.9841269841269841,0.9072847682119205,0.5579373189155629,medium,unclassified
pcgnn_533.txt,True,True,True,0.2138671875,0.22666666666666666,805,1.0,62,0.96875,0.004968944099378882,0.7751552795031056,1.0,0.9217391304347826,0.5424773146350932,medium,unclassified
pcgnn_534.txt,True,True,True,0.4189453125,0.42444444444444446,595,0.8033613445378152,98,1.53125,0.03865546218487395,0.2823529411764706,0.9797979797979798,0.6369747899159663,0.5789609046743697,medium,unclassified
pcgnn_535.txt,True,True,True,0.3359375,0.3522222222222222,680,1.0,62,0.96875,0.020588235294117647,0.4764705882352941,0.9841269841269841,0.9073529411764706,0.5800643382352941,medium,unclassified
pcgnn_536.txt,True,True,True,0.1982421875,0.2011111111111111,821,1.0,62,0.96875,0.008526187576126675,0.8026796589524969,1.0,0.9232643118148599,0.5387300405374542,medium,unclassified
pcgnn_537.txt,True,True,True,0.2958984375,0.3022222222222222,721,1.0,62,0.96875,0.018030513176144243,0.5811373092926491,1.0,0.912621359223301,0.568331337768724,medium,unclassified
pcgnn_538.txt,True,True,True,0.2255859375,0.2288888888888889,793,1.0,62,0.96875,0.011349306431273645,0.7566204287515763,0.9841269841269841,0.9205548549810845,0.5470913707834174,medium,unclassified
pcgnn_539.txt,True,True,True,0.208984375,0.20555555555555555,810,1.0,62,0.96875,0.011111111111111112,0.7987654320987654,0.9682539682539683,0.9222222222222223,0.5423133680555555,medium,unclassified
pcgnn_540.txt,True,True,True,0.3583984375,0.36444444444444446,657,1.0,64,1.0,0.0319634703196347,0.4429223744292237,0.9692307692307692,0.9010654490106544,0.5990720426655252,medium,unclassified
pcgnn_541.txt,True,True,True,0.396484375,0.3988888888888889,618,1.0,88,1.375,0.042071197411003236,0.3559870550161812,0.9775280898876404,0.8559870550161812,0.6057576102346278,medium,unclassified
pcgnn_542.txt,True,True,True,0.3623046875,0.3711111111111111,653,1.0,62,0.96875,0.036753445635528334,0.39509954058192953,0.9682539682539683,0.9035222052067381,0.5906329261581164,medium,unclassified
pcgnn_543.txt,True,True,True,0.32421875,0.32666666666666666,692,0.9552023121387283,62,0.96875,0.02167630057803468,0.5115606936416185,0.9841269841269841,0.8641618497109826,0.5702876625722543,medium,unclassified
pcgnn_544.txt,True,True,True,0.4150390625,0.41888888888888887,599,0.9833055091819699,109,1.703125,0.038397328881469114,0.2838063439065108,0.9818181818181818,0.7996661101836394,0.6021411010538397,medium,unclassified
pcgnn_545.txt,True,True,True,0.38671875,0.39555555555555555,628,0.9442675159235668,86,1.34375,0.04617834394904458,0.35828025477707004,0.9770114942528736,0.8057324840764332,0.5961111664012739,medium,unclassified
pcgnn_546.txt,True,True,True,0.40625,0.40555555555555556,608,0.9654605263157895,77,1.203125,0.039473684210526314,0.3223684210526316,0.9871794871794872,0.837171052631579,0.6053453947368421,medium,unclassified
pcgnn_547.txt,True,True,True,0.28125,0.28888888888888886,736,1.0,62,0.96875,0.016304347826086956,0.6399456521739131,0.9841269841269841,0.9144021739130435,0.5638586956521738,medium,unclassified
pcgnn_548.txt,True,True,True,0.3984375,0.40444444444444444,616,0.9512987012987013,67,1.046875,0.05032467532467533,0.3003246753246753,0.9705882352941176,0.8409090909090909,0.6057325487012987,medium,unclassified
pcgnn_549.txt,True,True,True,0.3232421875,0.33444444444444443,693,0.9927849927849928,62,0.96875,0.01875901875901876,0.5382395382395382,0.9841269841269841,0.9018759018759018,0.5750683452831891,medium,unclassified
pcgnn_550.txt,True,True,True,0.263671875,0.26666666666666666,754,1.0,62,0.96875,0.014588859416445624,0.6803713527851459,0.9841269841269841,0.916445623342175,0.5585486778846154,medium,unclassified
pcgnn_551.txt,True,True,True,0.4189453125,0.4266666666666667,595,0.9747899159663865,120,1.875,0.040336134453781515,0.2453781512605042,0.9834710743801653,0.7714285714285715,0.599465106355042,medium,unclassified
pcgnn_552.txt,True,True,True,0.3525390625,0.35444444444444445,663,1.0,63,0.984375,0.02865761689291101,0.48114630467571645,0.96875,0.9034690799396682,0.5915448541195324,medium,unclassified
pcgnn_553.txt,True,True,True,0.384765625,0.38222222222222224,630,0.9285714285714286,69,1.078125,0.031746031746031744,0.38571428571428573,0.9714285714285714,0.8174603174603174,0.5943979414682539,medium,unclassified
pcgnn_554.txt,True,True,True,0.3349609375,0.34,681,1.0,98,1.53125,0.02936857562408223,0.5051395007342144,0.9797979797979798,0.8546255506607929,0.5845558289739353,medium,unclassified
pcgnn_555.txt,True,True,True,0.3486328125,0.35,667,0.9730134932533733,80,1.25,0.02848575712143928,0.47226386806596704,0.9876543209876543,0.8515742128935532,0.5880231271083208,medium,unclassified
pcgnn_556.txt,True,True,True,0.3291015625,0.3288888888888889,687,1.0,74,1.15625,0.033478893740902474,0.5167394468704513,0.9733333333333334,0.8908296943231441,0.5890507016466521,medium,unclassified
pcgnn_557.txt,True,True,True,0.2939453125,0.3022222222222222,723,1.0,62,0.96875,0.015214384508990318,0.603042876901798,1.0,0.9128630705394191,0.5672184312327109,medium,unclassified
pcgnn_558.txt,True,True,True,0.384765625,0.38333333333333336,630,0.9857142857142858,73,1.140625,0.04285714285714286,0.373015873015873,0.9864864864864865,0.8682539682539683,0.6042392113095237,medium,unclassified
pcgnn_559.txt,True,True,True,0.2109375,0.22111111111111112,808,1.0,62,0.96875,0.011138613861386138,0.7797029702970297,0.9841269841269841,0.9220297029702971,0.5428759282178218,medium,unclassified
pcgnn_560.txt,True,True,True,0.373046875,0.38555555555555554,642,1.0,81,1.265625,0.021806853582554516,0.3862928348909657,0.975609756097561,0.8722741433021807,0.597116554711838,medium,unclassified
pcgnn_561.txt,True,True,True,0.2900390625,0.3022222222222222,727,1.0,61,0.953125,0.011004126547455296,0.609353507565337,0.9838709677419355,0.9147180192572214,0.5600139969480742,medium,unclassified
pcgnn_562.txt,True,True,True,0.3681640625,0.37333333333333335,647,0.9860896445131375,97,1.515625,0.03554868624420402,0.38330757341576505,0.9897959183673469,0.8346213292117465,0.5927521553806028,medium,unclassified
pcgnn_563.txt,True,True,True,0.3876953125,0.4033333333333333,627,0.9585326953748007,84,1.3125,0.03827751196172249,0.32854864433811803,0.9764705882352941,0.8229665071770335,0.5974090722188995,medium,unclassified
pcgnn_564.txt,True,True,True,0.2861328125,0.3,731,1.0,62,0.96875,0.012311901504787962,0.6114911080711354,1.0,0.9138166894664843,0.5644372274709302,medium,unclassified
pcgnn_565.txt,True,True,True,0.3681640625,0.38222222222222224,647,0.9706336939721792,72,1.125,0.02936630602782071,0.3848531684698609,0.9726027397260274,0.8578052550231839,0.5949932682090417,medium,unclassified
pcgnn_566.txt,True,True,True,0.375,0.39222222222222225,640,0.915625,62,0.96875,0.0359375,0.3703125,0.9841269841269841,0.8171875,0.581328125,medium,unclassified
pcgnn_567.txt,True,True,True,0.26171875,0.26666666666666666,756,1.0,62,0.96875,0.01455026455026455,0.6693121693121693,0.9841269841269841,0.9166666666666666,0.5579881779100528,medium,unclassified
pcgnn_568.txt,True,True,True,0.23828125,0.24444444444444444,780,1.0,61,0.953125,0.017948717948717947,0.7269230769230769,1.0,0.9205128205128205,0.5467447916666666,medium,unclassified
pcgnn_569.txt,True,True,True,0.3935546875,0.39444444444444443,621,0.9838969404186796,98,1.53125,0.0322061191626409,0.35426731078904994,0.9797979797979798,0.8244766505636071,0.5981791276670692,medium,unclassified
pcgnn_570.txt,True,True,True,0.3916015625,0.4022222222222222,623,0.9807383627608347,104,1.625,0.033707865168539325,0.33226324237560195,0.9904761904761905,0.812199036918138,0.5960518973214286,medium,unclassified
pcgnn_571.txt,True,True,True,0.380859375,0.3844444444444444,634,0.9511041009463722,101,1.578125,0.031545741324921134,0.3753943217665615,0.9901960784313726,0.7902208201892744,0.5891000837933754,medium,unclassified
pcgnn_572.txt,True,True,True,0.3095703125,0.3088888888888889,707,0.9985855728429985,62,0.96875,0.02545968882602546,0.5473833097595474,0.9841269841269841,0.9094766619519095,0.5734470308079915,medium,unclassified
pcgnn_573.txt,True,True,True,0.3974609375,0.4022222222222222,617,0.9724473257698542,69,1.078125,0.04213938411669368,0.3225283630470016,0.9857142857142858,0.8589951377633711,0.6065154287378444,medium,unclassified
pcgnn_574.txt,True,True,True,0.205078125,0.2088888888888889,814,1.0,62,0.96875,0.006142506142506142,0.7764127764127764,0.9841269841269841,0.9226044226044227,0.5402051021191646,medium,unclassified
pcgnn_575.txt,True,True,True,0.4072265625,0.41333333333333333,607,0.9884678747940692,114,1.78125,0.03459637561779242,0.2915980230642504,0.9826086956521739,0.7990115321252059,0.5989389736923394,medium,unclassified
pcgnn_576.txt,True,True,True,0.3017578125,0.30333333333333334,715,1.0,62,0.96875,0.023776223776223775,0.5846153846153846,0.9682539682539683,0.9118881118881119,0.5711283052884615,medium,unclassified
pcgnn_577.txt,True,True,True,0.431640625,0.43777777777777777,582,0.9948453608247423,119,1.859375,0.04639175257731959,0.211340206185567,0.9833333333333333,0.788659793814433,0.6070695070876289,medium,unclassified
pcgnn_578.txt,True,True,True,0.357421875,0.36666666666666664,658,0.9574468085106383,62,0.96875,0.030395136778115502,0.4452887537993921,0.9841269841269841,0.8617021276595744,0.5816234090045592,medium,unclassified
pcgnn_579.txt,True,True,True,0.359375,0.36666666666666664,656,1.0,62,0.96875,0.03353658536585366,0.4176829268292683,0.9682539682539683,0.9039634146341463,0.5891768292682926,medium,unclassified
pcgnn_580.txt,True,True,True,0.3232421875,0.32666666666666666,693,0.9884559884559885,83,1.296875,0.024531024531024532,0.5425685425685426,0.9880952380952381,0.8672438672438673,0.581965441242785,medium,unclassified
pcgnn_581.txt,True,True,True,0.232421875,0.24222222222222223,786,1.0,62,0.96875,0.010178117048346057,0.7315521628498728,0.9841269841269841,0.9198473282442748,0.5488017851463104,medium,unclassified
pcgnn_582.txt,True,True,True,0.2841796875,0.2866666666666667,733,0.9931787175989086,62,0.96875,0.010914051841746248,0.6248294679399727,0.9841269841269841,0.9072305593451568,0.5625838005201228,medium,unclassified
pcgnn_583.txt,True,True,True,0.29296875,0.3011111111111111,724,1.0,61,0.953125,0.019337016574585635,0.6201657458563536,0.9838709677419355,0.914364640883978,0.5625064744475138,medium,unclassified
pcgnn_584.txt,True,True,True,0.240234375,0.24888888888888888,778,1.0,62,0.96875,0.008997429305912597,0.7339331619537275,0.9841269841269841,0.9190231362467867,0.5507857687982005,medium,unclassified
pcgnn_585.txt,True,True,True,0.3115234375,0.32555555555555554,705,1.0,62,0.96875,0.018439716312056736,0.5673758865248227,1.0,0.9106382978723404,0.5728032191932624,medium,unclassified
pcgnn_586.txt,True,True,True,0.1728515625,0.17555555555555555,847,1.0,62,0.96875,0.008264462809917356,0.8453364817001181,0.9841269841269841,0.9256198347107438,0.5314138365185951,medium,unclassified
pcgnn_587.txt,True,True,True,0.400390625,0.40555555555555556,614,0.988599348534202,115,1.796875,0.03908794788273615,0.3485342019543974,0.9827586206896551,0.7996742671009772,0.5978859171416938,medium,unclassified
pcgnn_588.txt,True,True,True,0.263671875,0.2677777777777778,754,0.9960212201591512,61,0.953125,0.017241379310344827,0.6790450928381963,1.0,0.9137931034482759,0.5532125538793103,medium,unclassified
pcgnn_589.txt,True,True,True,0.267578125,0.27666666666666667,750,1.0,62,0.96875,0.016,0.656,1.0,0.916,0.5599359374999999,medium,unclassified
pcgnn_590.txt,True,True,True,0.4130859375,0.42333333333333334,601,0.8901830282861897,72,1.125,0.04326123128119801,0.2628951747088186,0.9726027397260274,0.7687188019966722,0.5978858478057404,medium,unclassified
pcgnn_591.txt,True,True,True,0.390625,0.4022222222222222,624,0.9583333333333334,112,1.75,0.038461538461538464,0.32211538461538464,0.9823008849557522,0.7772435897435898,0.5914663461538461,medium,unclassified
pcgnn_592.txt,True,True,True,0.2724609375,0.27111111111111114,745,1.0,62,0.96875,0.020134228187919462,0.6644295302013423,0.9841269841269841,0.9154362416107382,0.5621430631291946,medium,unclassified
pcgnn_593.txt,True,True,True,0.3525390625,0.35444444444444445,663,1.0,62,0.96875,0.03167420814479638,0.4479638009049774,0.9682539682539683,0.9049773755656109,0.5869056667138008,medium,unclassified
pcgnn_594.txt,True,True,True,0.2666015625,0.27666666666666667,751,1.0,62,0.96875,0.018641810918774968,0.640479360852197,0.9841269841269841,0.9161118508655126,0.5601881085635818,medium,unclassified
pcgnn_595.txt,True,True,True,0.3173828125,0.32555555555555554,699,0.9799713876967096,62,0.96875,0.027181688125894134,0.5593705293276109,0.9682539682539683,0.8898426323319027,0.5731900762249642,medium,unclassified
pcgnn_596.txt,True,True,True,0.3330078125,0.3322222222222222,683,0.9648609077598829,75,1.171875,0.03074670571010249,0.5051244509516838,0.9868421052631579,0.8535871156661786,0.5840897522419473,medium,unclassified
pcgnn_597.txt,True,True,True,0.228515625,0.24,790,1.0,62,0.96875,0.01139240506329114,0.7354430379746836,0.9841269841269841,0.920253164556962,0.5479336431962025,medium,unclassified
pcgnn_598.txt,True,True,True,0.3642578125,0.36444444444444446,651,0.9877112135176651,102,1.59375,0.03686635944700461,0.4270353302611367,0.9805825242718447,0.8294930875576036,0.5910745787730414,medium,unclassified
pcgnn_599.txt,True,True,True,0.20703125,0.21555555555555556,812,1.0,61,0.953125,0.006157635467980296,0.7894088669950738,1.0,0.9236453201970444,0.5354814501231526,medium,unclassified
pcgnn_600.txt,True,True,True,0.2060546875,0.20555555555555555,813,1.0,62,0.96875,0.01107011070110701,0.7884378843788438,0.9841269841269841,0.922509225092251,0.541469312154059,medium,unclassified
pcgnn_601.txt,True,True,True,0.224609375,0.23333333333333334,794,1.0,62,0.96875,0.008816120906801008,0.7418136020151134,0.9841269841269841,0.9206549118387909,0.5463067734571788,medium,unclassified
pcgnn_602.txt,True,True,True,0.3779296875,0.37555555555555553,637,0.9262166405023547,66,1.03125,0.0423861852433281,0.3893249607535322,0.9850746268656716,0.8210361067503925,0.5950115593112245,medium,unclassified
pcgnn_603.txt,True,True,True,0.2734375,0.2822222222222222,744,0.9959677419354839,61,0.953125,0.01478494623655914,0.6760752688172043,0.967741935483871,0.9126344086021505,0.5554771505376344,medium,unclassified
pcgnn_604.txt,True,True,True,0.2333984375,0.23666666666666666,785,1.0,62,0.96875,0.011464968152866241,0.7350318471337579,0.9682539682539683,0.9197452229299363,0.5493368083200636,medium,unclassified
pcgnn_605.txt,True,True,True,0.4150390625,0.41888888888888887,599,0.989983305509182,111,1.734375,0.048414023372287146,0.2604340567612688,0.9821428571428571,0.8030050083472454,0.6046452746765442,medium,unclassified
pcgnn_606.txt,True,True,True,0.3125,0.3233333333333333,704,1.0,62,0.96875,0.019886363636363636,0.53125,0.9682539682539683,0.9105113636363636,0.5733664772727273,medium,unclassified
pcgnn_607.txt,True,True,True,0.2890625,0.2833333333333333,728,1.0,62,0.96875,0.024725274725274724,0.6497252747252747,0.9841269841269841,0.9134615384615384,0.5677455357142857,medium,unclassified
pcgnn_608.txt,True,True,True,0.33984375,0.3388888888888889,676,0.9689349112426036,68,1.0625,0.028106508875739646,0.4822485207100592,0.9710144927536232,0.8668639053254438,0.5876040125739644,medium,unclassified
pcgnn_609.txt,True,True,True,0.4052734375,0.4177777777777778,609,0.9589490968801314,98,1.53125,0.034482758620689655,0.2857142857142857,0.9797979797979798,0.7963875205254516,0.5979367110529556,medium,unclassified
pcgnn_610.txt,True,True,True,0.2373046875,0.24666666666666667,781,1.0,62,0.96875,0.014084507042253521,0.7323943661971831,0.9841269841269841,0.9193341869398207,0.5509709356994238,medium,unclassified
pcgnn_611.txt,True,True,True,0.2802734375,0.2866666666666667,737,1.0,62,0.96875,0.023066485753052916,0.6227951153324288,0.9841269841269841,0.9145183175033921,0.5649355760261193,medium,unclassified
pcgnn_612.txt,True,True,True,0.42578125,0.4288888888888889,588,0.9880952380952381,94,1.46875,0.04421768707482993,0.25170068027210885,0.9789473684210527,0.826530612244898,0.6105575042517006,medium,unclassified
pcgnn_613.txt,True,True,True,0.3984375,0.4022222222222222,616,0.9902597402597403,92,1.4375,0.03896103896103896,0.31655844155844154,0.989247311827957,0.8392857142857143,0.6032163149350649,medium,unclassified
pcgnn_614.txt,True,True,True,0.3701171875,0.38222222222222224,645,0.986046511627907,81,1.265625,0.03255813953488372,0.3689922480620155,0.9878048780487805,0.8589147286821706,0.5963839934593023,medium,unclassified
pcgnn_615.txt,True,True,True,0.412109375,0.4122222222222222,602,1.0,109,1.703125,0.046511627906976744,0.292358803986711,0.990909090909091,0.8172757475083057,0.6055265002076412,medium,unclassified
pcgnn_616.txt,True,True,True,0.3916015625,0.4011111111111111,623,0.9502407704654896,90,1.40625,0.04173354735152488,0.33868378812199035,0.978021978021978,0.8041733547351525,0.5964531814305778,medium,unclassified
pcgnn_617.txt,True,True,True,0.228515625,0.23555555555555555,790,1.0,62,0.96875,0.010126582278481013,0.7329113924050633,1.0,0.920253164556962,0.5476804786392405,medium,unclassified
pcgnn_618.txt,True,True,True,0.404296875,0.4066666666666667,610,0.9622950819672131,99,1.546875,0.04262295081967213,0.3114754098360656,0.99,0.7983606557377049,0.5995677510245901,medium,unclassified
pcgnn_619.txt,True,True,True,0.3623046875,0.37666666666666665,653,0.9831546707503829,62,0.96875,0.030627871362940276,0.3905053598774885,0.9841269841269841,0.886676875957121,0.5868810119161562,medium,unclassified
pcgnn_620.txt,True,True,True,0.2216796875,0.22444444444444445,797,1.0,61,0.953125,0.013801756587202008,0.7490589711417817,0.9838709677419355,0.9222082810539524,0.5411892497255332,medium,unclassified
pcgnn_621.txt,True,True,True,0.162109375,0.16333333333333333,858,1.0,62,0.96875,0.006993006993006993,0.8566433566433567,0.9841269841269841,0.9265734265734266,0.5280799278846153,medium,unclassified
pcgnn_622.txt,True,True,True,0.3564453125,0.36444444444444446,659,0.9939301972685888,68,1.0625,0.025796661608497723,0.4324734446130501,0.9855072463768116,0.8892261001517451,0.5954768410944613,medium,unclassified
pcgnn_623.txt,True,True,True,0.3359375,0.35,680,0.9955882352941177,62,0.96875,0.027941176470588237,0.48676470588235293,0.9682539682539683,0.9029411764705882,0.5808731617647058,medium,unclassified
pcgnn_624.txt,True,True,True,0.3828125,0.39222222222222225,632,0.9319620253164557,68,1.0625,0.04272151898734177,0.36075949367088606,0.9710144927536232,0.8227848101265823,0.5968057753164557,medium,unclassified
pcgnn_625.txt,True,True,True,0.33984375,0.3422222222222222,676,1.0,72,1.125,0.026627218934911243,0.4881656804733728,0.9726027397260274,0.8920118343195266,0.5910803439349112,medium,unclassified
pcgnn_626.txt,True,True,True,0.29296875,0.2966666666666667,724,0.9834254143646409,62,0.96875,0.020718232044198894,0.5939226519337016,0.9841269841269841,0.8964088397790055,0.5655580973756906,medium,unclassified
pcgnn_627.txt,True,True,True,0.361328125,0.37222222222222223,654,1.0,68,1.0625,0.03058103975535168,0.42813455657492355,1.0,0.8944954128440367,0.5986889573776758,medium,unclassified
pcgnn_628.txt,True,True,True,0.2919921875,0.29333333333333333,725,1.0,62,0.96875,0.01793103448275862,0.6179310344827587,0.9841269841269841,0.9131034482758621,0.567211880387931,medium,unclassified
pcgnn_629.txt,True,True,True,0.267578125,0.27444444444444444,750,1.0,62,0.96875,0.006666666666666667,0.6666666666666666,1.0,0.916,0.5580692708333334,medium,unclassified
pcgnn_630.txt,True,True,True,0.2880859375,0.3,729,0.9945130315500685,62,0.96875,0.013717421124828532,0.6104252400548696,0.9841269841269841,0.9080932784636488,0.5644457572445131,medium,unclassified
pcgnn_631.txt,True,True,True,0.3896484375,0.4,625,0.8,62,0.96875,0.0352,0.368,0.9841269841269841,0.6992,0.56787703125,medium,unclassified
pcgnn_632.txt,True,True,True,0.3857421875,0.39,629,0.9904610492845787,109,1.703125,0.03179650238473768,0.3751987281399046,0.990909090909091,0.8155802861685215,0.5944189996522258,medium,unclassified
pcgnn_633.txt,True,True,True,0.3837890625,0.3788888888888889,631,1.0,89,1.390625,0.03169572107765452,0.37717908082408874,0.9777777777777777,0.8573692551505546,0.6000812512381141,medium,unclassified
pcgnn_634.txt,True,True,True,0.439453125,0.4488888888888889,574,0.9895470383275261,128,2.0,0.047038327526132406,0.1951219512195122,0.9844961240310077,0.764808362369338,0.6059648573606271,medium,unclassified
pcgnn_635.txt,True,True,True,0.3251953125,0.34,691,1.0,62,0.96875,0.020260492040520984,0.5209840810419681,0.9841269841269841,0.9088277858176556,0.5769973600307525,medium,unclassified
pcgnn_636.txt,True,True,True,0.423828125,0.42,590,0.9542372881355933,112,1.75,0.04745762711864407,0.25254237288135595,0.9823008849557522,0.7627118644067796,0.6010467425847458,medium,unclassified
pcgnn_637.txt,True,True,True,0.2197265625,0.22777777777777777,799,1.0,61,0.953125,0.010012515644555695,0.7484355444305382,0.9838709677419355,0.9224030037546934,0.5398746724421151,medium,unclassified
pcgnn_638.txt,True,True,True,0.2470703125,0.2511111111111111,771,1.0,62,0.96875,0.016861219195849545,0.6861219195849546,0.9841269841269841,0.9182879377431906,0.5542990282506485,medium,unclassified
pcgnn_639.txt,True,True,True,0.423828125,0.42333333333333334,590,0.9525423728813559,106,1.65625,0.04576271186440678,0.2830508474576271,0.9906542056074766,0.7711864406779662,0.6019789459745762,medium,unclassified
pcgnn_640.txt,True,True,True,0.41796875,0.42444444444444446,596,0.6476510067114094,80,1.25,0.03859060402684564,0.2634228187919463,0.9876543209876543,0.511744966442953,0.5598704907718121,medium,unclassified
pcgnn_641.txt,True,True,True,0.423828125,0.43,590,0.888135593220339,103,1.609375,0.04406779661016949,0.2627118644067797,0.9807692307692307,0.711864406779661,0.592741657838983,medium,unclassified
pcgnn_642.txt,True,True,True,0.3740234375,0.3811111111111111,641,0.9812792511700468,85,1.328125,0.0390015600624025,0.37285491419656785,0.9883720930232558,0.8471138845553822,0.5970744259457877,medium,unclassified
pcgnn_643.txt,True,True,True,0.400390625,0.3977777777777778,614,0.8713355048859935,87,1.359375,0.04234527687296417,0.3469055374592834,0.9772727272727273,0.7280130293159609,0.587788197271987,medium,unclassified
pcgnn_644.txt,True,True,True,0.3037109375,0.31,713,1.0,62,0.96875,0.021037868162692847,0.5890603085553997,1.0,0.9116409537166901,0.5711294979400421,medium,unclassified
pcgnn_645.txt,True,True,True,0.248046875,0.26222222222222225,770,0.9974025974025974,62,0.96875,0.00909090909090909,0.7025974025974026,1.0,0.9155844155844156,0.5526324066558441,medium,unclassified
pcgnn_646.txt,True,True,True,0.328125,0.3277777777777778,688,1.0,73,1.140625,0.029069767441860465,0.5348837209302325,0.972972972972973,0.8924418604651163,0.5881177325581395,medium,unclassified
pcgnn_647.txt,True,True,True,0.400390625,0.40444444444444444,614,0.993485342019544,80,1.25,0.043973941368078175,0.3127035830618892,0.9876543209876543,0.8615635179153095,0.608146503460912,medium,unclassified
pcgnn_648.txt,True,True,True,0.3203125,0.32,696,1.0,62,0.96875,0.031609195402298854,0.5373563218390804,0.9841269841269841,0.9094827586206896,0.5779005028735631,medium,unclassified
pcgnn_649.txt,True,True,True,0.3515625,0.35444444444444445,664,1.0,69,1.078125,0.024096385542168676,0.4457831325301205,0.9714285714285714,0.8945783132530121,0.5944747740963855,medium,unclassified
pcgnn_650.txt,True,True,True,0.43359375,0.4411111111111111,580,0.9844827586206897,117,1.828125,0.04310344827586207,0.20862068965517241,0.9830508474576272,0.7810344827586206,0.6058539870689654,medium,unclassified
pcgnn_651.txt,True,True,True,0.236328125,0.24,782,1.0,62,0.96875,0.01278772378516624,0.7225063938618926,0.9841269841269841,0.9194373401534527,0.5504340832800511,medium,unclassified
pcgnn_652.txt,True,True,True,0.2001953125,0.20555555555555555,819,1.0,62,0.96875,0.009768009768009768,0.7765567765567766,0.9841269841269841,0.9230769230769231,0.5395362341651404,medium,unclassified
pcgnn_653.txt,True,True,True,0.412109375,0.4222222222222222,602,0.9983388704318937,123,1.921875,0.036544850498338874,0.26411960132890366,0.9838709677419355,0.792358803986711,0.5997956031976744,medium,unclassified
pcgnn_654.txt,True,True,True,0.396484375,0.4111111111111111,618,0.8964401294498382,85,1.328125,0.024271844660194174,0.3058252427184466,0.9883720930232558,0.7572815533980582,0.5873919144417475,medium,unclassified
pcgnn_655.txt,True,True,True,0.3681640625,0.37333333333333335,647,1.0,62,0.96875,0.021638330757341576,0.4126738794435858,0.9682539682539683,0.9026275115919629,0.5892335116402627,medium,unclassified
pcgnn_656.txt,True,True,True,0.408203125,0.41333333333333333,606,0.9834983498349835,122,1.90625,0.04455445544554455,0.29207920792079206,0.983739837398374,0.7805280528052805,0.598451036509901,medium,unclassified
pcgnn_657.txt,True,True,True,0.357421875,0.3622222222222222,658,0.9984802431610942,63,0.984375,0.034954407294832825,0.4726443768996961,0.96875,0.9012158054711246,0.5939310647796352,medium,unclassified
pcgnn_658.txt,True,True,True,0.3837890625,0.38333333333333336,631,0.9635499207606973,61,0.953125,0.03486529318541997,0.38827258320126784,0.9838709677419355,0.8652931854199684,0.5854975052000791,medium,unclassified
pcgnn_659.txt,True,True,True,0.3681640625,0.37666666666666665,647,0.9969088098918083,62,0.96875,0.03554868624420402,0.3987635239567233,0.9841269841269841,0.8995363214837713,0.5915519042214065,medium,unclassified
pcgnn_660.txt,True,True,True,0.23828125,0.24222222222222223,780,0.9987179487179487,62,0.96875,0.008974358974358974,0.7025641025641025,1.0,0.9179487179487179,0.5500340544871795,medium,unclassified
pcgnn_661.txt,True,True,True,0.3984375,0.4088888888888889,616,1.0,62,0.96875,0.040584415584415584,0.3198051948051948,0.9841269841269841,0.8977272727272727,0.601369724025974,medium,unclassified
pcgnn_662.txt,True,True,True,0.2197265625,0.22666666666666666,799,1.0,62,0.96875,0.0050062578222778474,0.7521902377972466,0.9682539682539683,0.9211514392991239,0.5441544362093241,medium,unclassified
pcgnn_663.txt,True,True,True,0.4013671875,0.4066666666666667,613,1.0,116,1.8125,0.03588907014681892,0.30505709624796085,0.9829059829059829,0.8091353996737357,0.5989582802304241,medium,unclassified
pcgnn_664.txt,True,True,True,0.2890625,0.30444444444444446,728,1.0,62,0.96875,0.01510989010989011,0.6236263736263736,0.9841269841269841,0.9134615384615384,0.5658224587912087,medium,unclassified
pcgnn_665.txt,True,True,True,0.3447265625,0.3522222222222222,671,1.0,75,1.171875,0.020864381520119227,0.46646795827123694,0.9868421052631579,0.886736214605067,0.5906012772447838,medium,unclassified
pcgnn_666.txt,True,True,True,0.4140625,0.41888888888888887,600,0.9116666666666666,95,1.484375,0.03666666666666667,0.2833333333333333,0.9895833333333334,0.7516666666666667,0.5943020833333333,medium,unclassified
pcgnn_667.txt,True,True,True,0.2392578125,0.24555555555555555,779,1.0,62,0.96875,0.011553273427471117,0.7150192554557124,0.9841269841269841,0.9191270860077022,0.5510195613366495,medium,unclassified
pcgnn_668.txt,True,True,True,0.4140625,0.4222222222222222,600,0.98,100,1.5625,0.03833333333333333,0.2816666666666667,0.9801980198019802,0.8116666666666666,0.6036354166666666,medium,unclassified
pcgnn_669.txt,True,True,True,0.376953125,0.3711111111111111,638,0.9827586206896551,62,0.96875,0.04075235109717868,0.3761755485893417,0.9682539682539683,0.8840125391849529,0.5929007885971787,medium,unclassified
pcgnn_670.txt,True,True,True,0.416015625,0.42444444444444446,598,0.9414715719063546,67,1.046875,0.038461538461538464,0.2625418060200669,0.9852941176470589,0.8277591973244147,0.6066608747909699,medium,unclassified
pcgnn_671.txt,True,True,True,0.4091796875,0.42,605,0.7768595041322314,66,1.03125,0.03636363636363636,0.29256198347107437,0.9850746268656716,0.6661157024793388,0.5799439888946281,medium,unclassified
pcgnn_672.txt,True,True,True,0.419921875,0.4222222222222222,594,0.9225589225589226,106,1.65625,0.04713804713804714,0.29292929292929293,0.9813084112149533,0.7424242424242424,0.5967678082912458,medium,unclassified
pcgnn_673.txt,True,True,True,0.345703125,0.35555555555555557,670,1.0,62,0.96875,0.028358208955223882,0.4880597014925373,0.9841269841269841,0.9059701492537313,0.5843406016791044,medium,unclassified
pcgnn_674.txt,True,True,True,0.3310546875,0.33444444444444443,685,0.9985401459854014,62,0.96875,0.033576642335766425,0.5299270072992701,1.0,0.9065693430656935,0.5810796361770073,medium,unclassified
pcgnn_675.txt,True,True,True,0.427734375,0.43333333333333335,586,0.8549488054607508,89,1.390625,0.04436860068259386,0.2440273037542662,0.9888888888888889,0.7013651877133106,0.5923988107935153,medium,unclassified
pcgnn_676.txt,True,True,True,0.23828125,0.2477777777777778,780,1.0,62,0.96875,0.007692307692307693,0.7256410256410256,0.9682539682539683,0.9192307692307692,0.549969951923077,medium,unclassified
pcgnn_677.txt,True,True,True,0.291015625,0.29777777777777775,726,1.0,62,0.96875,0.013774104683195593,0.6157024793388429,0.9841269841269841,0.9132231404958677,0.5661054795110192,medium,unclassified
pcgnn_678.txt,True,True,True,0.408203125,0.4222222222222222,606,0.6831683168316832,87,1.359375,0.0462046204620462,0.25742574257425743,0.9772727272727273,0.5379537953795379,0.5623949308993399,medium,unclassified
pcgnn_679.txt,True,True,True,0.40625,0.4011111111111111,608,0.9226973684210527,62,0.96875,0.05263157894736842,0.3125,0.9682539682539683,0.819078947368421,0.5943256578947368,medium,unclassified
pcgnn_680.txt,True,True,True,0.3515625,0.3566666666666667,664,0.9984939759036144,66,1.03125,0.025602409638554216,0.4743975903614458,0.9701492537313433,0.8975903614457831,0.5952277861445783,medium,unclassified
pcgnn_681.txt,True,True,True,0.2470703125,0.2511111111111111,771,1.0,62,0.96875,0.014267185473411154,0.7094682230869002,0.9841269841269841,0.9182879377431906,0.5537802215061608,medium,unclassified
pcgnn_682.txt,True,True,True,0.2744140625,0.28555555555555556,743,1.0,62,0.96875,0.010767160161507403,0.6527590847913862,0.9841269841269841,0.9152086137281292,0.5608214428415209,medium,unclassified
pcgnn_683.txt,True,True,True,0.3125,0.3111111111111111,704,1.0,62,0.96875,0.029829545454545456,0.5696022727272727,0.9682539682539683,0.9105113636363636,0.5753551136363636,medium,unclassified
pcgnn_684.txt,True,True,True,0.39453125,0.4066666666666667,620,0.9419354838709677,85,1.328125,0.037096774193548385,0.3258064516129032,0.9767441860465116,0.8032258064516129,0.5962626008064515,medium,unclassified
pcgnn_685.txt,True,True,True,0.2958984375,0.3022222222222222,721,1.0,62,0.96875,0.013869625520110958,0.608876560332871,0.9682539682539683,0.912621359223301,0.5674991602375173,medium,unclassified
pcgnn_686.txt,True,True,True,0.369140625,0.37222222222222223,646,0.9659442724458205,62,0.96875,0.029411764705882353,0.4195046439628483,0.9841269841269841,0.868421052631579,0.5859501983359132,medium,unclassified
pcgnn_687.txt,True,True,True,0.26171875,0.26555555555555554,756,1.0,62,0.96875,0.01455026455026455,0.671957671957672,1.0,0.9166666666666666,0.5579881779100528,medium,unclassified
pcgnn_688.txt,True,True,True,0.3583984375,0.3622222222222222,657,1.0,71,1.109375,0.0273972602739726,0.4322678843226788,0.9722222222222222,0.8904109589041096,0.5965606271404109,medium,unclassified
pcgnn_689.txt,True,True,True,0.3134765625,0.3288888888888889,703,1.0,62,0.96875,0.015647226173541962,0.5376955903271693,0.9841269841269841,0.9103840682788051,0.5727925242265292,medium,unclassified
pcgnn_690.txt,True,True,True,0.3125,0.30333333333333334,704,0.9886363636363636,62,0.96875,0.026988636363636364,0.5568181818181818,0.9841269841269841,0.8991477272727273,0.5730823863636363,medium,unclassified
pcgnn_691.txt,True,True,True,0.4423828125,0.4488888888888889,571,0.8914185639229422,116,1.8125,0.05253940455341506,0.1786339754816112,0.9829059829059829,0.6865148861646234,0.5961999575853765,medium,unclassified
pcgnn_692.txt,True,True,True,0.3486328125,0.35888888888888887,667,1.0,61,0.953125,0.026986506746626688,0.4497751124437781,0.967741935483871,0.9070464767616192,0.5796378666135681,medium,unclassified
pcgnn_693.txt,True,True,True,0.33203125,0.3377777777777778,684,0.9926900584795322,62,0.96875,0.021929824561403508,0.5146198830409356,0.9841269841269841,0.9005847953216374,0.5781455592105262,medium,unclassified
pcgnn_694.txt,True,True,True,0.173828125,0.18,846,1.0,61,0.953125,0.004728132387706856,0.8368794326241135,1.0,0.9267139479905437,0.5256949061761229,medium,unclassified
pcgnn_695.txt,True,True,True,0.28515625,0.2922222222222222,732,0.9931693989071039,62,0.96875,0.017759562841530054,0.5887978142076503,1.0,0.907103825136612,0.5642268613387977,medium,unclassified
pcgnn_696.txt,True,True,True,0.3994140625,0.4066666666666667,615,0.983739837398374,66,1.03125,0.04715447154471545,0.34146341463414637,0.9701492537313433,0.8747967479674796,0.610474625254065,medium,unclassified
pcgnn_697.txt,True,True,True,0.2578125,0.2677777777777778,760,1.0,62,0.96875,0.013157894736842105,0.6671052631578948,1.0,0.9171052631578948,0.5566036184210525,medium,unclassified
pcgnn_698.txt,True,True,True,0.3837890625,0.39222222222222225,631,1.0,91,1.421875,0.03645007923930269,0.36450079239302696,0.9782608695652174,0.8541996830427893,0.6005566870542789,medium,unclassified
pcgnn_699.txt,True,True,True,0.34765625,0.35,668,0.9296407185628742,90,1.40625,0.025449101796407185,0.4865269461077844,0.989010989010989,0.7934131736526946,0.5783986714071856,medium,unclassified
pcgnn_700.txt,True,True,True,0.421875,0.43555555555555553,592,0.9290540540540541,104,1.625,0.04222972972972973,0.21283783783783783,0.9809523809523809,0.7516891891891891,0.5977618243243243,medium,unclassified
pcgnn_701.txt,True,True,True,0.4248046875,0.43555555555555553,589,0.9745331069609507,130,2.03125,0.03395585738539898,0.24787775891341257,0.9847328244274809,0.7521222410865874,0.5970509138900679,medium,unclassified
pcgnn_702.txt,True,True,True,0.3427734375,0.3466666666666667,673,0.9598811292719168,62,0.96875,0.02823179791976226,0.4888558692421991,0.9841269841269841,0.8662704309063893,0.5774814554699108,medium,unclassified
pcgnn_703.txt,True,True,True,0.3212890625,0.31777777777777777,695,1.0,62,0.96875,0.02877697841726619,0.5294964028776978,0.9682539682539683,0.9093525179856116,0.5776074921312949,medium,unclassified
pcgnn_704.txt,True,True,True,0.2685546875,0.27444444444444444,749,1.0,62,0.96875,0.021361815754339118,0.6728971962616822,0.9682539682539683,0.9158878504672897,0.5612844469709612,medium,unclassified
pcgnn_705.txt,True,True,True,0.3564453125,0.35777777777777775,659,0.9453717754172989,86,1.34375,0.036418816388467376,0.464339908952959,0.9770114942528736,0.8133535660091047,0.5862203919290592,medium,unclassified
pcgnn_706.txt,True,True,True,0.2763671875,0.28444444444444444,741,0.9973009446693657,61,0.953125,0.020242914979757085,0.631578947368421,0.9838709677419355,0.9136302294197031,0.5575970236589067,medium,unclassified
pcgnn_707.txt,True,True,True,0.3642578125,0.36,651,0.9800307219662059,61,0.953125,0.02457757296466974,0.45161290322580644,0.9838709677419355,0.8847926267281107,0.5805055023521505,medium,unclassified
pcgnn_708.txt,True,True,True,0.3447265625,0.3422222222222222,671,1.0,62,0.96875,0.03576751117734724,0.4932935916542474,0.9682539682539683,0.9061102831594635,0.5855505134593889,medium,unclassified
pcgnn_709.txt,True,True,True,0.3046875,0.31222222222222223,712,1.0,61,0.953125,0.02247191011235955,0.5617977528089888,0.967741935483871,0.9129213483146067,0.5664325842696629,medium,unclassified
pcgnn_710.txt,True,True,True,0.2626953125,0.2688888888888889,755,1.0,62,0.96875,0.018543046357615896,0.6675496688741722,1.0,0.9165562913907285,0.5590631467301324,medium,unclassified
pcgnn_711.txt,True,True,True,0.2978515625,0.3011111111111111,719,1.0,62,0.96875,0.022253129346314324,0.5980528511821975,0.9682539682539683,0.9123783031988874,0.5697253400990959,medium,unclassified
pcgnn_712.txt,True,True,True,0.3447265625,0.35555555555555557,671,0.9865871833084948,62,0.96875,0.028315946348733235,0.46795827123695977,0.9841269841269841,0.8926974664679582,0.5820482779899403,medium,unclassified
pcgnn_713.txt,True,True,True,0.4228515625,0.4211111111111111,591,0.9289340101522843,115,1.796875,0.047377326565143825,0.2436548223350254,0.9827586206896551,0.7326565143824028,0.5962294112203892,medium,unclassified
pcgnn_714.txt,True,True,True,0.3701171875,0.37444444444444447,645,0.958139534883721,62,0.96875,0.02635658914728682,0.3984496124031008,0.9682539682539683,0.8604651162790697,0.5844387415213178,medium,unclassified
pcgnn_715.txt,True,True,True,0.34375,0.3511111111111111,672,0.9970238095238095,62,0.96875,0.02976190476190476,0.47023809523809523,0.9682539682539683,0.9032738095238095,0.5836309523809523,medium,unclassified
pcgnn_716.txt,True,True,True,0.40625,0.42,608,1.0,117,1.828125,0.04276315789473684,0.2993421052631579,0.9830508474576272,0.805921052631579,0.6013157894736842,medium,unclassified
pcgnn_717.txt,True,True,True,0.3857421875,0.3933333333333333,629,1.0,106,1.65625,0.03656597774244833,0.3481717011128776,0.9906542056074766,0.8298887122416534,0.5975191586347377,medium,unclassified
pcgnn_718.txt,True,True,True,0.234375,0.2388888888888889,784,0.9974489795918368,62,0.96875,0.016581632653061226,0.7142857142857143,0.9841269841269841,0.9170918367346939,0.5502551020408163,medium,unclassified
pcgnn_719.txt,True,True,True,0.228515625,0.2311111111111111,790,1.0,62,0.96875,0.013924050632911392,0.7620253164556962,0.9841269841269841,0.920253164556962,0.5484399723101265,medium,unclassified
pcgnn_720.txt,True,True,True,0.26953125,0.2688888888888889,748,1.0,62,0.96875,0.01871657754010695,0.6564171122994652,1.0,0.9157754010695187,0.5610315006684492,medium,unclassified
pcgnn_721.txt,True,True,True,0.3994140625,0.4011111111111111,615,0.967479674796748,75,1.171875,0.04065040650406504,0.3235772357723577,0.9736842105263158,0.8439024390243902,0.6045396659044715,medium,unclassified
pcgnn_722.txt,True,True,True,0.4228515625,0.43333333333333335,591,0.9678510998307953,97,1.515625,0.05245346869712352,0.233502538071066,0.9795918367346939,0.8020304568527918,0.6076507310173433,medium,unclassified
pcgnn_723.txt,True,True,True,0.4228515625,0.43222222222222223,591,0.9593908629441624,123,1.921875,0.049069373942470386,0.24027072758037224,0.9919354838709677,0.7495769881556683,0.5991058917618443,medium,unclassified
pcgnn_724.txt,True,True,True,0.4404296875,0.4411111111111111,573,0.8307155322862129,117,1.828125,0.04712041884816754,0.21291448516579406,0.9830508474576272,0.62478184991274,0.5852702675065444,medium,unclassified
pcgnn_725.txt,True,True,True,0.3466796875,0.3522222222222222,669,0.9895366218236173,72,1.125,0.03288490284005979,0.4618834080717489,0.9726027397260274,0.8804185351270553,0.5926436670870703,medium,unclassified
pcgnn_726.txt,True,True,True,0.322265625,0.3288888888888889,694,0.9956772334293948,62,0.96875,0.02881844380403458,0.5072046109510087,0.9682539682539683,0.9048991354466859,0.5772407465778098,medium,unclassified
pcgnn_727.txt,True,True,True,0.4052734375,0.4111111111111111,609,0.9852216748768473,114,1.78125,0.03776683087027915,0.2955665024630542,0.991304347826087,0.7963875205254516,0.5985935255028736,medium,unclassified
pcgnn_728.txt,True,True,True,0.3388671875,0.3422222222222222,677,0.9867060561299852,61,0.953125,0.029542097488921712,0.48301329394387,0.9838709677419355,0.8951255539143279,0.5754311588349335,medium,unclassified
pcgnn_729.txt,True,True,True,0.3603515625,0.36777777777777776,655,0.9633587786259542,61,0.953125,0.02748091603053435,0.4396946564885496,0.967741935483871,0.8687022900763359,0.5775007454675573,medium,unclassified
pcgnn_730.txt,True,True,True,0.3740234375,0.38222222222222224,641,1.0,114,1.78125,0.0405616224648986,0.4118564742589704,0.991304347826087,0.8205928237129485,0.5934082792999219,medium,unclassified
pcgnn_731.txt,True,True,True,0.3857421875,0.3988888888888889,629,0.972972972972973,61,0.953125,0.022257551669316374,0.3688394276629571,0.967741935483871,0.8744038155802861,0.5849284889209061,medium,unclassified
pcgnn_732.txt,True,True,True,0.349609375,0.3655555555555556,666,0.984984984984985,62,0.96875,0.024024024024024024,0.4174174174174174,0.9841269841269841,0.8903903903903904,0.5823086758633633,medium,unclassified
pcgnn_733.txt,True,True,True,0.4052734375,0.4066666666666667,609,0.9737274220032841,127,1.984375,0.04597701149425287,0.32019704433497537,0.984375,0.7635467980295566,0.595309453253284,medium,unclassified
pcgnn_734.txt,True,True,True,0.3310546875,0.3277777777777778,685,0.9138686131386862,62,0.96875,0.020437956204379562,0.5386861313868613,0.9841269841269841,0.8218978102189781,0.5657511690237226,medium,unclassified
pcgnn_735.txt,True,True,True,0.2431640625,0.2477777777777778,775,1.0,62,0.96875,0.01032258064516129,0.7225806451612903,1.0,0.9187096774193548,0.5518826864919355,medium,unclassified
pcgnn_736.txt,True,True,True,0.2109375,0.21777777777777776,808,1.0,61,0.953125,0.006188118811881188,0.775990099009901,1.0,0.9232673267326733,0.5366027227722772,medium,unclassified
pcgnn_737.txt,True,True,True,0.4072265625,0.41444444444444445,607,0.9258649093904449,120,1.875,0.03789126853377265,0.2751235584843493,0.9834710743801653,0.7265238879736409,0.5887248056528006,medium,unclassified
pcgnn_738.txt,True,True,True,0.4208984375,0.42777777777777776,593,0.9139966273187183,118,1.84375,0.04215851602023609,0.2630691399662732,0.9831932773109243,0.7133220910623946,0.5916995481134064,medium,unclassified
pcgnn_739.txt,True,True,True,0.2470703125,0.26,771,1.0,61,0.953125,0.007782101167315175,0.688715953307393,0.9838709677419355,0.9195849546044098,0.5472090071741245,medium,unclassified
pcgnn_740.txt,True,True,True,0.1982421875,0.20555555555555555,821,1.0,62,0.96875,0.0048721071863581,0.8246041412911084,1.0,0.9232643118148599,0.5379992244595005,medium,unclassified
pcgnn_741.txt,True,True,True,0.259765625,0.26555555555555554,758,1.0,62,0.96875,0.013192612137203167,0.6939313984168866,0.9841269841269841,0.91688654353562,0.5571636914577835,medium,unclassified
pcgnn_742.txt,True,True,True,0.4306640625,0.44,583,0.9451114922813036,116,1.8125,0.04631217838765009,0.21783876500857632,0.9914529914529915,0.7444253859348199,0.600125462317753,medium,unclassified
pcgnn_743.txt,True,True,True,0.408203125,0.4122222222222222,606,0.8052805280528053,63,0.984375,0.039603960396039604,0.31353135313531355,0.984375,0.6996699669966997,0.5798634746287128,medium,unclassified
pcgnn_744.txt,True,True,True,0.3017578125,0.30666666666666664,715,0.9804195804195804,61,0.953125,0.022377622377622378,0.5944055944055944,0.967741935483871,0.8937062937062937,0.5626525622814684,medium,unclassified
pcgnn_745.txt,True,True,True,0.40234375,0.4066666666666667,612,0.9950980392156863,113,1.765625,0.03758169934640523,0.3202614379084967,0.9912280701754386,0.8088235294117647,0.5995429942810457,medium,unclassified
pcgnn_746.txt,True,True,True,0.287109375,0.29444444444444445,730,0.9972602739726028,61,0.953125,0.015068493150684932,0.6671232876712329,0.9838709677419355,0.9123287671232877,0.5595895761986301,medium,unclassified
pcgnn_747.txt,True,True,True,0.3994140625,0.40444444444444444,615,0.9983739837398374,95,1.484375,0.03414634146341464,0.3235772357723577,0.9791666666666666,0.8422764227642277,0.6029949504573171,medium,unclassified
pcgnn_748.txt,True,True,True,0.3583984375,0.36,657,0.9939117199391172,63,0.984375,0.0365296803652968,0.4353120243531202,0.96875,0.8964992389649924,0.5938316031678081,medium,unclassified
pcgnn_749.txt,True,True,True,0.3740234375,0.38333333333333336,641,0.9890795631825273,92,1.4375,0.029641185647425898,0.38065522620904835,0.978494623655914,0.84399375975039,0.5947343323420436,medium,unclassified
pcgnn_750.txt,True,True,True,0.1796875,0.18777777777777777,840,1.0,61,0.953125,0.007142857142857143,0.8178571428571428,1.0,0.9261904761904762,0.5278571428571428,medium,unclassified
pcgnn_751.txt,True,True,True,0.4013671875,0.4033333333333333,613,0.9918433931484503,86,1.34375,0.03915171288743882,0.3197389885807504,0.9770114942528736,0.8499184339314845,0.6057282639172105,medium,unclassified
pcgnn_752.txt,True,True,True,0.3310546875,0.3333333333333333,685,1.0,62,0.96875,0.021897810218978103,0.5182481751824818,0.9682539682539683,0.908029197080292,0.5789628478558394,medium,unclassified
pcgnn_753.txt,True,True,True,0.37890625,0.38,636,0.9811320754716981,62,0.96875,0.0330188679245283,0.4025157232704403,0.9841269841269841,0.8820754716981132,0.5916494693396226,medium,unclassified
pcgnn_754.txt,True,True,True,0.3916015625,0.39444444444444443,623,0.9662921348314607,87,1.359375,0.033707865168539325,0.3434991974317817,0.9772727272727273,0.8250401284109149,0.5979780610453451,medium,unclassified
pcgnn_755.txt,True,True,True,0.3291015625,0.3433333333333333,687,0.992721979621543,62,0.96875,0.020378457059679767,0.5414847161572053,0.9682539682539683,0.901018922852984,0.5770214985898835,medium,unclassified
pcgnn_756.txt,True,True,True,0.2666015625,0.2722222222222222,751,1.0,61,0.953125,0.018641810918774968,0.6790945406125166,0.9838709677419355,0.9174434087882823,0.5549190922519973,medium,unclassified
pcgnn_757.txt,True,True,True,0.2333984375,0.24222222222222223,785,1.0,62,0.96875,0.012738853503184714,0.7006369426751592,0.9841269841269841,0.9197452229299363,0.5495915853901274,medium,unclassified
pcgnn_758.txt,True,True,True,0.419921875,0.41888888888888887,594,0.835016835016835,113,1.765625,0.04882154882154882,0.2609427609427609,0.9824561403508771,0.6430976430976431,0.5822055187289562,medium,unclassified
pcgnn_759.txt,True,True,True,0.3759765625,0.37555555555555553,639,0.9937402190923318,75,1.171875,0.03755868544600939,0.405320813771518,0.9736842105263158,0.8748043818466353,0.6015253631161972,medium,unclassified
pcgnn_760.txt,True,True,True,0.392578125,0.39111111111111113,622,0.9067524115755627,62,0.96875,0.04340836012861737,0.3520900321543408,0.9682539682539683,0.8054662379421221,0.5863375452170417,medium,unclassified
pcgnn_761.txt,True,True,True,0.4345703125,0.4311111111111111,579,0.9205526770293609,161,2.515625,0.055267702936096716,0.2556131260794473,0.9876543209876543,0.6407599309153713,0.587538623974525,medium,unclassified
pcgnn_762.txt,True,True,True,0.30078125,0.3088888888888889,716,1.0,61,0.953125,0.0223463687150838,0.5516759776536313,0.967741935483871,0.9134078212290503,0.5653085719273743,medium,unclassified
pcgnn_763.txt,True,True,True,0.333984375,0.33444444444444443,682,0.9912023460410557,71,1.109375,0.03225806451612903,0.5190615835777126,0.9861111111111112,0.8856304985337243,0.5894915001832844,medium,unclassified
pcgnn_764.txt,True,True,True,0.248046875,0.2577777777777778,770,1.0,62,0.96875,0.015584415584415584,0.7051948051948052,0.9841269841269841,0.9181818181818182,0.5543207183441559,medium,unclassified
pcgnn_765.txt,True,True,True,0.4150390625,0.4211111111111111,599,0.9398998330550918,93,1.453125,0.05008347245409015,0.2621035058430718,0.9893617021276596,0.7829716193656093,0.6019741561456594,medium,unclassified
pcgnn_766.txt,True,True,True,0.41015625,0.41444444444444445,604,0.956953642384106,88,1.375,0.041390728476821195,0.29304635761589404,0.9887640449438202,0.8096026490066225,0.6027654180463575,medium,unclassified
pcgnn_767.txt,True,True,True,0.2216796875,0.23,797,1.0,61,0.953125,0.011292346298619825,0.7528230865746549,1.0,0.9222082810539524,0.5406873676678168,medium,unclassified
pcgnn_768.txt,True,True,True,0.28125,0.28555555555555556,736,1.0,62,0.96875,0.021739130434782608,0.6222826086956522,0.9682539682539683,0.9144021739130435,0.564945652173913,medium,unclassified
pcgnn_769.txt,True,True,True,0.4013671875,0.4122222222222222,613,0.99836867862969,65,1.015625,0.04404567699836868,0.33278955954323003,0.9696969696969697,0.8907014681892332,0.6128245118780588,medium,unclassified
pcgnn_770.txt,True,True,True,0.2919921875,0.29444444444444445,725,0.9986206896551724,62,0.96875,0.01793103448275862,0.6137931034482759,0.9841269841269841,0.9117241379310345,0.5670049838362068,medium,unclassified
pcgnn_771.txt,True,True,True,0.3251953125,0.3377777777777778,691,1.0,62,0.96875,0.02170767004341534,0.516642547033285,1.0,0.9088277858176556,0.5772867956313315,medium,unclassified
pcgnn_772.txt,True,True,True,0.205078125,0.21222222222222223,814,1.0,62,0.96875,0.007371007371007371,0.7800982800982801,0.9841269841269841,0.9226044226044227,0.5404508023648649,medium,unclassified
pcgnn_773.txt,True,True,True,0.33203125,0.34,684,0.9751461988304093,61,0.953125,0.03070175438596491,0.5,0.9838709677419355,0.8845029239766082,0.5720189144736842,medium,unclassified
pcgnn_774.txt,True,True,True,0.4423828125,0.45222222222222225,571,0.7933450087565674,97,1.515625,0.040280210157618214,0.18739054290718038,0.9795918367346939,0.6217162872154116,0.5840283288638354,medium,unclassified
pcgnn_775.txt,True,True,True,0.384765625,0.3877777777777778,630,0.9888888888888889,62,0.96875,0.03650793650793651,0.373015873015873,0.9682539682539683,0.8888888888888888,0.5951271081349206,medium,unclassified
pcgnn_776.txt,True,True,True,0.2626953125,0.26666666666666666,755,1.0,61,0.953125,0.017218543046357615,0.6834437086092715,0.967741935483871,0.9178807947019868,0.5535281715645695,medium,unclassified
pcgnn_777.txt,True,True,True,0.427734375,0.43555555555555553,586,0.9607508532423208,81,1.265625,0.042662116040955635,0.23890784982935154,0.9878048780487805,0.8208191126279863,0.609975602602389,medium,unclassified
pcgnn_778.txt,True,True,True,0.2314453125,0.23555555555555555,787,1.0,62,0.96875,0.010165184243964422,0.7331639135959339,1.0,0.9199491740787802,0.5485215067106098,medium,unclassified
pcgnn_779.txt,True,True,True,0.2314453125,0.24222222222222223,787,1.0,62,0.96875,0.012706480304955527,0.7141041931385006,0.9841269841269841,0.9199491740787802,0.549029765922808,medium,unclassified
pcgnn_780.txt,True,True,True,0.400390625,0.39666666666666667,614,0.9771986970684039,63,0.984375,0.03745928338762215,0.33713355048859933,0.984375,0.8729641693811075,0.6030849195846906,medium,unclassified
pcgnn_781.txt,True,True,True,0.3095703125,0.31222222222222223,707,0.9858557284299858,61,0.953125,0.016973125884016973,0.5714285714285714,0.9838709677419355,0.8981612446958982,0.5645836556311881,medium,unclassified
pcgnn_782.txt,True,True,True,0.3212890625,0.3244444444444444,695,1.0,61,0.953125,0.02302158273381295,0.520863309352518,0.967741935483871,0.9107913669064748,0.5712034903327338,medium,unclassified
pcgnn_783.txt,True,True,True,0.3671875,0.3711111111111111,648,1.0,83,1.296875,0.041666666666666664,0.42746913580246915,0.9880952380952381,0.8703703703703703,0.5990451388888889,medium,unclassified
pcgnn_784.txt,True,True,True,0.373046875,0.37222222222222223,642,0.8255451713395638,77,1.203125,0.029595015576323987,0.3925233644859813,0.9743589743589743,0.7040498442367601,0.5734405422507788,medium,unclassified
pcgnn_785.txt,True,True,True,0.19140625,0.19777777777777777,828,1.0,62,0.96875,0.004830917874396135,0.8067632850241546,0.9841269841269841,0.9239130434782609,0.5360375150966183,medium,unclassified
pcgnn_786.txt,True,True,True,0.2880859375,0.2966666666666667,729,1.0,62,0.96875,0.015089163237311385,0.6021947873799726,1.0,0.9135802469135802,0.5655431509344993,medium,unclassified
pcgnn_787.txt,True,True,True,0.400390625,0.40555555555555556,614,0.9837133550488599,82,1.28125,0.048859934853420196,0.30944625407166126,0.9879518072289156,0.8485342019543974,0.6071693047638436,medium,unclassified
pcgnn_788.txt,True,True,True,0.4521484375,0.45222222222222225,561,0.8520499108734403,114,1.78125,0.04634581105169341,0.13725490196078433,0.9826086956521739,0.6470588235294118,0.5919725169897504,medium,unclassified
pcgnn_789.txt,True,True,True,0.318359375,0.3288888888888889,698,1.0,62,0.96875,0.025787965616045846,0.5616045845272206,1.0,0.9097421203438395,0.5761892236747851,medium,unclassified
pcgnn_790.txt,True,True,True,0.353515625,0.3622222222222222,662,0.974320241691843,62,0.96875,0.028700906344410877,0.4350453172205438,0.9682539682539683,0.879154078549849,0.5827304805513595,medium,unclassified
pcgnn_791.txt,True,True,True,0.2890625,0.29333333333333333,728,1.0,62,0.96875,0.027472527472527472,0.625,0.9682539682539683,0.9134615384615384,0.5682949862637362,medium,unclassified
pcgnn_792.txt,True,True,True,0.181640625,0.19555555555555557,838,1.0,62,0.96875,0.003579952267303103,0.8221957040572793,0.9841269841269841,0.9248210023866349,0.5329938283114558,medium,unclassified
pcgnn_793.txt,True,True,True,0.3828125,0.39,632,0.9556962025316456,66,1.03125,0.02689873417721519,0.3829113924050633,0.9701492537313433,0.8496835443037974,0.5976760284810126,medium,unclassified
pcgnn_794.txt,True,True,True,0.3291015625,0.33444444444444443,687,0.9985443959243085,62,0.96875,0.026200873362445413,0.5283842794759825,0.9841269841269841,0.9068413391557496,0.5790593442958515,medium,unclassified
pcgnn_795.txt,True,True,True,0.40234375,0.4077777777777778,612,1.0,87,1.359375,0.04738562091503268,0.31209150326797386,0.9772727272727273,0.8562091503267973,0.6086116217320261,medium,unclassified
pcgnn_796.txt,True,True,True,0.3076171875,0.31444444444444447,709,0.9308885754583921,61,0.953125,0.021156558533145273,0.5937940761636107,0.9838709677419355,0.843441466854725,0.5566264379848378,medium,unclassified
pcgnn_797.txt,True,True,True,0.3095703125,0.31333333333333335,707,0.9957567185289957,61,0.953125,0.024045261669024046,0.5884016973125884,0.9838709677419355,0.9080622347949081,0.5674832313030409,medium,unclassified
pcgnn_798.txt,True,True,True,0.3681640625,0.37,647,0.9891808346213292,66,1.03125,0.03554868624420402,0.45440494590417313,0.9701492537313433,0.8856259659969088,0.6004028508983771,medium,unclassified
pcgnn_799.txt,True,True,True,0.3466796875,0.3566666666666667,669,0.9835575485799701,61,0.953125,0.03288490284005979,0.4633781763826607,0.967741935483871,0.890881913303438,0.5778069238135276,medium,unclassified
pcgnn_800.txt,True,True,True,0.1787109375,0.18888888888888888,841,1.0,62,0.96875,0.005945303210463734,0.807372175980975,1.0,0.925089179548157,0.5326282188243162,medium,unclassified
pcgnn_801.txt,True,True,True,0.39453125,0.4066666666666667,620,0.9758064516129032,93,1.453125,0.037096774193548385,0.3209677419354839,0.9787234042553191,0.8241935483870968,0.5994077620967742,medium,unclassified
pcgnn_802.txt,True,True,True,0.3984375,0.4033333333333333,616,0.9967532467532467,92,1.4375,0.040584415584415584,0.32142857142857145,0.978494623655914,0.8457792207792207,0.6045150162337662,medium,unclassified
pcgnn_803.txt,True,True,True,0.23828125,0.24666666666666667,780,1.0,61,0.953125,0.010256410256410256,0.7230769230769231,0.9838709677419355,0.9205128205128205,0.5452063301282051,medium,unclassified
pcgnn_804.txt,True,True,True,0.39453125,0.3988888888888889,620,0.9338709677419355,62,0.96875,0.03387096774193549,0.3193548387096774,0.9841269841269841,0.832258064516129,0.5890347782258064,medium,unclassified
pcgnn_805.txt,True,True,True,0.4306640625,0.43666666666666665,583,0.5197255574614065,85,1.328125,0.04631217838765009,0.22641509433962265,0.9767441860465116,0.37221269296740994,0.5442935583726415,medium,unclassified
pcgnn_806.txt,True,True,True,0.2509765625,0.24888888888888888,767,1.0,61,0.953125,0.011734028683181226,0.7170795306388527,1.0,0.9191655801825294,0.5491083615140155,medium,unclassified
pcgnn_807.txt,True,True,True,0.21484375,0.22111111111111112,804,1.0,62,0.96875,0.007462686567164179,0.7736318407960199,1.0,0.9216417910447762,0.5432544309701492,medium,unclassified
pcgnn_808.txt,True,True,True,0.423828125,0.43222222222222223,590,0.9830508474576272,79,1.234375,0.03898305084745763,0.2423728813559322,0.9875,0.847457627118644,0.6120636917372881,medium,unclassified
pcgnn_809.txt,True,True,True,0.3671875,0.37444444444444447,648,0.9984567901234568,77,1.203125,0.024691358024691357,0.4351851851851852,0.9871794871794872,0.8780864197530864,0.5968074845679012,medium,unclassified
pcgnn_810.txt,True,True,True,0.28125,0.2822222222222222,736,1.0,62,0.96875,0.019021739130434784,0.6399456521739131,0.9841269841269841,0.9144021739130435,0.5644021739130435,medium,unclassified
pcgnn_811.txt,True,True,True,0.3486328125,0.3511111111111111,667,1.0,62,0.96875,0.03298350824587706,0.4587706146926537,0.9841269841269841,0.9055472263868066,0.5860811293571964,medium,unclassified
pcgnn_812.txt,True,True,True,0.3447265625,0.3522222222222222,671,0.9940387481371088,62,0.96875,0.02384500745156483,0.481371087928465,0.9682539682539683,0.9001490312965723,0.5822718249347988,medium,unclassified
pcgnn_813.txt,True,True,True,0.2578125,0.2577777777777778,760,1.0,62,0.96875,0.018421052631578946,0.6736842105263158,0.9841269841269841,0.9171052631578948,0.55765625,medium,unclassified
pcgnn_814.txt,True,True,True,0.330078125,0.33111111111111113,686,0.9897959183673469,62,0.96875,0.029154518950437316,0.5422740524781341,0.9841269841269841,0.8979591836734694,0.5786107188411078,medium,unclassified
pcgnn_815.txt,True,True,True,0.265625,0.2677777777777778,752,1.0,62,0.96875,0.0199468085106383,0.6662234042553191,1.0,0.9162234042553191,0.5601728723404255,medium,unclassified
pcgnn_816.txt,True,True,True,0.3583984375,0.35444444444444445,657,0.9969558599695586,76,1.1875,0.0319634703196347,0.4459665144596651,0.987012987012987,0.8797564687975646,0.5958756956335616,medium,unclassified
pcgnn_817.txt,True,True,True,0.3271484375,0.33444444444444443,689,1.0,68,1.0625,0.02467343976777939,0.5181422351233672,0.9855072463768116,0.8998548621190131,0.5880574485214078,medium,unclassified
pcgnn_818.txt,True,True,True,0.32421875,0.3233333333333333,692,1.0,62,0.96875,0.02745664739884393,0.5491329479768786,0.9682539682539683,0.9089595375722543,0.5781633851156068,medium,unclassified
pcgnn_819.txt,True,True,True,0.2216796875,0.2288888888888889,797,1.0,62,0.96875,0.0075282308657465494,0.7641154328732748,0.9841269841269841,0.9209535759096612,0.5452150888095985,medium,unclassified
pcgnn_820.txt,True,True,True,0.3837890625,0.3811111111111111,631,1.0,82,1.28125,0.039619651347068144,0.38351822503961963,0.9759036144578314,0.8684627575277337,0.6033300626485736,medium,unclassified
pcgnn_821.txt,True,True,True,0.4296875,0.4266666666666667,584,0.7791095890410958,75,1.171875,0.04965753424657534,0.238013698630137,0.9736842105263158,0.648972602739726,0.5861836472602739,medium,unclassified
pcgnn_822.txt,True,True,True,0.396484375,0.4022222222222222,618,0.9983818770226537,80,1.25,0.043689320388349516,0.313915857605178,0.9753086419753086,0.8673139158576052,0.6077802639563107,medium,unclassified
pcgnn_823.txt,True,True,True,0.326171875,0.3322222222222222,690,1.0,62,0.96875,0.020289855072463767,0.5217391304347826,0.9841269841269841,0.908695652173913,0.5772763813405797,medium,unclassified
pcgnn_824.txt,True,True,True,0.2431640625,0.24888888888888888,775,1.0,61,0.953125,0.0064516129032258064,0.7148387096774194,1.0,0.92,0.5458332913306452,medium,unclassified
pcgnn_825.txt,True,True,True,0.33984375,0.3477777777777778,676,0.9985207100591716,68,1.0625,0.023668639053254437,0.48372781065088755,0.9855072463768116,0.8964497041420119,0.5911543084319526,medium,unclassified
pcgnn_826.txt,True,True,True,0.3037109375,0.30666666666666664,713,1.0,62,0.96875,0.016830294530154277,0.5624123422159888,0.9841269841269841,0.9116409537166901,0.5702879832135344,medium,unclassified
pcgnn_827.txt,True,True,True,0.29296875,0.3011111111111111,724,0.9986187845303868,72,1.125,0.023480662983425413,0.6022099447513812,1.0,0.8977900552486188,0.5772552658839779,medium,unclassified
pcgnn_828.txt,True,True,True,0.3369140625,0.34555555555555556,679,1.0,62,0.96875,0.01914580265095729,0.5095729013254786,0.9841269841269841,0.9072164948453608,0.5800483535069956,medium,unclassified
pcgnn_829.txt,True,True,True,0.326171875,0.3288888888888889,690,0.9985507246376811,61,0.953125,0.02318840579710145,0.527536231884058,0.967741935483871,0.908695652173913,0.5723873414855072,medium,unclassified
pcgnn_830.txt,True,True,True,0.2822265625,0.2866666666666667,735,0.9850340136054422,62,0.96875,0.01904761904761905,0.6244897959183674,0.9841269841269841,0.8993197278911564,0.5624379517431972,medium,unclassified
pcgnn_831.txt,True,True,True,0.23828125,0.24222222222222223,780,1.0,62,0.96875,0.011538461538461539,0.732051282051282,0.9841269841269841,0.9192307692307692,0.5507391826923076,medium,unclassified
pcgnn_832.txt,True,True,True,0.3984375,0.4022222222222222,616,0.8814935064935064,78,1.21875,0.03896103896103896,0.3409090909090909,0.9873417721518988,0.7532467532467533,0.5903104707792207,medium,unclassified
pcgnn_833.txt,True,True,True,0.2568359375,0.2611111111111111,761,1.0,62,0.96875,0.01576872536136662,0.6727989487516426,0.9841269841269841,0.9172141918528253,0.5568491551001971,medium,unclassified
pcgnn_834.txt,True,True,True,0.2099609375,0.21222222222222223,809,1.0,62,0.96875,0.006180469715698393,0.7700865265760197,0.9841269841269841,0.9221260815822002,0.5416057874304697,medium,unclassified
pcgnn_835.txt,True,True,True,0.279296875,0.28555555555555556,738,1.0,62,0.96875,0.02032520325203252,0.6395663956639567,0.9682539682539683,0.9146341463414634,0.5641117251016261,medium,unclassified
pcgnn_836.txt,True,True,True,0.2734375,0.27555555555555555,744,0.9986559139784946,62,0.96875,0.01747311827956989,0.6532258064516129,0.9682539682539683,0.9139784946236559,0.5616851478494623,medium,unclassified
pcgnn_837.txt,True,True,True,0.306640625,0.32222222222222224,710,0.9929577464788732,62,0.96875,0.018309859154929577,0.5661971830985916,0.9682539682539683,0.9042253521126761,0.5703504621478873,medium,unclassified
pcgnn_838.txt,True,True,True,0.2939453125,0.29888888888888887,723,1.0,62,0.96875,0.013831258644536652,0.6016597510373444,0.9841269841269841,0.9128630705394191,0.5669418060598201,medium,unclassified
pcgnn_839.txt,True,True,True,0.2685546875,0.27444444444444444,749,1.0,62,0.96875,0.017356475300400534,0.6555407209612817,0.9841269841269841,0.9158878504672897,0.5604833788801735,medium,unclassified
pcgnn_840.txt,True,True,True,0.33203125,0.3377777777777778,684,0.9985380116959064,62,0.96875,0.021929824561403508,0.5146198830409356,0.9682539682539683,0.9064327485380117,0.5790227521929825,medium,unclassified
pcgnn_841.txt,True,True,True,0.3935546875,0.4011111111111111,621,0.9919484702093397,83,1.296875,0.0322061191626409,0.3462157809983897,0.9880952380952381,0.856682769726248,0.6030100455414653,medium,unclassified
pcgnn_842.txt,True,True,True,0.294921875,0.29777777777777775,722,1.0,62,0.96875,0.0221606648199446,0.5997229916897507,0.9841269841269841,0.9127423822714681,0.5688825528047091,medium,unclassified
pcgnn_843.txt,True,True,True,0.2587890625,0.26666666666666666,759,1.0,62,0.96875,0.014492753623188406,0.6772068511198946,0.9841269841269841,0.9169960474308301,0.5571471765892622,medium,unclassified
pcgnn_844.txt,True,True,True,0.255859375,0.2611111111111111,762,1.0,61,0.953125,0.011811023622047244,0.6929133858267716,0.9838709677419355,0.9186351706036745,0.5505090428149606,medium,unclassified
pcgnn_845.txt,True,True,True,0.376953125,0.3844444444444444,638,1.0,78,1.21875,0.032915360501567396,0.3824451410658307,0.9873417721518988,0.8761755485893417,0.6010953418887147,medium,unclassified
pcgnn_846.txt,True,True,True,0.2841796875,0.2922222222222222,733,1.0,62,0.96875,0.017735334242837655,0.6207366984993179,0.9682539682539683,0.9140518417462483,0.5649712493605048,medium,unclassified
pcgnn_847.txt,True,True,True,0.21875,0.21777777777777776,800,1.0,62,0.96875,0.015,0.7625,1.0,0.92125,0.545875,medium,unclassified
pcgnn_848.txt,True,True,True,0.396484375,0.38555555555555554,618,0.9983818770226537,74,1.15625,0.0372168284789644,0.3592233009708738,0.9733333333333334,0.8770226537216829,0.6079420762540453,medium,unclassified
pcgnn_849.txt,True,True,True,0.2099609375,0.21333333333333335,809,1.0,62,0.96875,0.007416563658838072,0.7737948084054388,0.9841269841269841,0.9221260815822002,0.5418530062190976,medium,unclassified
pcgnn_850.txt,True,True,True,0.353515625,0.3566666666666667,662,0.9954682779456193,62,0.96875,0.03172205438066465,0.4652567975830816,0.9682539682539683,0.9003021148036254,0.5865069155966767,medium,unclassified
pcgnn_851.txt,True,True,True,0.4130859375,0.41444444444444445,601,0.9883527454242929,106,1.65625,0.04991680532445923,0.30449251247920134,0.9813084112149533,0.8103161397670549,0.60545656327995,medium,unclassified
pcgnn_852.txt,True,True,True,0.392578125,0.4077777777777778,622,1.0,104,1.625,0.03536977491961415,0.33762057877813506,0.9809523809523809,0.8311897106109325,0.5995258490755627,medium,unclassified
pcgnn_853.txt,True,True,True,0.3994140625,0.4066666666666667,615,0.9121951219512195,76,1.1875,0.03414634146341464,0.34308943089430893,0.974025974025974,0.7869918699186992,0.5947022675304878,medium,unclassified
pcgnn_854.txt,True,True,True,0.3544921875,0.37222222222222223,661,0.9803328290468987,66,1.03125,0.0226928895612708,0.4402420574886536,0.9850746268656716,0.8789712556732224,0.5927319225132375,medium,unclassified
pcgnn_855.txt,True,True,True,0.2646484375,0.2644444444444444,753,1.0,62,0.96875,0.0199203187250996,0.6852589641434262,0.9841269841269841,0.9163346613545816,0.5598912941982072,medium,unclassified
pcgnn_856.txt,True,True,True,0.2451171875,0.24444444444444444,773,0.9987063389391979,61,0.953125,0.015523932729624839,0.7179818887451488,0.967741935483871,0.9184993531694696,0.5480085957713454,medium,unclassified
pcgnn_857.txt,True,True,True,0.255859375,0.2611111111111111,762,1.0,61,0.953125,0.011811023622047244,0.7099737532808399,0.9838709677419355,0.9186351706036745,0.5505090428149606,medium,unclassified
pcgnn_858.txt,True,True,True,0.2587890625,0.2644444444444444,759,1.0,61,0.953125,0.019762845849802372,0.6732542819499341,0.9838709677419355,0.9183135704874835,0.5529300734930829,medium,unclassified
pcgnn_859.txt,True,True,True,0.3271484375,0.32222222222222224,689,0.988388969521045,61,0.953125,0.026124818577648767,0.5573294629898403,1.0,0.8984034833091437,0.5717237674619013,medium,unclassified
pcgnn_860.txt,True,True,True,0.3203125,0.3288888888888889,696,0.9885057471264368,78,1.21875,0.02586206896551724,0.5373563218390804,0.9746835443037974,0.875,0.5825161637931034,medium,unclassified
pcgnn_861.txt,True,True,True,0.2685546875,0.28,749,1.0,62,0.96875,0.014686248331108143,0.6568758344459279,0.9682539682539683,0.9158878504672897,0.559949333486315,medium,unclassified
pcgnn_862.txt,True,True,True,0.1865234375,0.19777777777777777,833,1.0,62,0.96875,0.0012004801920768306,0.8307322929171669,1.0,0.9243697478991597,0.5339150894732894,medium,unclassified
pcgnn_863.txt,True,True,True,0.369140625,0.37333333333333335,646,0.9984520123839009,81,1.265625,0.02786377708978328,0.3978328173374613,0.975609756097561,0.871517027863777,0.5970424970975232,medium,unclassified
pcgnn_864.txt,True,True,True,0.240234375,0.2477777777777778,778,1.0,62,0.96875,0.02056555269922879,0.7107969151670951,0.9841269841269841,0.9190231362467867,0.5530993934768638,medium,unclassified
pcgnn_865.txt,True,True,True,0.337890625,0.3466666666666667,678,1.0,62,0.96875,0.025073746312684365,0.5029498525073747,0.9682539682539683,0.9070796460176991,0.5815063836651917,medium,unclassified
pcgnn_866.txt,True,True,True,0.3818359375,0.38666666666666666,633,0.9936808846761453,90,1.40625,0.03949447077409163,0.35071090047393366,0.989010989010989,0.8499210110584519,0.5999378270635861,medium,unclassified
pcgnn_867.txt,True,True,True,0.3984375,0.40555555555555556,616,0.9788961038961039,78,1.21875,0.04383116883116883,0.32305194805194803,0.9746835443037974,0.8506493506493507,0.6058948863636363,medium,unclassified
pcgnn_868.txt,True,True,True,0.2958984375,0.3088888888888889,721,0.9875173370319001,62,0.96875,0.019417475728155338,0.5991678224687933,0.9841269841269841,0.9001386962552012,0.5667363308339112,medium,unclassified
pcgnn_869.txt,True,True,True,0.2373046875,0.24555555555555555,781,1.0,62,0.96875,0.0076824583866837385,0.7259923175416133,1.0,0.9193341869398207,0.5496905259683098,medium,unclassified
pcgnn_870.txt,True,True,True,0.2294921875,0.23333333333333334,789,1.0,62,0.96875,0.011406844106463879,0.7414448669201521,0.9841269841269841,0.9201520912547528,0.5482143387595056,medium,unclassified
pcgnn_871.txt,True,True,True,0.2177734375,0.22333333333333333,801,1.0,62,0.96875,0.011235955056179775,0.7677902621722846,0.9841269841269841,0.9213483146067416,0.5448439694522471,medium,unclassified
pcgnn_872.txt,True,True,True,0.337890625,0.3488888888888889,678,0.9808259587020649,61,0.953125,0.02654867256637168,0.5,0.967741935483871,0.8893805309734514,0.573677751659292,medium,unclassified
pcgnn_873.txt,True,True,True,0.2529296875,0.25666666666666665,765,1.0,62,0.96875,0.01045751633986928,0.6862745098039216,0.9682539682539683,0.9176470588235294,0.5546799683415032,medium,unclassified
pcgnn_874.txt,True,True,True,0.337890625,0.3422222222222222,678,0.9572271386430679,62,0.96875,0.02359882005899705,0.5014749262536873,0.9841269841269841,0.8643067846607669,0.5747954692109145,medium,unclassified
pcgnn_875.txt,True,True,True,0.3134765625,0.32555555555555554,703,1.0,62,0.96875,0.02275960170697013,0.5462304409672831,0.9682539682539683,0.9103840682788051,0.5742149993332147,medium,unclassified
pcgnn_876.txt,True,True,True,0.3701171875,0.37555555555555553,645,1.0,85,1.328125,0.027906976744186046,0.4372093023255814,0.9767441860465116,0.8666666666666667,0.5966165515988372,medium,unclassified
pcgnn_877.txt,True,True,True,0.259765625,0.2633333333333333,758,1.0,62,0.96875,0.018469656992084433,0.6781002638522428,0.9841269841269841,0.91688654353562,0.5582191004287599,medium,unclassified
pcgnn_878.txt,True,True,True,0.408203125,0.41888888888888887,606,1.0,126,1.96875,0.04455445544554455,0.2887788778877888,0.984251968503937,0.7904290429042904,0.5999361850247524,medium,unclassified
pcgnn_879.txt,True,True,True,0.3154296875,0.3188888888888889,701,0.9957203994293866,62,0.96875,0.02710413694721826,0.5592011412268189,0.9841269841269841,0.905848787446505,0.5749895517564194,medium,unclassified
pcgnn_880.txt,True,True,True,0.26953125,0.2811111111111111,748,1.0,61,0.953125,0.008021390374331552,0.6390374331550802,0.9838709677419355,0.9171122994652406,0.5536242479946524,medium,unclassified
pcgnn_881.txt,True,True,True,0.3896484375,0.3988888888888889,625,0.952,88,1.375,0.0448,0.3488,0.9775280898876404,0.8096,0.59729453125,medium,unclassified
pcgnn_882.txt,True,True,True,0.3037109375,0.31666666666666665,713,1.0,62,0.96875,0.021037868162692847,0.5778401122019635,0.9841269841269841,0.9116409537166901,0.5711294979400421,medium,unclassified
pcgnn_883.txt,True,True,True,0.228515625,0.23666666666666666,790,1.0,62,0.96875,0.012658227848101266,0.7354430379746836,1.0,0.920253164556962,0.5481868077531645,medium,unclassified
pcgnn_884.txt,True,True,True,0.4140625,0.41333333333333333,600,0.9383333333333334,109,1.703125,0.04666666666666667,0.31333333333333335,0.990909090909091,0.755,0.5968020833333333,medium,unclassified
pcgnn_885.txt,True,True,True,0.2978515625,0.30666666666666664,719,0.9888734353268428,61,0.953125,0.01808066759388039,0.5591098748261474,0.9838709677419355,0.9026425591098748,0.5619617361352572,medium,unclassified
pcgnn_886.txt,True,True,True,0.3349609375,0.33666666666666667,681,1.0,62,0.96875,0.030837004405286344,0.4933920704845815,0.9841269841269841,0.9074889867841409,0.5818415301486783,medium,unclassified
pcgnn_887.txt,True,True,True,0.4267578125,0.44222222222222224,587,0.6882453151618398,81,1.265625,0.04088586030664395,0.21124361158432708,0.975609756097561,0.5485519591141397,0.5684873096784497,medium,unclassified
pcgnn_888.txt,True,True,True,0.2548828125,0.2633333333333333,763,1.0,62,0.96875,0.015727391874180863,0.6828309305373526,0.9841269841269841,0.9174311926605505,0.5562875010239188,medium,unclassified
pcgnn_889.txt,True,True,True,0.3134765625,0.31666666666666665,703,0.9985775248933144,61,0.953125,0.021337126600284494,0.5832147937411095,0.9838709677419355,0.9103840682788051,0.5684617543118776,medium,unclassified
pcgnn_890.txt,True,True,True,0.404296875,0.4111111111111111,610,0.8081967213114755,69,1.078125,0.04590163934426229,0.3262295081967213,0.9857142857142858,0.6934426229508197,0.5844857838114754,medium,unclassified
pcgnn_891.txt,True,True,True,0.2734375,0.27444444444444444,744,1.0,61,0.953125,0.016129032258064516,0.6612903225806451,0.967741935483871,0.9166666666666666,0.5563508064516128,medium,unclassified
pcgnn_892.txt,True,True,True,0.23046875,0.24888888888888888,788,1.0,62,0.96875,0.005076142131979695,0.6979695431472082,1.0,0.9200507614213198,0.5472259676395939,medium,unclassified
pcgnn_893.txt,True,True,True,0.271484375,0.2722222222222222,746,1.0,61,0.953125,0.013404825737265416,0.6568364611260054,0.967741935483871,0.9168900804289544,0.5552535397117961,medium,unclassified
pcgnn_894.txt,True,True,True,0.3447265625,0.3488888888888889,671,0.9895678092399404,62,0.96875,0.026825633383010434,0.4798807749627422,0.9682539682539683,0.8956780923994039,0.5821973092865127,medium,unclassified
pcgnn_895.txt,True,True,True,0.4013671875,0.4077777777777778,613,0.9787928221859706,74,1.15625,0.03915171288743882,0.3181076672104405,0.9733333333333334,0.8564437194127243,0.6067070567393964,medium,unclassified
pcgnn_896.txt,True,True,True,0.4306640625,0.44555555555555554,583,0.9605488850771869,130,2.03125,0.0411663807890223,0.22126929674099485,0.9847328244274809,0.7358490566037735,0.5978098533983704,medium,unclassified
pcgnn_897.txt,True,True,True,0.27734375,0.2833333333333333,740,1.0,62,0.96875,0.022972972972972974,0.6513513513513514,0.9841269841269841,0.9148648648648648,0.5640899493243243,medium,unclassified
pcgnn_898.txt,True,True,True,0.3203125,0.33444444444444443,696,0.9956896551724138,62,0.96875,0.022988505747126436,0.5057471264367817,1.0,0.9051724137931034,0.5755298132183908,medium,unclassified
pcgnn_899.txt,True,True,True,0.25390625,0.25666666666666665,764,0.9921465968586387,62,0.96875,0.015706806282722512,0.6950261780104712,0.9841269841269841,0.9096858638743456,0.5548286158376963,medium,unclassified
pcgnn_900.txt,True,True,True,0.2998046875,0.3111111111111111,717,1.0,62,0.96875,0.01813110181311018,0.5746164574616457,0.9841269841269841,0.9121338912133892,0.5694502102946304,medium,unclassified
pcgnn_901.txt,True,True,True,0.23828125,0.2477777777777778,780,1.0,62,0.96875,0.008974358974358974,0.7012820512820512,1.0,0.9192307692307692,0.5502263621794872,medium,unclassified
pcgnn_902.txt,True,True,True,0.392578125,0.3977777777777778,622,0.9967845659163987,76,1.1875,0.03858520900321544,0.36012861736334406,0.974025974025974,0.8729903536977492,0.6064390323553055,medium,unclassified
pcgnn_903.txt,True,True,True,0.248046875,0.24888888888888888,770,1.0,62,0.96875,0.01818181818181818,0.6987012987012987,0.9682539682539683,0.9181818181818182,0.5548401988636363,medium,unclassified
pcgnn_904.txt,True,True,True,0.3720703125,0.37,643,0.968895800933126,62,0.96875,0.04354587869362364,0.4261275272161742,0.9682539682539683,0.8709175738724728,0.5900304055695956,medium,unclassified
pcgnn_905.txt,True,True,True,0.3935546875,0.3988888888888889,621,1.0,93,1.453125,0.027375201288244767,0.36231884057971014,0.9893617021276596,0.8486312399355878,0.6008361324979871,medium,unclassified
pcgnn_906.txt,True,True,True,0.283203125,0.28444444444444444,734,1.0,62,0.96875,0.01907356948228883,0.6076294277929155,1.0,0.9141689373297003,0.5649634919959128,medium,unclassified
pcgnn_907.txt,True,True,True,0.28125,0.2866666666666667,736,1.0,62,0.96875,0.019021739130434784,0.657608695652174,0.9682539682539683,0.9144021739130435,0.5644021739130435,medium,unclassified
pcgnn_908.txt,True,True,True,0.3212890625,0.31777777777777777,695,0.9985611510791367,62,0.96875,0.02877697841726619,0.5496402877697841,0.9682539682539683,0.9079136690647482,0.5773916647931654,medium,unclassified
pcgnn_909.txt,True,True,True,0.400390625,0.4122222222222222,614,0.9788273615635179,89,1.390625,0.043973941368078175,0.31596091205211724,0.9777777777777777,0.8322475570032574,0.6037491093241042,medium,unclassified
pcgnn_910.txt,True,True,True,0.3515625,0.35444444444444445,664,1.0,62,0.96875,0.025602409638554216,0.4683734939759036,0.9841269841269841,0.9051204819277109,0.5854198042168675,medium,unclassified
pcgnn_911.txt,True,True,True,0.240234375,0.2511111111111111,778,1.0,62,0.96875,0.010282776349614395,0.7095115681233933,1.0,0.9190231362467867,0.5510428382069409,medium,unclassified
pcgnn_912.txt,True,True,True,0.4306640625,0.43444444444444447,583,0.9622641509433962,106,1.65625,0.044596912521440824,0.24013722126929674,0.9813084112149533,0.7787307032590052,0.6049282067431389,medium,unclassified
pcgnn_913.txt,True,True,True,0.423828125,0.41888888888888887,590,0.911864406779661,94,1.46875,0.03898305084745763,0.2576271186440678,0.9894736842105263,0.7508474576271187,0.5975721663135592,medium,unclassified
pcgnn_914.txt,True,True,True,0.3515625,0.36444444444444446,664,1.0,62,0.96875,0.01957831325301205,0.4563253012048193,0.9682539682539683,0.9051204819277109,0.584214984939759,medium,unclassified
pcgnn_915.txt,True,True,True,0.4072265625,0.41555555555555557,607,0.9752883031301482,65,1.015625,0.03130148270181219,0.29654036243822074,0.9848484848484849,0.8665568369028006,0.6084117908257825,medium,unclassified
pcgnn_916.txt,True,True,True,0.259765625,0.2633333333333333,758,1.0,62,0.96875,0.021108179419525065,0.6860158311345647,0.9682539682539683,0.91688654353562,0.558746804914248,medium,unclassified
pcgnn_917.txt,True,True,True,0.400390625,0.41444444444444445,614,1.0,83,1.296875,0.026058631921824105,0.31433224755700323,1.0,0.8631921824104235,0.6048077412459283,medium,unclassified
pcgnn_918.txt,True,True,True,0.3310546875,0.3377777777777778,685,0.964963503649635,61,0.953125,0.026277372262773723,0.491970802919708,0.9838709677419355,0.8744525547445255,0.5693335139142335,medium,unclassified
pcgnn_919.txt,True,True,True,0.275390625,0.28555555555555556,742,0.9946091644204852,62,0.96875,0.016172506738544475,0.6576819407008087,0.9682539682539683,0.9097035040431267,0.5613697144541778,medium,unclassified
pcgnn_920.txt,True,True,True,0.30078125,0.3111111111111111,716,1.0,62,0.96875,0.013966480446927373,0.5754189944134078,0.9841269841269841,0.9120111731843575,0.5688918470670391,medium,unclassified
pcgnn_921.txt,True,True,True,0.224609375,0.23555555555555555,794,1.0,62,0.96875,0.008816120906801008,0.7493702770780857,0.9682539682539683,0.9206549118387909,0.5463067734571788,medium,unclassified
pcgnn_922.txt,True,True,True,0.35546875,0.36333333333333334,660,1.0,64,1.0,0.02878787878787879,0.4636363636363636,0.9846153846153847,0.9015151515151515,0.5976254734848484,medium,unclassified
pcgnn_923.txt,True,True,True,0.412109375,0.41444444444444445,602,0.9717607973421927,109,1.703125,0.04152823920265781,0.27408637873754155,0.9818181818181818,0.7890365448504983,0.6002939420681063,medium,unclassified
pcgnn_924.txt,True,True,True,0.234375,0.24222222222222223,784,1.0,62,0.96875,0.012755102040816327,0.7270408163265306,1.0,0.9196428571428571,0.5498724489795918,medium,unclassified
pcgnn_925.txt,True,True,True,0.4208984375,0.4211111111111111,593,0.9814502529510961,96,1.5,0.048903878583473864,0.2782462057335582,0.979381443298969,0.8178752107925801,0.6087315885855817,medium,unclassified
pcgnn_926.txt,True,True,True,0.234375,0.24222222222222223,784,1.0,62,0.96875,0.006377551020408163,0.7257653061224489,1.0,0.9196428571428571,0.5485969387755102,medium,unclassified
pcgnn_927.txt,True,True,True,0.294921875,0.2966666666666667,722,0.9986149584487535,62,0.96875,0.0332409972299169,0.6121883656509696,0.9682539682539683,0.9113573407202216,0.5708908630540166,medium,unclassified
pcgnn_928.txt,True,True,True,0.40234375,0.4033333333333333,612,0.9852941176470589,90,1.40625,0.042483660130718956,0.3088235294117647,0.989010989010989,0.8366013071895425,0.6046900531045751,medium,unclassified
pcgnn_929.txt,True,True,True,0.2734375,0.27555555555555555,744,1.0,62,0.96875,0.024193548387096774,0.668010752688172,0.9682539682539683,0.9153225806451613,0.5632308467741935,medium,unclassified
pcgnn_930.txt,True,True,True,0.2998046875,0.30333333333333334,717,0.9888423988842399,62,0.96875,0.019525801952580194,0.5899581589958159,0.9841269841269841,0.900976290097629,0.5680555101551603,medium,unclassified
pcgnn_931.txt,True,True,True,0.40625,0.40444444444444444,608,0.9720394736842105,70,1.09375,0.039473684210526314,0.2911184210526316,0.971830985915493,0.8552631578947368,0.6080592105263158,medium,unclassified
pcgnn_932.txt,True,True,True,0.287109375,0.29888888888888887,730,1.0,62,0.96875,0.009589041095890411,0.6205479452054794,1.0,0.9136986301369863,0.564167915239726,medium,unclassified
pcgnn_933.txt,True,True,True,0.37890625,0.3844444444444444,636,1.0,85,1.328125,0.03930817610062893,0.38207547169811323,0.9767441860465116,0.8647798742138365,0.6012504913522012,medium,unclassified
pcgnn_934.txt,True,True,True,0.361328125,0.3655555555555556,654,1.0,63,0.984375,0.027522935779816515,0.463302752293578,0.96875,0.9021406727828746,0.5937553755733944,medium,unclassified
pcgnn_935.txt,True,True,True,0.400390625,0.4011111111111111,614,0.9853420195439739,76,1.1875,0.043973941368078175,0.3257328990228013,0.974025974025974,0.8599348534201955,0.607902203786645,medium,unclassified
pcgnn_936.txt,True,True,True,0.3974609375,0.39666666666666667,617,1.0,69,1.078125,0.03727714748784441,0.34521880064829824,0.9714285714285714,0.8865478119935171,0.6096758825465964,medium,unclassified
pcgnn_937.txt,True,True,True,0.3935546875,0.4033333333333333,621,0.9951690821256038,88,1.375,0.033816425120772944,0.3285024154589372,0.9775280898876404,0.8518518518518519,0.6026074690519323,medium,unclassified
pcgnn_938.txt,True,True,True,0.271484375,0.2688888888888889,746,1.0,62,0.96875,0.022788203753351208,0.6729222520107239,0.9682539682539683,0.9155495978552279,0.5623978929289544,medium,unclassified
pcgnn_939.txt,True,True,True,0.33984375,0.3388888888888889,676,1.0,62,0.96875,0.026627218934911243,0.507396449704142,0.9682539682539683,0.9068047337278107,0.5823617788461538,medium,unclassified
pcgnn_940.txt,True,True,True,0.42578125,0.4266666666666667,588,0.9421768707482994,107,1.671875,0.03741496598639456,0.23639455782312926,0.9814814814814815,0.7585034013605442,0.5989928784013605,medium,unclassified
pcgnn_941.txt,True,True,True,0.37890625,0.38222222222222224,636,0.9764150943396226,74,1.15625,0.04245283018867924,0.3757861635220126,0.9733333333333334,0.8584905660377359,0.6009360259433962,medium,unclassified
pcgnn_942.txt,True,True,True,0.2373046875,0.24,781,1.0,62,0.96875,0.016645326504481434,0.7183098591549296,0.9841269841269841,0.9193341869398207,0.5514830995918694,medium,unclassified
pcgnn_943.txt,True,True,True,0.2890625,0.2877777777777778,728,1.0,62,0.96875,0.020604395604395604,0.6208791208791209,0.9841269841269841,0.9134615384615384,0.5669213598901098,medium,unclassified
pcgnn_944.txt,True,True,True,0.2294921875,0.23444444444444446,789,1.0,62,0.96875,0.01394169835234474,0.714828897338403,0.9682539682539683,0.9201520912547528,0.5487213096086818,medium,unclassified
pcgnn_945.txt,True,True,True,0.2392578125,0.2411111111111111,779,1.0,62,0.96875,0.01540436456996149,0.72400513478819,1.0,0.9191270860077022,0.5517897795651476,medium,unclassified
pcgnn_946.txt,True,True,True,0.3896484375,0.38555555555555554,625,0.9552,73,1.140625,0.0336,0.3664,1.0,0.8368,0.5991345312499999,medium,unclassified
pcgnn_947.txt,True,True,True,0.25390625,0.2511111111111111,764,1.0,62,0.96875,0.02617801047120419,0.6976439790575916,0.9841269841269841,0.9175392670157068,0.5581008671465968,medium,unclassified
pcgnn_948.txt,True,True,True,0.2236328125,0.23333333333333334,795,1.0,62,0.96875,0.010062893081761006,0.7496855345911949,1.0,0.9207547169811321,0.546278129913522,medium,unclassified
pcgnn_949.txt,True,True,True,0.3408203125,0.3511111111111111,675,0.9807407407407407,61,0.953125,0.025185185185185185,0.4888888888888889,0.967741935483871,0.8888888888888888,0.5742102141203703,medium,unclassified
pcgnn_950.txt,True,True,True,0.396484375,0.39444444444444443,618,0.9223300970873787,83,1.296875,0.040453074433656956,0.3300970873786408,0.9880952380952381,0.7864077669902912,0.5949970924352751,medium,unclassified
pcgnn_951.txt,True,True,True,0.41796875,0.42,596,0.9312080536912751,92,1.4375,0.03691275167785235,0.27181208053691275,0.978494623655914,0.7751677852348994,0.5990483431208053,medium,unclassified
pcgnn_952.txt,True,True,True,0.2998046875,0.3011111111111111,717,0.9776847977684798,62,0.96875,0.029288702928870293,0.5871687587168759,0.9841269841269841,0.8898186889818689,0.5683344501830543,medium,unclassified
pcgnn_953.txt,True,True,True,0.34375,0.3511111111111111,672,1.0,62,0.96875,0.02976190476190476,0.47172619047619047,0.9682539682539683,0.90625,0.5840773809523809,medium,unclassified
pcgnn_954.txt,True,True,True,0.330078125,0.33555555555555555,686,1.0,62,0.96875,0.026239067055393587,0.5393586005830904,0.9841269841269841,0.9081632653061225,0.579558240706997,medium,unclassified
pcgnn_955.txt,True,True,True,0.3759765625,0.38222222222222224,639,0.9107981220657277,64,1.0,0.0406885758998435,0.38028169014084506,0.9846153846153847,0.809076682316119,0.5922921862773866,medium,unclassified
pcgnn_956.txt,True,True,True,0.3095703125,0.31777777777777777,707,0.9957567185289957,62,0.96875,0.02545968882602546,0.5756718528995757,0.9841269841269841,0.9066478076379066,0.5730227026608911,medium,unclassified
pcgnn_957.txt,True,True,True,0.376953125,0.38222222222222224,638,0.9984326018808778,86,1.34375,0.032915360501567396,0.3510971786833856,0.9885057471264368,0.8620689655172413,0.5989793544278996,medium,unclassified
pcgnn_958.txt,True,True,True,0.2587890625,0.2722222222222222,759,1.0,62,0.96875,0.013175230566534914,0.6785243741765481,0.9841269841269841,0.9169960474308301,0.5568836719779315,medium,unclassified
pcgnn_959.txt,True,True,True,0.2294921875,0.23333333333333334,789,0.9987325728770595,62,0.96875,0.010139416983523447,0.7490494296577946,1.0,0.9188846641318125,0.5477707392664766,medium,unclassified
pcgnn_960.txt,True,True,True,0.3212890625,0.32666666666666666,695,0.9971223021582734,62,0.96875,0.027338129496402876,0.5410071942446043,1.0,0.9064748201438849,0.5768880676708633,medium,unclassified
pcgnn_961.txt,True,True,True,0.185546875,0.19,834,1.0,62,0.96875,0.01079136690647482,0.815347721822542,0.9841269841269841,0.9244604316546763,0.5355539006294964,medium,unclassified
pcgnn_962.txt,True,True,True,0.1826171875,0.19111111111111112,837,0.998805256869773,62,0.96875,0.005973715651135006,0.8243727598566308,1.0,0.9235364396654719,0.5335728653300478,medium,unclassified
pcgnn_963.txt,True,True,True,0.35546875,0.36333333333333334,660,0.996969696969697,62,0.96875,0.031818181818181815,0.43636363636363634,0.9682539682539683,0.9015151515151515,0.5872940340909091,medium,unclassified
pcgnn_964.txt,True,True,True,0.328125,0.3411111111111111,688,0.9840116279069767,62,0.96875,0.02616279069767442,0.5232558139534884,0.9682539682539683,0.8924418604651163,0.5765988372093023,medium,unclassified
pcgnn_965.txt,True,True,True,0.388671875,0.3977777777777778,626,0.9744408945686901,70,1.09375,0.038338658146964855,0.34345047923322686,0.9859154929577465,0.8610223642172524,0.6034226487619808,medium,unclassified
pcgnn_966.txt,True,True,True,0.197265625,0.20222222222222222,822,1.0,62,0.96875,0.0072992700729927005,0.8041362530413625,0.9682539682539683,0.9233576642335767,0.538205691149635,medium,unclassified
pcgnn_967.txt,True,True,True,0.361328125,0.36777777777777776,654,0.9938837920489296,62,0.96875,0.035168195718654434,0.43425076452599387,0.9682539682539683,0.8975535168195719,0.5891276041666667,medium,unclassified
pcgnn_968.txt,True,True,True,0.34765625,0.3466666666666667,668,0.937125748502994,62,0.96875,0.03293413173652695,0.46706586826347307,0.9682539682539683,0.842814371257485,0.5763683570359281,medium,unclassified
pcgnn_969.txt,True,True,True,0.2744140625,0.28,743,1.0,62,0.96875,0.012113055181695828,0.629878869448183,0.9841269841269841,0.9152086137281292,0.5610906218455586,medium,unclassified
pcgnn_970.txt,True,True,True,0.279296875,0.28,738,1.0,61,0.953125,0.023035230352303523,0.6558265582655827,0.967741935483871,0.9159891598915989,0.5593882325542006,medium,unclassified
pcgnn_971.txt,True,True,True,0.2568359375,0.2688888888888889,761,1.0,62,0.96875,0.01576872536136662,0.6544021024967148,0.9841269841269841,0.9172141918528253,0.5568491551001971,medium,unclassified
pcgnn_972.txt,True,True,True,0.1787109375,0.1922222222222222,841,1.0,62,0.96875,0.0047562425683709865,0.8323424494649228,1.0,0.925089179548157,0.5323904066958977,medium,unclassified
pcgnn_973.txt,True,True,True,0.376953125,0.37666666666666665,638,0.9106583072100314,61,0.953125,0.045454545454545456,0.4012539184952978,0.9838709677419355,0.8134796238244514,0.5777925401645768,medium,unclassified
pcgnn_974.txt,True,True,True,0.3974609375,0.4011111111111111,617,1.0,84,1.3125,0.04213938411669368,0.34035656401944897,0.9882352941176471,0.8622366288492707,0.6070016524007293,medium,unclassified
pcgnn_975.txt,True,True,True,0.4306640625,0.4266666666666667,583,0.9262435677530018,73,1.140625,0.05660377358490566,0.2521440823327616,0.9864864864864865,0.7993138936535163,0.6104170575150085,medium,unclassified
pcgnn_976.txt,True,True,True,0.3720703125,0.37555555555555553,643,0.9937791601866252,83,1.296875,0.03265940902021773,0.40902021772939345,1.0,0.8631415241057543,0.5976242041699067,medium,unclassified
pcgnn_977.txt,True,True,True,0.3271484375,0.32555555555555554,689,0.9898403483309144,61,0.953125,0.027576197387518143,0.5283018867924528,0.967741935483871,0.8998548621190131,0.5722317500453555,medium,unclassified
pcgnn_978.txt,True,True,True,0.2861328125,0.2833333333333333,731,1.0,62,0.96875,0.017783857729138167,0.6265389876880985,1.0,0.9138166894664843,0.5655316187158003,medium,unclassified
pcgnn_979.txt,True,True,True,0.3984375,0.39,616,1.0,98,1.53125,0.04383116883116883,0.3474025974025974,0.9797979797979798,0.8392857142857143,0.6041903409090909,medium,unclassified
pcgnn_980.txt,True,True,True,0.3173828125,0.3088888888888889,699,1.0,62,0.96875,0.01859799713876967,0.5522174535050072,1.0,0.9098712446351931,0.574477629873033,medium,unclassified
pcgnn_981.txt,True,True,True,0.30859375,0.3111111111111111,708,0.9915254237288136,61,0.953125,0.025423728813559324,0.5649717514124294,0.9838709677419355,0.903954802259887,0.5668498411016949,medium,unclassified
pcgnn_982.txt,True,True,True,0.392578125,0.39111111111111113,622,0.9839228295819936,88,1.375,0.04180064308681672,0.3360128617363344,0.9887640449438202,0.8408360128617364,0.6022589680466238,medium,unclassified
pcgnn_983.txt,True,True,True,0.3740234375,0.3844444444444444,641,1.0,63,0.984375,0.0327613104524181,0.3790951638065523,0.96875,0.9001560062402496,0.598313944276521,medium,unclassified
pcgnn_984.txt,True,True,True,0.203125,0.20666666666666667,816,1.0,62,0.96875,0.00980392156862745,0.7855392156862745,1.0,0.9227941176470589,0.5403799019607842,medium,unclassified
pcgnn_985.txt,True,True,True,0.26953125,0.2822222222222222,748,1.0,62,0.96875,0.008021390374331552,0.6550802139037433,1.0,0.9157754010695187,0.5588924632352941,medium,unclassified
pcgnn_986.txt,True,True,True,0.3447265625,0.35555555555555557,671,0.9344262295081968,62,0.96875,0.029806259314456036,0.4783904619970194,0.9682539682539683,0.8405365126676602,0.5745221975130401,medium,unclassified
pcgnn_987.txt,True,True,True,0.3486328125,0.3477777777777778,667,0.9865067466266867,74,1.15625,0.029985007496251874,0.48425787106446777,0.9866666666666667,0.8740629685157422,0.5916962905266117,medium,unclassified
pcgnn_988.txt,True,True,True,0.3603515625,0.37444444444444447,655,1.0,62,0.96875,0.025954198473282442,0.4351145038167939,0.9682539682539683,0.9038167938931297,0.587931327528626,medium,unclassified
pcgnn_989.txt,True,True,True,0.3271484375,0.33444444444444443,689,0.9854862119013063,62,0.96875,0.027576197387518143,0.5283018867924528,0.9682539682539683,0.8940493468795355,0.576829672759434,medium,unclassified
pcgnn_990.txt,True,True,True,0.267578125,0.2633333333333333,750,1.0,62,0.96875,0.024,0.6706666666666666,0.9682539682539683,0.916,0.5615359375,medium,unclassified
pcgnn_991.txt,True,True,True,0.3740234375,0.37666666666666665,641,0.9906396255850234,73,1.140625,0.0358814352574103,0.41497659906396256,0.9864864864864865,0.875195007800312,0.6006625694715289,medium,unclassified
pcgnn_992.txt,True,True,True,0.34765625,0.3511111111111111,668,0.9985029940119761,83,1.296875,0.02844311377245509,0.4820359281437126,0.9880952380952381,0.8727544910179641,0.5908986714071855,medium,unclassified
pcgnn_993.txt,True,True,True,0.2998046875,0.3055555555555556,717,1.0,62,0.96875,0.019525801952580194,0.6080892608089261,0.9841269841269841,0.9121338912133892,0.5697291503225244,medium,unclassified
pcgnn_994.txt,True,True,True,0.3505859375,0.3511111111111111,665,0.9187969924812031,71,1.109375,0.02556390977443609,0.46466165413533833,0.9861111111111112,0.8105263157894737,0.5818675105733082,medium,unclassified
pcgnn_995.txt,True,True,True,0.267578125,0.2677777777777778,750,0.9946666666666667,61,0.953125,0.018666666666666668,0.6666666666666666,0.967741935483871,0.912,0.5544005208333332,medium,unclassified
pcgnn_996.txt,True,True,True,0.2353515625,0.2411111111111111,783,1.0,62,0.96875,0.01532567049808429,0.7292464878671775,0.9682539682539683,0.9195402298850575,0.5506641373323755,medium,unclassified
pcgnn_997.txt,True,True,True,0.2578125,0.27111111111111114,760,1.0,62,0.96875,0.013157894736842105,0.6934210526315789,0.9841269841269841,0.9171052631578948,0.5566036184210525,medium,unclassified
pcgnn_998.txt,True,True,True,0.279296875,0.2811111111111111,738,1.0,62,0.96875,0.02168021680216802,0.6327913279132791,0.9841269841269841,0.9146341463414634,0.5643827278116531,medium,unclassified
pcgnn_999.txt,True,True,True,0.2392578125,0.25555555555555554,779,0.9987163029525032,62,0.96875,0.006418485237483954,0.699614890885751,1.0,0.9178433889602053,0.5498000491415276,medium,unclassified
