file,has_player,has_enemy,solvable,wall_ratio,interior_wall_density,walkable_cells,reachable_ratio,shortest_path_length,path_norm,dead_end_ratio,branching_ratio,leniency,astar_difficulty,difficulty_score,score_tier,range_tier,percentile_tier
pcgnn_000.txt,True,True,True,0.4765625,0.3163265306122449,134,1.0,27,0.84375,0.04477611940298507,0.5,1.0,0.7910447761194029,0.488257929104478,medium,unclassified,hard
pcgnn_001.txt,True,True,True,0.49609375,0.34183673469387754,129,0.8449612403100775,25,0.78125,0.09302325581395349,0.4496124031007752,0.9230769230769231,0.6434108527131783,0.501205789728682,medium,unclassified,hard
pcgnn_002.txt,True,True,True,0.34765625,0.14795918367346939,167,1.0,26,0.8125,0.0,0.7964071856287425,1.0,0.8383233532934131,0.370282092065868,medium,unclassified,easy
pcgnn_003.txt,True,True,True,0.484375,0.32653061224489793,132,1.0,26,0.8125,0.05303030303030303,0.3939393939393939,0.9629629629629629,0.7954545454545454,0.494062500000000,medium,unclassified,hard
pcgnn_004.txt,True,True,True,0.51953125,0.37244897959183676,123,1.0,40,1.25,0.08130081300813008,0.37398373983739835,0.9512195121951219,0.6666666666666666,0.533350482723577,medium,unclassified,hard
pcgnn_005.txt,True,True,True,0.46875,0.30612244897959184,136,0.9779411764705882,30,0.9375,0.03676470588235294,0.4411764705882353,0.967741935483871,0.75,0.484852941176471,medium,unclassified,hard
pcgnn_006.txt,True,True,True,0.4453125,0.2755102040816326,142,0.9859154929577465,26,0.8125,0.04929577464788732,0.5915492957746479,0.9259259259259259,0.795774647887324,0.458800616197183,medium,unclassified,hard
pcgnn_007.txt,True,True,True,0.53515625,0.39285714285714285,119,0.8991596638655462,30,0.9375,0.1092436974789916,0.2773109243697479,0.967741935483871,0.6386554621848739,0.544566045168067,medium,unclassified,hard
pcgnn_008.txt,True,True,True,0.51171875,0.3622448979591837,125,1.0,51,1.59375,0.04,0.28,0.9807692307692307,0.584,0.523426875000000,medium,unclassified,hard
pcgnn_009.txt,True,True,True,0.4609375,0.29591836734693877,138,0.9855072463768116,26,0.8125,0.050724637681159424,0.5579710144927537,1.0,0.7898550724637681,0.472787590579710,medium,unclassified,hard
pcgnn_010.txt,True,True,True,0.46484375,0.3010204081632653,137,1.0,27,0.84375,0.06569343065693431,0.5036496350364964,0.9285714285714286,0.7956204379562044,0.478430086678832,medium,unclassified,hard
pcgnn_011.txt,True,True,True,0.4453125,0.2755102040816326,142,0.9859154929577465,28,0.875,0.035211267605633804,0.6056338028169014,1.0,0.7816901408450704,0.461221390845070,medium,unclassified,hard
pcgnn_012.txt,True,True,True,0.51171875,0.3622448979591837,125,0.896,26,0.8125,0.104,0.336,0.9259259259259259,0.68,0.517891875000000,medium,unclassified,hard
pcgnn_013.txt,True,True,True,0.41796875,0.23979591836734693,149,1.0,26,0.8125,0.006711409395973154,0.6040268456375839,1.0,0.8187919463087249,0.433374056208054,medium,unclassified,hard
pcgnn_014.txt,True,True,True,0.515625,0.3673469387755102,124,0.9354838709677419,37,1.15625,0.08064516129032258,0.31451612903225806,0.9473684210526315,0.6290322580645161,0.529062500000000,medium,unclassified,hard
pcgnn_015.txt,True,True,True,0.5390625,0.3979591836734694,118,0.9067796610169492,45,1.40625,0.11016949152542373,0.3135593220338983,0.9565217391304348,0.5169491525423728,0.548800317796610,medium,unclassified,hard
pcgnn_016.txt,True,True,True,0.40234375,0.2193877551020408,153,1.0,26,0.8125,0.026143790849673203,0.6797385620915033,0.9629629629629629,0.8235294117647058,0.419989276960784,medium,unclassified,hard
pcgnn_017.txt,True,True,True,0.44921875,0.28061224489795916,141,0.9361702127659575,25,0.78125,0.02127659574468085,0.6028368794326241,0.9615384615384616,0.75177304964539,0.459033133865248,medium,unclassified,hard
pcgnn_018.txt,True,True,True,0.5234375,0.37755102040816324,122,1.0,36,1.125,0.10655737704918032,0.3114754098360656,0.9459459459459459,0.6967213114754098,0.538224897540984,medium,unclassified,hard
pcgnn_019.txt,True,True,True,0.4375,0.2653061224489796,144,0.9861111111111112,25,0.78125,0.04861111111111111,0.6041666666666666,0.9615384615384616,0.8055555555555556,0.450381944444444,medium,unclassified,hard
pcgnn_020.txt,True,True,True,0.51953125,0.37244897959183676,123,0.983739837398374,32,1.0,0.08943089430894309,0.36585365853658536,0.9393939393939394,0.7154471544715447,0.534569994918699,medium,unclassified,hard
pcgnn_021.txt,True,True,True,0.52734375,0.3826530612244898,121,0.9752066115702479,34,1.0625,0.0743801652892562,0.2975206611570248,0.9714285714285714,0.6859504132231405,0.540559788223141,medium,unclassified,hard
pcgnn_022.txt,True,True,True,0.54296875,0.4030612244897959,117,0.6068376068376068,29,0.90625,0.06837606837606838,0.2222222222222222,0.9333333333333333,0.3504273504273504,0.543044204059829,medium,unclassified,hard
pcgnn_023.txt,True,True,True,0.4375,0.2653061224489796,144,0.9861111111111112,30,0.9375,0.05555555555555555,0.6041666666666666,0.9354838709677419,0.7708333333333334,0.457708333333333,medium,unclassified,hard
pcgnn_024.txt,True,True,True,0.41796875,0.23979591836734693,149,1.0,25,0.78125,0.026845637583892617,0.6644295302013423,0.9615384615384616,0.825503355704698,0.432549811241611,medium,unclassified,hard
pcgnn_025.txt,True,True,True,0.4140625,0.23469387755102042,150,1.0,26,0.8125,0.03333333333333333,0.6466666666666666,0.9629629629629629,0.82,0.430681250000000,medium,unclassified,hard
pcgnn_026.txt,True,True,True,0.5234375,0.37755102040816324,122,0.9590163934426229,42,1.3125,0.06557377049180328,0.26229508196721313,0.9767441860465116,0.6065573770491803,0.535192110655738,medium,unclassified,hard
pcgnn_027.txt,True,True,True,0.40234375,0.2193877551020408,153,1.0,26,0.8125,0.0196078431372549,0.7124183006535948,1.0,0.8235294117647058,0.419793198529412,medium,unclassified,hard
pcgnn_028.txt,True,True,True,0.48828125,0.33163265306122447,131,1.0,26,0.8125,0.05343511450381679,0.4198473282442748,0.9259259259259259,0.7938931297709924,0.497559041030534,medium,unclassified,hard
pcgnn_029.txt,True,True,True,0.4453125,0.2755102040816326,142,0.9929577464788732,36,1.125,0.06338028169014084,0.5915492957746479,1.0,0.7323943661971831,0.467330545774648,medium,unclassified,hard
pcgnn_030.txt,True,True,True,0.4375,0.2653061224489796,144,1.0,26,0.8125,0.04861111111111111,0.6319444444444444,0.9629629629629629,0.8125,0.452083333333333,medium,unclassified,hard
pcgnn_031.txt,True,True,True,0.57421875,0.44387755102040816,109,0.7431192660550459,33,1.03125,0.13761467889908258,0.1926605504587156,0.9411764705882353,0.43119266055045874,0.579549168577982,medium,unclassified,hard
pcgnn_032.txt,True,True,True,0.5625,0.42857142857142855,112,0.49107142857142855,40,1.25,0.10714285714285714,0.22321428571428573,0.9512195121951219,0.125,0.561964285714286,medium,unclassified,hard
pcgnn_033.txt,True,True,True,0.4609375,0.29591836734693877,138,0.9927536231884058,26,0.8125,0.06521739130434782,0.5434782608695652,0.9259259259259259,0.7971014492753623,0.473367300724638,medium,unclassified,hard
pcgnn_034.txt,True,True,True,0.5546875,0.41836734693877553,114,0.8947368421052632,35,1.09375,0.11403508771929824,0.22807017543859648,0.9444444444444444,0.5789473684210527,0.564218750000000,medium,unclassified,hard
pcgnn_035.txt,True,True,True,0.3984375,0.21428571428571427,154,1.0,26,0.8125,0.01948051948051948,0.6883116883116883,1.0,0.8246753246753247,0.416296672077922,medium,unclassified,hard
pcgnn_036.txt,True,True,True,0.3984375,0.21428571428571427,154,1.0,26,0.8125,0.025974025974025976,0.6883116883116883,0.9629629629629629,0.8246753246753247,0.416491477272727,medium,unclassified,hard
pcgnn_037.txt,True,True,True,0.46484375,0.3010204081632653,137,1.0,33,1.03125,0.051094890510948905,0.5912408759124088,0.9411764705882353,0.7518248175182481,0.484928718065693,medium,unclassified,hard
pcgnn_038.txt,True,True,True,0.48828125,0.33163265306122447,131,1.0,32,1.0,0.03816793893129771,0.4580152671755725,0.9696969696969697,0.7480916030534351,0.505559995229008,medium,unclassified,hard
pcgnn_039.txt,True,True,True,0.3828125,0.19387755102040816,158,1.0,26,0.8125,0.03164556962025317,0.7848101265822784,0.9629629629629629,0.8291139240506329,0.402687895569620,medium,unclassified,medium
pcgnn_040.txt,True,True,True,0.53125,0.3877551020408163,120,1.0,39,1.21875,0.075,0.25833333333333336,0.95,0.6666666666666666,0.543708333333333,medium,unclassified,hard
pcgnn_041.txt,True,True,True,0.4609375,0.29591836734693877,138,0.9130434782608695,28,0.875,0.050724637681159424,0.5072463768115942,0.9310344827586207,0.7028985507246377,0.474173460144928,medium,unclassified,hard
pcgnn_042.txt,True,True,True,0.46484375,0.3010204081632653,137,0.9708029197080292,26,0.8125,0.072992700729927,0.5693430656934306,0.9259259259259259,0.7737226277372263,0.476648608576642,medium,unclassified,hard
pcgnn_043.txt,True,True,True,0.390625,0.20408163265306123,156,1.0,26,0.8125,0.02564102564102564,0.7307692307692307,0.9259259259259259,0.8269230769230769,0.409495192307692,medium,unclassified,hard
pcgnn_044.txt,True,True,True,0.55078125,0.413265306122449,115,0.8608695652173913,34,1.0625,0.0782608695652174,0.2608695652173913,0.9714285714285714,0.5565217391304348,0.559181385869565,medium,unclassified,hard
pcgnn_045.txt,True,True,True,0.56640625,0.4336734693877551,111,0.5495495495495496,51,1.59375,0.0990990990990991,0.17117117117117117,0.9615384615384616,0.08108108108108109,0.564360219594595,medium,unclassified,hard
pcgnn_046.txt,True,True,True,0.55859375,0.42346938775510207,113,0.9292035398230089,33,1.03125,0.12389380530973451,0.23008849557522124,0.9411764705882353,0.6283185840707964,0.569017560840708,medium,unclassified,hard
pcgnn_047.txt,True,True,True,0.55859375,0.42346938775510207,113,0.4778761061946903,23,0.71875,0.10619469026548672,0.26548672566371684,0.9166666666666666,0.26548672566371684,0.547167450221239,medium,unclassified,hard
pcgnn_048.txt,True,True,True,0.55078125,0.413265306122449,115,0.7217391304347827,27,0.84375,0.10434782608695652,0.28695652173913044,0.9642857142857143,0.4782608695652174,0.550586277173913,medium,unclassified,hard
pcgnn_049.txt,True,True,True,0.40234375,0.2193877551020408,153,1.0,26,0.8125,0.0457516339869281,0.7058823529411765,0.9629629629629629,0.8235294117647058,0.420577512254902,medium,unclassified,hard
pcgnn_050.txt,True,True,True,0.4453125,0.2755102040816326,142,0.9859154929577465,33,1.03125,0.035211267605633804,0.5492957746478874,0.9705882352941176,0.7464788732394366,0.466767165492958,medium,unclassified,hard
pcgnn_051.txt,True,True,True,0.42578125,0.25,147,0.9863945578231292,32,1.0,0.06802721088435375,0.6666666666666666,0.9696969696969697,0.7619047619047619,0.450482036564626,medium,unclassified,hard
pcgnn_052.txt,True,True,True,0.51171875,0.3622448979591837,125,0.984,36,1.125,0.088,0.4,0.9459459459459459,0.688,0.526946875000000,medium,unclassified,hard
pcgnn_053.txt,True,True,True,0.40625,0.22448979591836735,152,1.0,26,0.8125,0.02631578947368421,0.631578947368421,0.9629629629629629,0.8223684210526315,0.423486842105263,medium,unclassified,hard
pcgnn_054.txt,True,True,True,0.53515625,0.39285714285714285,119,0.907563025210084,31,0.96875,0.11764705882352941,0.2605042016806723,0.9375,0.6386554621848739,0.546380646008403,medium,unclassified,hard
pcgnn_055.txt,True,True,True,0.41796875,0.23979591836734693,149,1.0,26,0.8125,0.04697986577181208,0.6711409395973155,0.9629629629629629,0.8187919463087249,0.434582109899329,medium,unclassified,hard
pcgnn_056.txt,True,True,True,0.53515625,0.39285714285714285,119,0.7394957983193278,41,1.28125,0.10084033613445378,0.3025210084033613,0.9523809523809523,0.3865546218487395,0.542396927521008,medium,unclassified,hard
pcgnn_057.txt,True,True,True,0.50390625,0.3520408163265306,127,1.0,39,1.21875,0.06299212598425197,0.3464566929133858,0.95,0.6850393700787402,0.519106176181102,medium,unclassified,hard
pcgnn_058.txt,True,True,True,0.40234375,0.2193877551020408,153,1.0,26,0.8125,0.013071895424836602,0.6470588235294118,0.9629629629629629,0.8235294117647058,0.419597120098039,medium,unclassified,hard
pcgnn_059.txt,True,True,True,0.37890625,0.18877551020408162,159,1.0,26,0.8125,0.025157232704402517,0.7295597484276729,1.0,0.8301886792452831,0.398999115566038,medium,unclassified,medium
pcgnn_060.txt,True,True,True,0.42578125,0.25,147,0.9931972789115646,26,0.8125,0.061224489795918366,0.6462585034013606,0.9629629629629629,0.8095238095238095,0.441855335884354,medium,unclassified,hard
pcgnn_061.txt,True,True,True,0.40625,0.22448979591836735,152,1.0,26,0.8125,0.019736842105263157,0.6644736842105263,0.9629629629629629,0.8223684210526315,0.423289473684211,medium,unclassified,hard
pcgnn_062.txt,True,True,True,0.4453125,0.2755102040816326,142,1.0,26,0.8125,0.056338028169014086,0.5915492957746479,0.9629629629629629,0.8098591549295775,0.459293573943662,medium,unclassified,hard
pcgnn_063.txt,True,True,True,0.55078125,0.413265306122449,115,0.782608695652174,40,1.25,0.09565217391304348,0.21739130434782608,0.9512195121951219,0.4260869565217391,0.557094429347826,medium,unclassified,hard
pcgnn_064.txt,True,True,True,0.41015625,0.22959183673469388,151,1.0,26,0.8125,0.039735099337748346,0.6423841059602649,0.9259259259259259,0.8211920529801324,0.427381519039735,medium,unclassified,hard
pcgnn_065.txt,True,True,True,0.42578125,0.25,147,0.9591836734693877,25,0.78125,0.04081632653061224,0.6530612244897959,0.9615384615384616,0.782312925170068,0.439136373299320,medium,unclassified,hard
pcgnn_066.txt,True,True,True,0.3828125,0.19387755102040816,158,1.0,26,0.8125,0.0189873417721519,0.759493670886076,0.9629629629629629,0.8291139240506329,0.402308148734177,medium,unclassified,medium
pcgnn_067.txt,True,True,True,0.5078125,0.35714285714285715,126,1.0,32,1.0,0.05555555555555555,0.3253968253968254,1.0,0.7380952380952381,0.523459821428572,medium,unclassified,hard
pcgnn_068.txt,True,True,True,0.5703125,0.4387755102040816,110,0.9,37,1.15625,0.1,0.22727272727272727,0.9473684210526315,0.5545454545454546,0.577372159090909,medium,unclassified,hard
pcgnn_069.txt,True,True,True,0.53125,0.3877551020408163,120,0.6833333333333333,26,0.8125,0.1,0.30833333333333335,0.9629629629629629,0.4583333333333333,0.530916666666667,medium,unclassified,hard
pcgnn_070.txt,True,True,True,0.3984375,0.21428571428571427,154,0.9935064935064936,26,0.8125,0.03896103896103896,0.7012987012987013,0.9259259259259259,0.8181818181818182,0.416751217532468,medium,unclassified,hard
pcgnn_071.txt,True,True,True,0.41796875,0.23979591836734693,149,1.0,26,0.8125,0.053691275167785234,0.7181208053691275,0.9629629629629629,0.8187919463087249,0.434783452181208,medium,unclassified,hard
pcgnn_072.txt,True,True,True,0.5078125,0.35714285714285715,126,1.0,28,0.875,0.05555555555555555,0.373015873015873,0.9655172413793104,0.7698412698412699,0.517844742063492,medium,unclassified,hard
pcgnn_073.txt,True,True,True,0.50390625,0.3520408163265306,127,1.0,27,0.84375,0.07874015748031496,0.4330708661417323,0.9285714285714286,0.7795275590551181,0.513655880905512,medium,unclassified,hard
pcgnn_074.txt,True,True,True,0.4609375,0.29591836734693877,138,1.0,26,0.8125,0.050724637681159424,0.5434782608695652,0.9259259259259259,0.8043478260869565,0.473077445652174,medium,unclassified,hard
pcgnn_075.txt,True,True,True,0.4375,0.2653061224489796,144,1.0,26,0.8125,0.034722222222222224,0.5486111111111112,1.0,0.8125,0.451666666666667,medium,unclassified,hard
pcgnn_076.txt,True,True,True,0.41015625,0.22959183673469388,151,1.0,26,0.8125,0.026490066225165563,0.6556291390728477,0.9259259259259259,0.8211920529801324,0.426984168046358,medium,unclassified,hard
pcgnn_077.txt,True,True,True,0.546875,0.40816326530612246,116,0.8793103448275862,49,1.53125,0.09482758620689655,0.1810344827586207,0.96,0.4482758620689655,0.553997844827586,medium,unclassified,hard
pcgnn_078.txt,True,True,True,0.48828125,0.33163265306122447,131,1.0,35,1.09375,0.06870229007633588,0.42748091603053434,0.9444444444444444,0.7251908396946565,0.506018010496183,medium,unclassified,hard
pcgnn_079.txt,True,True,True,0.5546875,0.41836734693877553,114,0.9824561403508771,34,1.0625,0.09649122807017543,0.23684210526315788,0.9428571428571428,0.6754385964912281,0.565622258771930,medium,unclassified,hard
pcgnn_080.txt,True,True,True,0.38671875,0.1989795918367347,157,1.0,26,0.8125,0.025477707006369428,0.7643312101910829,0.9629629629629629,0.8280254777070064,0.405996715764331,medium,unclassified,medium
pcgnn_081.txt,True,True,True,0.5,0.3469387755102041,128,1.0,32,1.0,0.0390625,0.3984375,0.9696969696969697,0.7421875,0.516015625000000,medium,unclassified,hard
pcgnn_082.txt,True,True,True,0.33984375,0.1377551020408163,169,1.0,26,0.8125,0.011834319526627219,0.8757396449704142,0.9629629629629629,0.8402366863905325,0.363644138313609,medium,unclassified,easy
pcgnn_083.txt,True,True,True,0.3984375,0.21428571428571427,154,1.0,26,0.8125,0.01948051948051948,0.6883116883116883,1.0,0.8246753246753247,0.416296672077922,medium,unclassified,hard
pcgnn_084.txt,True,True,True,0.4140625,0.23469387755102042,150,1.0,26,0.8125,0.02666666666666667,0.6466666666666666,1.0,0.82,0.430481250000000,medium,unclassified,hard
pcgnn_085.txt,True,True,True,0.43359375,0.2602040816326531,145,1.0,26,0.8125,0.05517241379310345,0.6137931034482759,0.9629629629629629,0.8137931034482758,0.448790409482759,medium,unclassified,hard
pcgnn_086.txt,True,True,True,0.484375,0.32653061224489793,132,0.946969696969697,25,0.78125,0.09090909090909091,0.45454545454545453,0.9230769230769231,0.75,0.492727272727273,medium,unclassified,hard
pcgnn_087.txt,True,True,True,0.44921875,0.28061224489795916,141,1.0,25,0.78125,0.04964539007092199,0.624113475177305,0.9230769230769231,0.8156028368794326,0.461160793439716,medium,unclassified,hard
pcgnn_088.txt,True,True,True,0.49609375,0.34183673469387754,129,0.9147286821705426,26,0.8125,0.07751937984496124,0.4728682170542636,0.9629629629629629,0.7054263565891473,0.503543483527132,medium,unclassified,hard
pcgnn_089.txt,True,True,True,0.54296875,0.4030612244897959,117,0.8803418803418803,39,1.21875,0.08547008547008547,0.3504273504273504,0.975,0.5384615384615384,0.552005208333333,medium,unclassified,hard
pcgnn_090.txt,True,True,True,0.5234375,0.37755102040816324,122,0.9344262295081968,37,1.15625,0.09836065573770492,0.319672131147541,0.9736842105263158,0.6229508196721312,0.536503586065574,medium,unclassified,hard
pcgnn_091.txt,True,True,True,0.41015625,0.22959183673469388,151,1.0,26,0.8125,0.019867549668874173,0.7019867549668874,0.9629629629629629,0.8211920529801324,0.426785492549669,medium,unclassified,hard
pcgnn_092.txt,True,True,True,0.49609375,0.34183673469387754,129,1.0,30,0.9375,0.05426356589147287,0.4186046511627907,0.9354838709677419,0.7596899224806202,0.510181080426357,medium,unclassified,hard
pcgnn_093.txt,True,True,True,0.578125,0.4489795918367347,108,0.5370370370370371,30,0.9375,0.12037037037037036,0.10185185185185185,0.9354838709677419,0.25,0.575798611111111,medium,unclassified,hard
pcgnn_094.txt,True,True,True,0.46484375,0.3010204081632653,137,1.0,27,0.84375,0.051094890510948905,0.5328467153284672,0.9642857142857143,0.7956204379562044,0.477992130474453,medium,unclassified,hard
pcgnn_095.txt,True,True,True,0.38671875,0.1989795918367347,157,1.0,29,0.90625,0.025477707006369428,0.7006369426751592,0.9666666666666667,0.8089171974522293,0.410302050159236,medium,unclassified,hard
pcgnn_096.txt,True,True,True,0.54296875,0.4030612244897959,117,0.8888888888888888,32,1.0,0.10256410256410256,0.26495726495726496,0.9393939393939394,0.6068376068376068,0.553885550213675,medium,unclassified,hard
pcgnn_097.txt,True,True,True,0.359375,0.16326530612244897,164,1.0,26,0.8125,0.018292682926829267,0.774390243902439,1.0,0.8353658536585366,0.381318597560976,medium,unclassified,easy
pcgnn_098.txt,True,True,True,0.52734375,0.3826530612244898,121,0.8842975206611571,34,1.0625,0.09090909090909091,0.36363636363636365,0.9714285714285714,0.5950413223140496,0.539237474173554,medium,unclassified,hard
pcgnn_099.txt,True,True,True,0.56640625,0.4336734693877551,111,0.8468468468468469,38,1.1875,0.0990990990990991,0.1981981981981982,0.9743589743589743,0.4954954954954955,0.572648507882883,medium,unclassified,hard
pcgnn_100.txt,True,True,True,0.53515625,0.39285714285714285,119,0.7058823529411765,35,1.09375,0.1092436974789916,0.2773109243697479,0.9444444444444444,0.40336134453781514,0.542985162815126,medium,unclassified,hard
pcgnn_101.txt,True,True,True,0.5078125,0.35714285714285715,126,1.0,36,1.125,0.07936507936507936,0.3968253968253968,0.9459459459459459,0.7063492063492064,0.523539186507937,medium,unclassified,hard
pcgnn_102.txt,True,True,True,0.4453125,0.2755102040816326,142,1.0,25,0.78125,0.04225352112676056,0.5140845070422535,0.9615384615384616,0.8169014084507042,0.457449383802817,medium,unclassified,hard
pcgnn_103.txt,True,True,True,0.46875,0.30612244897959184,136,1.0,27,0.84375,0.03676470588235294,0.5220588235294118,0.9642857142857143,0.7941176470588235,0.481047794117647,medium,unclassified,hard
pcgnn_104.txt,True,True,True,0.4765625,0.3163265306122449,134,1.0,38,1.1875,0.04477611940298507,0.5373134328358209,0.9743589743589743,0.7089552238805971,0.494428638059701,medium,unclassified,hard
pcgnn_105.txt,True,True,True,0.53515625,0.39285714285714285,119,0.9747899159663865,31,0.96875,0.07563025210084033,0.2857142857142857,0.96875,0.7058823529411765,0.546464679621849,medium,unclassified,hard
pcgnn_106.txt,True,True,True,0.4296875,0.25510204081632654,146,1.0,26,0.8125,0.0410958904109589,0.6301369863013698,0.9629629629629629,0.815068493150685,0.444877996575342,medium,unclassified,hard
pcgnn_107.txt,True,True,True,0.4296875,0.25510204081632654,146,0.9383561643835616,26,0.8125,0.07534246575342465,0.6506849315068494,0.9629629629629629,0.7534246575342466,0.444672517123288,medium,unclassified,hard
pcgnn_108.txt,True,True,True,0.55859375,0.42346938775510207,113,0.8672566371681416,37,1.15625,0.11504424778761062,0.23008849557522124,0.9473684210526315,0.5309734513274337,0.566805171460177,medium,unclassified,hard
pcgnn_109.txt,True,True,True,0.48046875,0.32142857142857145,133,1.0,29,0.90625,0.045112781954887216,0.518796992481203,0.9666666666666667,0.7744360902255639,0.494576480263158,medium,unclassified,hard
pcgnn_110.txt,True,True,True,0.41796875,0.23979591836734693,149,1.0,26,0.8125,0.040268456375838924,0.6778523489932886,0.9259259259259259,0.8187919463087249,0.434380767617450,medium,unclassified,hard
pcgnn_111.txt,True,True,True,0.453125,0.2857142857142857,140,1.0,26,0.8125,0.05,0.5142857142857142,1.0,0.8071428571428572,0.466080357142857,medium,unclassified,hard
pcgnn_112.txt,True,True,True,0.37890625,0.18877551020408162,159,1.0,26,0.8125,0.018867924528301886,0.7421383647798742,1.0,0.8301886792452831,0.398810436320755,medium,unclassified,medium
pcgnn_113.txt,True,True,True,0.44140625,0.27040816326530615,143,1.0,26,0.8125,0.04895104895104895,0.5664335664335665,0.9259259259259259,0.8111888111888111,0.455582932692308,medium,unclassified,hard
pcgnn_114.txt,True,True,True,0.51171875,0.3622448979591837,125,0.968,44,1.375,0.08,0.36,0.9555555555555556,0.608,0.525106875000000,medium,unclassified,hard
pcgnn_115.txt,True,True,True,0.4375,0.2653061224489796,144,0.9861111111111112,28,0.875,0.04861111111111111,0.6041666666666666,0.9655172413793104,0.7847222222222222,0.454652777777778,medium,unclassified,hard
pcgnn_116.txt,True,True,True,0.48046875,0.32142857142857145,133,1.0,31,0.96875,0.08270676691729323,0.5263157894736842,0.96875,0.7593984962406015,0.498528547932331,medium,unclassified,hard
pcgnn_117.txt,True,True,True,0.5390625,0.3979591836734694,118,0.7372881355932204,31,0.96875,0.1271186440677966,0.3305084745762712,0.9375,0.4661016949152542,0.546729343220339,medium,unclassified,hard
pcgnn_118.txt,True,True,True,0.4765625,0.3163265306122449,134,1.0,27,0.84375,0.06716417910447761,0.5,1.0,0.7910447761194029,0.488929570895522,medium,unclassified,hard
pcgnn_119.txt,True,True,True,0.390625,0.20408163265306123,156,1.0,26,0.8125,0.02564102564102564,0.7307692307692307,0.9259259259259259,0.8269230769230769,0.409495192307692,medium,unclassified,hard
pcgnn_120.txt,True,True,True,0.42578125,0.25,147,1.0,26,0.8125,0.02040816326530612,0.6122448979591837,1.0,0.8163265306122449,0.440766900510204,medium,unclassified,hard
pcgnn_121.txt,True,True,True,0.421875,0.24489795918367346,148,1.0,25,0.78125,0.02027027027027027,0.6418918918918919,0.9615384615384616,0.8243243243243243,0.435844594594595,medium,unclassified,hard
pcgnn_122.txt,True,True,True,0.55859375,0.42346938775510207,113,0.8141592920353983,34,1.0625,0.08849557522123894,0.17699115044247787,0.9428571428571428,0.504424778761062,0.565477737831859,medium,unclassified,hard
pcgnn_123.txt,True,True,True,0.4765625,0.3163265306122449,134,0.9552238805970149,26,0.8125,0.09701492537313433,0.5298507462686567,0.9259259259259259,0.753731343283582,0.487516324626866,medium,unclassified,hard
pcgnn_124.txt,True,True,True,0.51953125,0.37244897959183676,123,0.991869918699187,26,0.8125,0.08130081300813008,0.36585365853658536,0.9259259259259259,0.7723577235772358,0.526089303861789,medium,unclassified,hard
pcgnn_125.txt,True,True,True,0.44140625,0.27040816326530615,143,1.0,31,0.96875,0.04195804195804196,0.6083916083916084,0.96875,0.7762237762237763,0.462486341783217,medium,unclassified,hard
pcgnn_126.txt,True,True,True,0.43359375,0.2602040816326531,145,1.0,27,0.84375,0.04827586206896552,0.5655172413793104,0.9642857142857143,0.8068965517241379,0.450008081896552,medium,unclassified,hard
pcgnn_127.txt,True,True,True,0.41015625,0.22959183673469388,151,1.0,30,0.9375,0.019867549668874173,0.7019867549668874,0.967741935483871,0.7947019867549668,0.432505691225166,medium,unclassified,hard
pcgnn_128.txt,True,True,True,0.4921875,0.336734693877551,130,0.9769230769230769,27,0.84375,0.05384615384615385,0.4076923076923077,0.9642857142857143,0.7615384615384615,0.502002403846154,medium,unclassified,hard
pcgnn_129.txt,True,True,True,0.43359375,0.2602040816326531,145,1.0,26,0.8125,0.027586206896551724,0.6068965517241379,0.9629629629629629,0.8137931034482758,0.447962823275862,medium,unclassified,hard
pcgnn_130.txt,True,True,True,0.484375,0.32653061224489793,132,0.9090909090909091,26,0.8125,0.07575757575757576,0.5,0.9259259259259259,0.7045454545454546,0.492926136363636,medium,unclassified,hard
pcgnn_131.txt,True,True,True,0.5390625,0.3979591836734694,118,1.0,49,1.53125,0.09322033898305085,0.2796610169491525,0.96,0.576271186440678,0.549478283898305,medium,unclassified,hard
pcgnn_132.txt,True,True,True,0.41015625,0.22959183673469388,151,1.0,26,0.8125,0.026490066225165563,0.6225165562913907,0.9629629629629629,0.8211920529801324,0.426984168046358,medium,unclassified,hard
pcgnn_133.txt,True,True,True,0.453125,0.2857142857142857,140,1.0,26,0.8125,0.03571428571428571,0.55,1.0,0.8071428571428572,0.465651785714286,medium,unclassified,hard
pcgnn_134.txt,True,True,True,0.484375,0.32653061224489793,132,0.9318181818181818,35,1.09375,0.07575757575757576,0.49242424242424243,0.9722222222222222,0.6590909090909091,0.501392045454545,medium,unclassified,hard
pcgnn_135.txt,True,True,True,0.48046875,0.32142857142857145,133,0.7293233082706767,25,0.78125,0.06766917293233082,0.5263157894736842,0.9615384615384616,0.5338345864661654,0.484191141917293,medium,unclassified,hard
pcgnn_136.txt,True,True,True,0.453125,0.2857142857142857,140,1.0,44,1.375,0.007142857142857143,0.4857142857142857,0.9777777777777777,0.6785714285714286,0.471598214285714,medium,unclassified,hard
pcgnn_137.txt,True,True,True,0.50390625,0.3520408163265306,127,1.0,26,0.8125,0.06299212598425197,0.3779527559055118,0.9259259259259259,0.7874015748031497,0.511778420275591,medium,unclassified,hard
pcgnn_138.txt,True,True,True,0.39453125,0.20918367346938777,155,1.0,25,0.78125,0.03225806451612903,0.7096774193548387,1.0,0.832258064516129,0.411753528225806,medium,unclassified,hard
pcgnn_139.txt,True,True,True,0.4609375,0.29591836734693877,138,1.0,43,1.34375,0.050724637681159424,0.5652173913043478,0.9772727272727273,0.6811594202898551,0.479988677536232,medium,unclassified,hard
pcgnn_140.txt,True,True,True,0.42578125,0.25,147,1.0,26,0.8125,0.034013605442176874,0.6666666666666666,1.0,0.8163265306122449,0.441175063775510,medium,unclassified,hard
pcgnn_141.txt,True,True,True,0.5390625,0.3979591836734694,118,0.9322033898305084,31,0.96875,0.0847457627118644,0.3050847457627119,0.9375,0.6610169491525424,0.549356461864407,medium,unclassified,hard
pcgnn_142.txt,True,True,True,0.4296875,0.25510204081632654,146,1.0,30,0.9375,0.0410958904109589,0.5958904109589042,0.967741935483871,0.7876712328767124,0.450580051369863,medium,unclassified,hard
pcgnn_143.txt,True,True,True,0.4140625,0.23469387755102042,150,1.0,26,0.8125,0.04,0.68,0.9629629629629629,0.82,0.430881250000000,medium,unclassified,hard
pcgnn_144.txt,True,True,True,0.4140625,0.23469387755102042,150,1.0,26,0.8125,0.04,0.6733333333333333,0.9629629629629629,0.82,0.430881250000000,medium,unclassified,hard
pcgnn_145.txt,True,True,True,0.52734375,0.3826530612244898,121,0.9834710743801653,26,0.8125,0.05785123966942149,0.3305785123966942,0.9629629629629629,0.7603305785123967,0.532176523760331,medium,unclassified,hard
pcgnn_146.txt,True,True,True,0.55859375,0.42346938775510207,113,0.672566371681416,40,1.25,0.07079646017699115,0.11504424778761062,0.9512195121951219,0.30973451327433627,0.561052959070797,medium,unclassified,hard
pcgnn_147.txt,True,True,True,0.5,0.3469387755102041,128,0.9375,45,1.40625,0.0859375,0.3828125,0.9782608695652174,0.578125,0.514140625000000,medium,unclassified,hard
pcgnn_148.txt,True,True,True,0.4296875,0.25510204081632654,146,0.9794520547945206,26,0.8125,0.03424657534246575,0.6095890410958904,0.9629629629629629,0.7945205479452054,0.444261558219178,medium,unclassified,hard
pcgnn_149.txt,True,True,True,0.3515625,0.15306122448979592,166,1.0,26,0.8125,0.024096385542168676,0.7831325301204819,0.9629629629629629,0.8373493975903614,0.374501129518072,medium,unclassified,easy
pcgnn_150.txt,True,True,True,0.421875,0.24489795918367346,148,1.0,31,0.96875,0.02027027027027027,0.6148648648648649,0.96875,0.7837837837837838,0.444408783783784,medium,unclassified,hard
pcgnn_151.txt,True,True,True,0.484375,0.32653061224489793,132,0.9848484848484849,26,0.8125,0.06818181818181818,0.4772727272727273,0.9629629629629629,0.7803030303030303,0.494214015151515,medium,unclassified,hard
pcgnn_152.txt,True,True,True,0.4765625,0.3163265306122449,134,0.9925373134328358,26,0.8125,0.06716417910447761,0.4552238805970149,0.9259259259259259,0.7910447761194029,0.487367070895522,medium,unclassified,hard
pcgnn_153.txt,True,True,True,0.4375,0.2653061224489796,144,0.9722222222222222,25,0.78125,0.041666666666666664,0.6180555555555556,1.0,0.7916666666666666,0.449895833333333,medium,unclassified,hard
pcgnn_154.txt,True,True,True,0.50390625,0.3520408163265306,127,0.9448818897637795,39,1.21875,0.08661417322834646,0.4094488188976378,0.95,0.6299212598425197,0.518712475393701,medium,unclassified,hard
pcgnn_155.txt,True,True,True,0.52734375,0.3826530612244898,121,0.6198347107438017,25,0.78125,0.10743801652892562,0.39669421487603307,0.9230769230769231,0.4049586776859504,0.524994189049587,medium,unclassified,hard
pcgnn_156.txt,True,True,True,0.49609375,0.34183673469387754,129,1.0,31,0.96875,0.046511627906976744,0.4418604651162791,0.9375,0.751937984496124,0.511355983527132,medium,unclassified,hard
pcgnn_157.txt,True,True,True,0.42578125,0.25,147,1.0,28,0.875,0.04081632653061224,0.6462585034013606,0.9655172413793104,0.8027210884353742,0.444232036564626,medium,unclassified,hard
pcgnn_158.txt,True,True,True,0.55078125,0.413265306122449,115,0.7739130434782608,31,0.96875,0.12173913043478261,0.23478260869565218,0.96875,0.4956521739130435,0.557705842391304,medium,unclassified,hard
pcgnn_159.txt,True,True,True,0.4921875,0.336734693877551,130,0.9461538461538461,26,0.8125,0.06153846153846154,0.4461538461538462,0.9629629629629629,0.7384615384615385,0.500209134615385,medium,unclassified,hard
pcgnn_160.txt,True,True,True,0.54296875,0.4030612244897959,117,0.7692307692307693,28,0.875,0.09401709401709402,0.2222222222222222,0.9310344827586207,0.5213675213675214,0.545669738247863,medium,unclassified,hard
pcgnn_161.txt,True,True,True,0.46875,0.30612244897959184,136,0.9926470588235294,26,0.8125,0.014705882352941176,0.4852941176470588,1.0,0.7941176470588235,0.478823529411765,medium,unclassified,hard
pcgnn_162.txt,True,True,True,0.55859375,0.42346938775510207,113,0.46017699115044247,19,0.59375,0.12389380530973451,0.2743362831858407,0.9,0.2831858407079646,0.541802405973451,medium,unclassified,hard
pcgnn_163.txt,True,True,True,0.46875,0.30612244897959184,136,0.9852941176470589,33,1.03125,0.08823529411764706,0.5661764705882353,0.9411764705882353,0.7352941176470589,0.489227941176471,medium,unclassified,hard
pcgnn_164.txt,True,True,True,0.55859375,0.42346938775510207,113,0.4778761061946903,29,0.90625,0.09734513274336283,0.22123893805309736,0.9666666666666667,0.21238938053097345,0.555215016592920,medium,unclassified,hard
pcgnn_165.txt,True,True,True,0.52734375,0.3826530612244898,121,0.9421487603305785,36,1.125,0.10743801652892562,0.35537190082644626,0.9459459459459459,0.6363636363636364,0.540559788223141,medium,unclassified,hard
pcgnn_166.txt,True,True,True,0.4921875,0.336734693877551,130,0.9615384615384616,28,0.875,0.09230769230769231,0.4846153846153846,1.0,0.7384615384615385,0.504257211538462,medium,unclassified,hard
pcgnn_167.txt,True,True,True,0.44140625,0.27040816326530615,143,1.0,29,0.90625,0.055944055944055944,0.6083916083916084,0.9333333333333333,0.7902097902097902,0.460060642482517,medium,unclassified,hard
pcgnn_168.txt,True,True,True,0.515625,0.3673469387755102,124,1.0,38,1.1875,0.07258064516129033,0.33064516129032256,0.9487179487179487,0.6854838709677419,0.529949596774194,medium,unclassified,hard
pcgnn_169.txt,True,True,True,0.453125,0.2857142857142857,140,1.0,25,0.78125,0.04285714285714286,0.5714285714285714,0.9615384615384616,0.8142857142857143,0.464446428571429,medium,unclassified,hard
pcgnn_170.txt,True,True,True,0.5546875,0.41836734693877553,114,0.8859649122807017,33,1.03125,0.14912280701754385,0.2631578947368421,0.9411764705882353,0.5877192982456141,0.565446820175439,medium,unclassified,hard
pcgnn_171.txt,True,True,True,0.54296875,0.4030612244897959,117,0.9316239316239316,28,0.875,0.09401709401709402,0.2905982905982906,0.9655172413793104,0.6837606837606838,0.548917601495726,medium,unclassified,hard
pcgnn_172.txt,True,True,True,0.50390625,0.3520408163265306,127,1.0,26,0.8125,0.06299212598425197,0.3779527559055118,0.9259259259259259,0.7874015748031497,0.511778420275591,medium,unclassified,hard
pcgnn_173.txt,True,True,True,0.51953125,0.37244897959183676,123,1.0,27,0.84375,0.06504065040650407,0.3821138211382114,0.9285714285714286,0.7723577235772358,0.527163998983740,medium,unclassified,hard
pcgnn_174.txt,True,True,True,0.5078125,0.35714285714285715,126,1.0,37,1.15625,0.05555555555555555,0.3968253968253968,0.9736842105263158,0.6984126984126984,0.522666170634921,medium,unclassified,hard
pcgnn_175.txt,True,True,True,0.54296875,0.4030612244897959,117,0.9572649572649573,45,1.40625,0.06837606837606838,0.3162393162393162,0.9782608695652174,0.5641025641025641,0.552005208333333,medium,unclassified,hard
pcgnn_176.txt,True,True,True,0.515625,0.3673469387755102,124,0.8548387096774194,32,1.0,0.0967741935483871,0.3467741935483871,0.9393939393939394,0.5887096774193549,0.528739919354839,medium,unclassified,hard
pcgnn_177.txt,True,True,True,0.43359375,0.2602040816326531,145,1.0,26,0.8125,0.034482758620689655,0.5655172413793104,0.9629629629629629,0.8137931034482758,0.448169719827586,medium,unclassified,hard
pcgnn_178.txt,True,True,True,0.46875,0.30612244897959184,136,1.0,32,1.0,0.08823529411764706,0.5147058823529411,0.9393939393939394,0.7573529411764706,0.489669117647059,medium,unclassified,hard
pcgnn_179.txt,True,True,True,0.5625,0.42857142857142855,112,0.8928571428571429,27,0.84375,0.08928571428571429,0.25,0.9285714285714286,0.6428571428571429,0.563973214285714,medium,unclassified,hard
pcgnn_180.txt,True,True,True,0.51171875,0.3622448979591837,125,1.0,30,0.9375,0.088,0.416,0.967741935483871,0.752,0.525101875000000,medium,unclassified,hard
pcgnn_181.txt,True,True,True,0.578125,0.4489795918367347,108,0.7314814814814815,25,0.78125,0.12037037037037036,0.2037037037037037,0.9615384615384616,0.49074074074074076,0.572800925925926,medium,unclassified,hard
pcgnn_182.txt,True,True,True,0.375,0.1836734693877551,160,1.0,26,0.8125,0.0,0.7,1.0,0.83125,0.394750000000000,medium,unclassified,medium
pcgnn_183.txt,True,True,True,0.44140625,0.27040816326530615,143,0.986013986013986,26,0.8125,0.04195804195804196,0.5874125874125874,1.0,0.7972027972027972,0.455093422202797,medium,unclassified,hard
pcgnn_184.txt,True,True,True,0.49609375,0.34183673469387754,129,1.0,31,0.96875,0.06976744186046512,0.4108527131782946,0.9375,0.751937984496124,0.512053657945736,medium,unclassified,hard
pcgnn_185.txt,True,True,True,0.40234375,0.2193877551020408,153,0.9869281045751634,26,0.8125,0.026143790849673203,0.6797385620915033,0.9629629629629629,0.8104575163398693,0.419727839052288,medium,unclassified,hard
pcgnn_186.txt,True,True,True,0.40234375,0.2193877551020408,153,1.0,26,0.8125,0.032679738562091505,0.7189542483660131,0.9259259259259259,0.8235294117647058,0.420185355392157,medium,unclassified,hard
pcgnn_187.txt,True,True,True,0.46484375,0.3010204081632653,137,1.0,27,0.84375,0.058394160583941604,0.5547445255474452,0.9642857142857143,0.7956204379562044,0.478211108576642,medium,unclassified,hard
pcgnn_188.txt,True,True,True,0.5234375,0.37755102040816324,122,0.9262295081967213,25,0.78125,0.08196721311475409,0.4016393442622951,0.9615384615384616,0.7131147540983607,0.526877561475410,medium,unclassified,hard
pcgnn_189.txt,True,True,True,0.4453125,0.2755102040816326,142,1.0,26,0.8125,0.04929577464788732,0.6126760563380281,1.0,0.8098591549295775,0.459082306338028,medium,unclassified,hard
pcgnn_190.txt,True,True,True,0.46875,0.30612244897959184,136,1.0,35,1.09375,0.03676470588235294,0.4632352941176471,0.9722222222222222,0.7352941176470589,0.487683823529412,medium,unclassified,hard
pcgnn_191.txt,True,True,True,0.45703125,0.29081632653061223,139,1.0,26,0.8125,0.050359712230215826,0.5683453237410072,0.9629629629629629,0.8057553956834532,0.469579024280576,medium,unclassified,hard
pcgnn_192.txt,True,True,True,0.51171875,0.3622448979591837,125,0.992,39,1.21875,0.072,0.368,0.95,0.672,0.526146875000000,medium,unclassified,hard
pcgnn_193.txt,True,True,True,0.515625,0.3673469387755102,124,0.9919354838709677,27,0.84375,0.06451612903225806,0.43548387096774194,0.9642857142857143,0.7661290322580645,0.523508064516129,medium,unclassified,hard
pcgnn_194.txt,True,True,True,0.4765625,0.3163265306122449,134,1.0,42,1.3125,0.08208955223880597,0.44776119402985076,0.9534883720930233,0.6791044776119403,0.494951026119403,medium,unclassified,hard
pcgnn_195.txt,True,True,True,0.40625,0.22448979591836735,152,0.993421052631579,26,0.8125,0.019736842105263157,0.6776315789473685,1.0,0.8157894736842105,0.423157894736842,medium,unclassified,hard
pcgnn_196.txt,True,True,True,0.5625,0.42857142857142855,112,0.5625,25,0.78125,0.125,0.2857142857142857,0.9230769230769231,0.33035714285714285,0.555669642857143,medium,unclassified,hard
pcgnn_197.txt,True,True,True,0.3828125,0.19387755102040816,158,1.0,26,0.8125,0.0189873417721519,0.7658227848101266,1.0,0.8291139240506329,0.402308148734177,medium,unclassified,medium
pcgnn_198.txt,True,True,True,0.30859375,0.09693877551020408,177,1.0,26,0.8125,0.011299435028248588,0.8813559322033898,0.9629629629629629,0.847457627118644,0.335647510593220,medium,unclassified,easy
pcgnn_199.txt,True,True,True,0.58984375,0.4642857142857143,105,0.5714285714285714,32,1.0,0.09523809523809523,0.1523809523809524,0.9393939393939394,0.2571428571428571,0.588859375000000,medium,unclassified,hard
pcgnn_200.txt,True,True,True,0.44140625,0.27040816326530615,143,1.0,27,0.84375,0.04195804195804196,0.5594405594405595,0.9642857142857143,0.8041958041958042,0.456795782342657,medium,unclassified,hard
pcgnn_201.txt,True,True,True,0.4921875,0.336734693877551,130,0.9692307692307692,29,0.90625,0.06923076923076923,0.5,0.9333333333333333,0.7384615384615385,0.505127403846154,medium,unclassified,hard
pcgnn_202.txt,True,True,True,0.421875,0.24489795918367346,148,1.0,26,0.8125,0.013513513513513514,0.5878378378378378,1.0,0.8175675675675675,0.437069256756757,medium,unclassified,hard
pcgnn_203.txt,True,True,True,0.39453125,0.20918367346938777,155,1.0,26,0.8125,0.03225806451612903,0.7225806451612903,0.9629629629629629,0.8258064516129032,0.413186995967742,medium,unclassified,hard
pcgnn_204.txt,True,True,True,0.48828125,0.33163265306122447,131,0.7633587786259542,30,0.9375,0.06870229007633588,0.40458015267175573,0.9354838709677419,0.5267175572519084,0.498923544847328,medium,unclassified,hard
pcgnn_205.txt,True,True,True,0.4296875,0.25510204081632654,146,1.0,28,0.875,0.03424657534246575,0.6232876712328768,0.9655172413793104,0.8013698630136986,0.447523544520548,medium,unclassified,hard
pcgnn_206.txt,True,True,True,0.5546875,0.41836734693877553,114,0.9298245614035088,55,1.71875,0.11403508771929824,0.2543859649122807,0.9642857142857143,0.43859649122807015,0.561411732456140,medium,unclassified,hard
pcgnn_207.txt,True,True,True,0.49609375,0.34183673469387754,129,1.0,30,0.9375,0.046511627906976744,0.4806201550387597,0.967741935483871,0.7596899224806202,0.509948522286822,medium,unclassified,hard
pcgnn_208.txt,True,True,True,0.41796875,0.23979591836734693,149,0.9798657718120806,26,0.8125,0.03355704697986577,0.7181208053691275,1.0,0.7986577181208053,0.433776740771812,medium,unclassified,hard
pcgnn_209.txt,True,True,True,0.40234375,0.2193877551020408,153,1.0,26,0.8125,0.0392156862745098,0.6928104575163399,0.9629629629629629,0.8235294117647058,0.420381433823529,medium,unclassified,hard
pcgnn_210.txt,True,True,True,0.36328125,0.1683673469387755,163,1.0,26,0.8125,0.04294478527607362,0.803680981595092,0.9629629629629629,0.8343558282208589,0.385553585122699,medium,unclassified,medium
pcgnn_211.txt,True,True,True,0.46875,0.30612244897959184,136,1.0,30,0.9375,0.07352941176470588,0.5735294117647058,1.0,0.7720588235294118,0.486397058823529,medium,unclassified,hard
pcgnn_212.txt,True,True,True,0.43359375,0.2602040816326531,145,0.9793103448275862,26,0.8125,0.05517241379310345,0.6413793103448275,0.9629629629629629,0.7931034482758621,0.448376616379310,medium,unclassified,hard
pcgnn_213.txt,True,True,True,0.34765625,0.14795918367346939,167,1.0,26,0.8125,0.023952095808383235,0.8383233532934131,0.9259259259259259,0.8383233532934131,0.371000654940120,medium,unclassified,easy
pcgnn_214.txt,True,True,True,0.40234375,0.2193877551020408,153,1.0,26,0.8125,0.0392156862745098,0.7189542483660131,0.9629629629629629,0.8235294117647058,0.420381433823529,medium,unclassified,hard
pcgnn_215.txt,True,True,True,0.5390625,0.3979591836734694,118,0.8898305084745762,40,1.25,0.09322033898305085,0.2966101694915254,0.9512195121951219,0.5423728813559322,0.548800317796610,medium,unclassified,hard
pcgnn_216.txt,True,True,True,0.49609375,0.34183673469387754,129,0.9767441860465116,32,1.0,0.09302325581395349,0.4496124031007752,0.9696969696969697,0.7209302325581395,0.513693677325581,medium,unclassified,hard
pcgnn_217.txt,True,True,True,0.37890625,0.18877551020408162,159,1.0,26,0.8125,0.018867924528301886,0.7672955974842768,0.9629629629629629,0.8301886792452831,0.398810436320755,medium,unclassified,medium
pcgnn_218.txt,True,True,True,0.52734375,0.3826530612244898,121,0.7603305785123967,26,0.8125,0.10743801652892562,0.33884297520661155,0.9259259259259259,0.5371900826446281,0.529201317148760,medium,unclassified,hard
pcgnn_219.txt,True,True,True,0.4765625,0.3163265306122449,134,0.9925373134328358,25,0.78125,0.06716417910447761,0.5149253731343284,0.9615384615384616,0.7985074626865671,0.485953824626866,medium,unclassified,hard
pcgnn_220.txt,True,True,True,0.546875,0.40816326530612246,116,0.896551724137931,29,0.90625,0.10344827586206896,0.22413793103448276,0.9666666666666667,0.6379310344827587,0.553362068965517,medium,unclassified,hard
pcgnn_221.txt,True,True,True,0.4609375,0.29591836734693877,138,1.0,26,0.8125,0.028985507246376812,0.5652173913043478,0.9629629629629629,0.8043478260869565,0.472425271739130,medium,unclassified,hard
pcgnn_222.txt,True,True,True,0.43359375,0.2602040816326531,145,1.0,28,0.875,0.04827586206896552,0.6206896551724138,0.9310344827586207,0.8,0.451432650862069,medium,unclassified,hard
pcgnn_223.txt,True,True,True,0.515625,0.3673469387755102,124,0.9919354838709677,35,1.09375,0.07258064516129033,0.3629032258064516,0.9722222222222222,0.7016129032258065,0.530272177419355,medium,unclassified,hard
pcgnn_224.txt,True,True,True,0.4609375,0.29591836734693877,138,0.9710144927536232,25,0.78125,0.057971014492753624,0.5869565217391305,0.9230769230769231,0.782608695652174,0.471297554347826,medium,unclassified,hard
pcgnn_225.txt,True,True,True,0.546875,0.40816326530612246,116,0.853448275862069,29,0.90625,0.10344827586206896,0.25862068965517243,0.9666666666666667,0.5948275862068966,0.552500000000000,medium,unclassified,hard
pcgnn_226.txt,True,True,True,0.4609375,0.29591836734693877,138,0.9782608695652174,35,1.09375,0.057971014492753624,0.5362318840579711,0.9444444444444444,0.717391304347826,0.480930706521739,medium,unclassified,hard
pcgnn_227.txt,True,True,True,0.57421875,0.44387755102040816,109,0.5137614678899083,32,1.0,0.11926605504587157,0.1559633027522936,0.9393939393939394,0.21100917431192662,0.574595040137615,medium,unclassified,hard
pcgnn_228.txt,True,True,True,0.47265625,0.3112244897959184,135,0.9481481481481482,26,0.8125,0.08148148148148149,0.5555555555555556,0.9259259259259259,0.7481481481481481,0.483423032407407,medium,unclassified,hard
pcgnn_229.txt,True,True,True,0.46484375,0.3010204081632653,137,1.0,30,0.9375,0.043795620437956206,0.5620437956204379,0.967741935483871,0.7737226277372263,0.482022696167883,medium,unclassified,hard
pcgnn_230.txt,True,True,True,0.4375,0.2653061224489796,144,1.0,26,0.8125,0.041666666666666664,0.6041666666666666,0.9259259259259259,0.8125,0.451875000000000,medium,unclassified,hard
pcgnn_231.txt,True,True,True,0.390625,0.20408163265306123,156,1.0,26,0.8125,0.00641025641025641,0.7435897435897436,0.9629629629629629,0.8269230769230769,0.408918269230769,medium,unclassified,hard
pcgnn_232.txt,True,True,True,0.46875,0.30612244897959184,136,0.9632352941176471,34,1.0625,0.051470588235294115,0.5294117647058824,0.9714285714285714,0.7058823529411765,0.487536764705882,medium,unclassified,hard
pcgnn_233.txt,True,True,True,0.48828125,0.33163265306122447,131,0.9694656488549618,26,0.8125,0.11450381679389313,0.4351145038167939,0.9259259259259259,0.7633587786259542,0.498780415076336,medium,unclassified,hard
pcgnn_234.txt,True,True,True,0.45703125,0.29081632653061223,139,1.0,26,0.8125,0.03597122302158273,0.5755395683453237,0.9629629629629629,0.8057553956834532,0.469147369604317,medium,unclassified,hard
pcgnn_235.txt,True,True,True,0.40625,0.22448979591836735,152,1.0,26,0.8125,0.046052631578947366,0.7368421052631579,0.9259259259259259,0.8223684210526315,0.424078947368421,medium,unclassified,hard
pcgnn_236.txt,True,True,True,0.41015625,0.22959183673469388,151,1.0,26,0.8125,0.039735099337748346,0.6887417218543046,1.0,0.8211920529801324,0.427381519039735,medium,unclassified,hard
pcgnn_237.txt,True,True,True,0.41015625,0.22959183673469388,151,1.0,26,0.8125,0.026490066225165563,0.6887417218543046,0.9629629629629629,0.8211920529801324,0.426984168046358,medium,unclassified,hard
pcgnn_238.txt,True,True,True,0.41015625,0.22959183673469388,151,1.0,26,0.8125,0.046357615894039736,0.6821192052980133,0.9629629629629629,0.8211920529801324,0.427580194536424,medium,unclassified,hard
pcgnn_239.txt,True,True,True,0.58203125,0.45408163265306123,107,0.4953271028037383,25,0.78125,0.09345794392523364,0.14953271028037382,0.9615384615384616,0.2523364485981308,0.570741092289720,medium,unclassified,hard
pcgnn_240.txt,True,True,True,0.53515625,0.39285714285714285,119,0.7647058823529411,32,1.0,0.08403361344537816,0.23529411764705882,1.0,0.48739495798319327,0.543909532563025,medium,unclassified,hard
pcgnn_241.txt,True,True,True,0.4609375,0.29591836734693877,138,0.9420289855072463,27,0.84375,0.043478260869565216,0.5072463768115942,0.9285714285714286,0.7391304347826086,0.473118206521739,medium,unclassified,hard
pcgnn_242.txt,True,True,True,0.5234375,0.37755102040816324,122,0.8114754098360656,28,0.875,0.09836065573770492,0.3442622950819672,0.9310344827586207,0.5737704918032787,0.529269979508197,medium,unclassified,hard
pcgnn_243.txt,True,True,True,0.421875,0.24489795918367346,148,1.0,25,0.78125,0.02702702702702703,0.6756756756756757,1.0,0.8243243243243243,0.436047297297297,medium,unclassified,hard
pcgnn_244.txt,True,True,True,0.5234375,0.37755102040816324,122,0.639344262295082,26,0.8125,0.09016393442622951,0.29508196721311475,0.9629629629629629,0.4180327868852459,0.522784323770492,medium,unclassified,hard
pcgnn_245.txt,True,True,True,0.40625,0.22448979591836735,152,1.0,26,0.8125,0.019736842105263157,0.7105263157894737,1.0,0.8223684210526315,0.423289473684211,medium,unclassified,hard
pcgnn_246.txt,True,True,True,0.5546875,0.41836734693877553,114,0.9736842105263158,37,1.15625,0.08771929824561403,0.2719298245614035,0.9736842105263158,0.6403508771929824,0.564657346491228,medium,unclassified,hard
pcgnn_247.txt,True,True,True,0.4765625,0.3163265306122449,134,1.0,26,0.8125,0.06716417910447761,0.5373134328358209,0.9259259259259259,0.7985074626865671,0.487516324626866,medium,unclassified,hard
pcgnn_248.txt,True,True,True,0.484375,0.32653061224489793,132,1.0,28,0.875,0.06818181818181818,0.48484848484848486,0.9655172413793104,0.7803030303030303,0.497339015151515,medium,unclassified,hard
pcgnn_249.txt,True,True,True,0.5390625,0.3979591836734694,118,0.7711864406779662,29,0.90625,0.11016949152542373,0.3135593220338983,1.0,0.5169491525423728,0.544112817796610,medium,unclassified,hard
pcgnn_250.txt,True,True,True,0.4375,0.2653061224489796,144,0.9930555555555556,26,0.8125,0.034722222222222224,0.5625,0.9629629629629629,0.8055555555555556,0.451527777777778,medium,unclassified,hard
pcgnn_251.txt,True,True,True,0.53125,0.3877551020408163,120,0.875,30,0.9375,0.10833333333333334,0.2916666666666667,0.9354838709677419,0.6166666666666667,0.540583333333333,medium,unclassified,hard
pcgnn_252.txt,True,True,True,0.3671875,0.17346938775510204,162,1.0,26,0.8125,0.012345679012345678,0.7530864197530864,0.9629629629629629,0.8333333333333334,0.388130787037037,medium,unclassified,medium
pcgnn_253.txt,True,True,True,0.39453125,0.20918367346938777,155,0.967741935483871,26,0.8125,0.01935483870967742,0.7483870967741936,0.9629629629629629,0.7935483870967742,0.412154737903226,medium,unclassified,hard
pcgnn_254.txt,True,True,True,0.52734375,0.3826530612244898,121,0.6198347107438017,40,1.25,0.0743801652892562,0.30578512396694213,0.9512195121951219,0.2809917355371901,0.532460614669422,medium,unclassified,hard
pcgnn_255.txt,True,True,True,0.49609375,0.34183673469387754,129,1.0,26,0.8125,0.07751937984496124,0.40310077519379844,0.9259259259259259,0.7906976744186046,0.505248909883721,medium,unclassified,hard
pcgnn_256.txt,True,True,True,0.54296875,0.4030612244897959,117,0.6923076923076923,29,0.90625,0.07692307692307693,0.26495726495726496,0.9666666666666667,0.4358974358974359,0.545010016025641,medium,unclassified,hard
pcgnn_257.txt,True,True,True,0.48046875,0.32142857142857145,133,1.0,31,0.96875,0.05263157894736842,0.48120300751879697,0.96875,0.7593984962406015,0.497626292293233,medium,unclassified,hard
pcgnn_258.txt,True,True,True,0.54296875,0.4030612244897959,117,0.9572649572649573,35,1.09375,0.1111111111111111,0.27350427350427353,0.9444444444444444,0.6495726495726496,0.554996661324786,medium,unclassified,hard
pcgnn_259.txt,True,True,True,0.515625,0.3673469387755102,124,0.5403225806451613,23,0.71875,0.11290322580645161,0.43548387096774194,0.9166666666666666,0.3467741935483871,0.510322580645161,medium,unclassified,hard
pcgnn_260.txt,True,True,True,0.52734375,0.3826530612244898,121,0.9256198347107438,33,1.03125,0.0743801652892562,0.33884297520661155,0.9705882352941176,0.6446280991735537,0.539733341942149,medium,unclassified,hard
pcgnn_261.txt,True,True,True,0.484375,0.32653061224489793,132,0.946969696969697,39,1.21875,0.05303030303030303,0.4090909090909091,0.975,0.6439393939393939,0.500407196969697,medium,unclassified,hard
pcgnn_262.txt,True,True,True,0.453125,0.2857142857142857,140,1.0,29,0.90625,0.07142857142857142,0.5357142857142857,0.9333333333333333,0.7857142857142857,0.470982142857143,medium,unclassified,hard
pcgnn_263.txt,True,True,True,0.578125,0.4489795918367347,108,0.9444444444444444,48,1.5,0.1111111111111111,0.17592592592592593,0.9591836734693877,0.49074074074074076,0.583460648148148,medium,unclassified,hard
pcgnn_264.txt,True,True,True,0.5,0.3469387755102041,128,0.96875,29,0.90625,0.0625,0.4140625,0.9333333333333333,0.734375,0.511875000000000,medium,unclassified,hard
pcgnn_265.txt,True,True,True,0.55078125,0.413265306122449,115,0.9826086956521739,27,0.84375,0.11304347826086956,0.3217391304347826,0.9285714285714286,0.7391304347826086,0.556064538043478,medium,unclassified,hard
pcgnn_266.txt,True,True,True,0.4296875,0.25510204081632654,146,0.9931506849315068,26,0.8125,0.03424657534246575,0.6506849315068494,0.9259259259259259,0.8082191780821918,0.444535530821918,medium,unclassified,hard
pcgnn_267.txt,True,True,True,0.40625,0.22448979591836735,152,1.0,25,0.78125,0.013157894736842105,0.6776315789473685,1.0,0.8289473684210527,0.421661184210526,medium,unclassified,hard
pcgnn_268.txt,True,True,True,0.3984375,0.21428571428571427,154,0.9545454545454546,26,0.8125,0.03896103896103896,0.7272727272727273,0.9629629629629629,0.7792207792207793,0.415971996753247,medium,unclassified,hard
pcgnn_269.txt,True,True,True,0.53125,0.3877551020408163,120,1.0,31,0.96875,0.075,0.275,0.96875,0.7333333333333333,0.543479166666667,medium,unclassified,hard
pcgnn_270.txt,True,True,True,0.49609375,0.34183673469387754,129,0.9689922480620154,26,0.8125,0.06201550387596899,0.3798449612403101,0.9629629629629629,0.7596899224806202,0.504163638565892,medium,unclassified,hard
pcgnn_271.txt,True,True,True,0.40234375,0.2193877551020408,153,1.0,27,0.84375,0.032679738562091505,0.6601307189542484,0.9642857142857143,0.8169934640522876,0.421617136437908,medium,unclassified,hard
pcgnn_272.txt,True,True,True,0.43359375,0.2602040816326531,145,1.0,26,0.8125,0.041379310344827586,0.6413793103448275,0.9629629629629629,0.8137931034482758,0.448376616379310,medium,unclassified,hard
pcgnn_273.txt,True,True,True,0.49609375,0.34183673469387754,129,0.9844961240310077,29,0.90625,0.06976744186046512,0.43410852713178294,1.0,0.751937984496124,0.508928657945736,medium,unclassified,hard
pcgnn_274.txt,True,True,True,0.5390625,0.3979591836734694,118,0.7627118644067796,46,1.4375,0.1016949152542373,0.2966101694915254,0.9574468085106383,0.3644067796610169,0.545495233050847,medium,unclassified,hard
pcgnn_275.txt,True,True,True,0.546875,0.40816326530612246,116,0.9741379310344828,37,1.15625,0.06896551724137931,0.28448275862068967,0.9736842105263158,0.646551724137931,0.557187500000000,medium,unclassified,hard
pcgnn_276.txt,True,True,True,0.5,0.3469387755102041,128,1.0,27,0.84375,0.0546875,0.40625,0.9285714285714286,0.78125,0.509453125000000,medium,unclassified,hard
pcgnn_277.txt,True,True,True,0.5234375,0.37755102040816324,122,0.9918032786885246,51,1.59375,0.07377049180327869,0.23770491803278687,0.9615384615384616,0.5655737704918032,0.534618340163934,medium,unclassified,hard
pcgnn_278.txt,True,True,True,0.4453125,0.2755102040816326,142,0.9929577464788732,26,0.8125,0.04225352112676056,0.5774647887323944,0.9629629629629629,0.8028169014084507,0.458730193661972,medium,unclassified,hard
pcgnn_279.txt,True,True,True,0.421875,0.24489795918367346,148,0.9797297297297297,26,0.8125,0.06756756756756757,0.6418918918918919,1.0,0.7972972972972973,0.438285472972973,medium,unclassified,hard
pcgnn_280.txt,True,True,True,0.375,0.1836734693877551,160,1.0,26,0.8125,0.0,0.7125,1.0,0.83125,0.394750000000000,medium,unclassified,medium
pcgnn_281.txt,True,True,True,0.54296875,0.4030612244897959,117,0.9316239316239316,42,1.3125,0.08547008547008547,0.3247863247863248,0.9534883720930233,0.5641025641025641,0.552518028846154,medium,unclassified,hard
pcgnn_282.txt,True,True,True,0.45703125,0.29081632653061223,139,0.7985611510791367,26,0.8125,0.03597122302158273,0.5611510791366906,0.9629629629629629,0.60431654676259,0.465118592625899,medium,unclassified,hard
pcgnn_283.txt,True,True,True,0.40234375,0.2193877551020408,153,1.0,26,0.8125,0.0392156862745098,0.7450980392156863,0.9629629629629629,0.8235294117647058,0.420381433823529,medium,unclassified,hard
pcgnn_284.txt,True,True,True,0.41015625,0.22959183673469388,151,1.0,26,0.8125,0.019867549668874173,0.6887417218543046,0.9629629629629629,0.8211920529801324,0.426785492549669,medium,unclassified,hard
pcgnn_285.txt,True,True,True,0.4453125,0.2755102040816326,142,1.0,29,0.90625,0.07042253521126761,0.6408450704225352,0.9333333333333333,0.7887323943661971,0.463981073943662,medium,unclassified,hard
pcgnn_286.txt,True,True,True,0.421875,0.24489795918367346,148,1.0,25,0.78125,0.006756756756756757,0.6621621621621622,1.0,0.8243243243243243,0.435439189189189,medium,unclassified,hard
pcgnn_287.txt,True,True,True,0.44140625,0.27040816326530615,143,1.0,26,0.8125,0.04895104895104895,0.5804195804195804,0.9259259259259259,0.8111888111888111,0.455582932692308,medium,unclassified,hard
pcgnn_288.txt,True,True,True,0.48828125,0.33163265306122447,131,0.7862595419847328,26,0.8125,0.06870229007633588,0.4198473282442748,0.9629629629629629,0.5801526717557252,0.493742247137405,medium,unclassified,hard
pcgnn_289.txt,True,True,True,0.46484375,0.3010204081632653,137,0.9562043795620438,25,0.78125,0.0364963503649635,0.49635036496350365,0.9615384615384616,0.7664233576642335,0.473845232664234,medium,unclassified,hard
pcgnn_290.txt,True,True,True,0.46484375,0.3010204081632653,137,1.0,25,0.78125,0.072992700729927,0.5036496350364964,0.9230769230769231,0.8102189781021898,0.475816035583942,medium,unclassified,hard
pcgnn_291.txt,True,True,True,0.51171875,0.3622448979591837,125,0.968,26,0.8125,0.064,0.336,0.9629629629629629,0.752,0.518131875000000,medium,unclassified,hard
pcgnn_292.txt,True,True,True,0.453125,0.2857142857142857,140,0.9928571428571429,26,0.8125,0.05,0.55,0.9629629629629629,0.8,0.465937500000000,medium,unclassified,hard
pcgnn_293.txt,True,True,True,0.5703125,0.4387755102040816,110,0.6727272727272727,26,0.8125,0.09090909090909091,0.16363636363636364,0.9629629629629629,0.42727272727272725,0.565178977272727,medium,unclassified,hard
pcgnn_294.txt,True,True,True,0.5078125,0.35714285714285715,126,0.8492063492063492,33,1.03125,0.06349206349206349,0.38095238095238093,0.9411764705882353,0.5793650793650794,0.520523313492063,medium,unclassified,hard
pcgnn_295.txt,True,True,True,0.5234375,0.37755102040816324,122,0.8934426229508197,28,0.875,0.12295081967213115,0.3524590163934426,0.9655172413793104,0.6557377049180327,0.531647028688525,medium,unclassified,hard
pcgnn_296.txt,True,True,True,0.5546875,0.41836734693877553,114,1.0,37,1.15625,0.07017543859649122,0.2631578947368421,0.9736842105263158,0.6666666666666666,0.564657346491228,medium,unclassified,hard
pcgnn_297.txt,True,True,True,0.5546875,0.41836734693877553,114,0.7807017543859649,33,1.03125,0.08771929824561403,0.21929824561403508,0.9411764705882353,0.4824561403508772,0.561499451754386,medium,unclassified,hard
pcgnn_298.txt,True,True,True,0.53515625,0.39285714285714285,119,0.9327731092436975,38,1.1875,0.058823529411764705,0.2857142857142857,0.9487179487179487,0.6050420168067226,0.545506171218487,medium,unclassified,hard
pcgnn_299.txt,True,True,True,0.46484375,0.3010204081632653,137,0.9781021897810219,26,0.8125,0.06569343065693431,0.5401459854014599,0.9259259259259259,0.781021897810219,0.476575615875912,medium,unclassified,hard
pcgnn_300.txt,True,True,True,0.49609375,0.34183673469387754,129,0.9534883720930233,34,1.0625,0.06976744186046512,0.3798449612403101,0.9714285714285714,0.6821705426356589,0.512220809108527,medium,unclassified,hard
pcgnn_301.txt,True,True,True,0.54296875,0.4030612244897959,117,0.7863247863247863,29,0.90625,0.1111111111111111,0.29914529914529914,0.9333333333333333,0.5299145299145299,0.547915998931624,medium,unclassified,hard
pcgnn_302.txt,True,True,True,0.52734375,0.3826530612244898,121,0.9752066115702479,34,1.0625,0.10743801652892562,0.30578512396694213,0.9428571428571428,0.6859504132231405,0.541551523760331,medium,unclassified,hard
pcgnn_303.txt,True,True,True,0.515625,0.3673469387755102,124,0.967741935483871,26,0.8125,0.06451612903225806,0.3709677419354839,0.9629629629629629,0.75,0.521622983870968,medium,unclassified,hard
pcgnn_304.txt,True,True,True,0.5078125,0.35714285714285715,126,1.0,33,1.03125,0.05555555555555555,0.4444444444444444,0.9705882352941176,0.7301587301587301,0.523301091269841,medium,unclassified,hard
pcgnn_305.txt,True,True,True,0.5078125,0.35714285714285715,126,1.0,28,0.875,0.07142857142857142,0.42857142857142855,0.9655172413793104,0.7698412698412699,0.518320932539682,medium,unclassified,hard
pcgnn_306.txt,True,True,True,0.4921875,0.336734693877551,130,0.8923076923076924,25,0.78125,0.046153846153846156,0.4846153846153846,0.9230769230769231,0.6923076923076923,0.497262019230769,medium,unclassified,hard
pcgnn_307.txt,True,True,True,0.40625,0.22448979591836735,152,1.0,26,0.8125,0.006578947368421052,0.6776315789473685,1.0,0.8223684210526315,0.422894736842105,medium,unclassified,hard
pcgnn_308.txt,True,True,True,0.56640625,0.4336734693877551,111,0.954954954954955,47,1.46875,0.0990990990990991,0.17117117117117117,0.9583333333333334,0.5225225225225225,0.573189048423423,medium,unclassified,hard
pcgnn_309.txt,True,True,True,0.44140625,0.27040816326530615,143,1.0,29,0.90625,0.027972027972027972,0.5804195804195804,0.9666666666666667,0.7902097902097902,0.459221481643357,medium,unclassified,hard
pcgnn_310.txt,True,True,True,0.46484375,0.3010204081632653,137,1.0,27,0.84375,0.072992700729927,0.48175182481751827,0.9642857142857143,0.7956204379562044,0.478649064781022,medium,unclassified,hard
pcgnn_311.txt,True,True,True,0.42578125,0.25,147,1.0,26,0.8125,0.047619047619047616,0.673469387755102,0.9259259259259259,0.8163265306122449,0.441583227040816,medium,unclassified,hard
pcgnn_312.txt,True,True,True,0.55078125,0.413265306122449,115,0.9043478260869565,44,1.375,0.08695652173913043,0.22608695652173913,0.9777777777777777,0.5130434782608696,0.558572690217391,medium,unclassified,hard
pcgnn_313.txt,True,True,True,0.37109375,0.17857142857142858,161,1.0,26,0.8125,0.012422360248447204,0.7391304347826086,0.9629629629629629,0.8322981366459627,0.391628008540373,medium,unclassified,medium
pcgnn_314.txt,True,True,True,0.5625,0.42857142857142855,112,0.9017857142857143,42,1.3125,0.07142857142857142,0.15178571428571427,0.9534883720930233,0.5178571428571429,0.568750000000000,medium,unclassified,hard
pcgnn_315.txt,True,True,True,0.515625,0.3673469387755102,124,0.9838709677419355,26,0.8125,0.07258064516129033,0.3548387096774194,0.9629629629629629,0.7661290322580645,0.522187500000000,medium,unclassified,hard
pcgnn_316.txt,True,True,True,0.49609375,0.34183673469387754,129,0.937984496124031,26,0.8125,0.07751937984496124,0.37209302325581395,0.9259259259259259,0.7286821705426356,0.504008599806202,medium,unclassified,hard
pcgnn_317.txt,True,True,True,0.39453125,0.20918367346938777,155,0.9935483870967742,26,0.8125,0.03870967741935484,0.7096774193548387,0.9629629629629629,0.8193548387096774,0.413251512096774,medium,unclassified,hard
pcgnn_318.txt,True,True,True,0.38671875,0.1989795918367347,157,1.0,26,0.8125,0.044585987261146494,0.7898089171974523,0.9259259259259259,0.8280254777070064,0.406569964171975,medium,unclassified,medium
pcgnn_319.txt,True,True,True,0.44140625,0.27040816326530615,143,1.0,26,0.8125,0.04895104895104895,0.6153846153846154,0.9629629629629629,0.8111888111888111,0.455582932692308,medium,unclassified,hard
pcgnn_320.txt,True,True,True,0.58203125,0.45408163265306123,107,0.9065420560747663,41,1.28125,0.12149532710280374,0.17757009345794392,0.9761904761904762,0.514018691588785,0.587753358644860,medium,unclassified,hard
pcgnn_321.txt,True,True,True,0.52734375,0.3826530612244898,121,0.9090909090909091,26,0.8125,0.06611570247933884,0.36363636363636365,0.9629629629629629,0.6859504132231405,0.530936854338843,medium,unclassified,hard
pcgnn_322.txt,True,True,True,0.39453125,0.20918367346938777,155,1.0,26,0.8125,0.012903225806451613,0.7419354838709677,0.9629629629629629,0.8258064516129032,0.412606350806452,medium,unclassified,hard
pcgnn_323.txt,True,True,True,0.4140625,0.23469387755102042,150,1.0,26,0.8125,0.02,0.62,0.9629629629629629,0.82,0.430281250000000,medium,unclassified,hard
pcgnn_324.txt,True,True,True,0.40625,0.22448979591836735,152,1.0,26,0.8125,0.013157894736842105,0.6776315789473685,1.0,0.8223684210526315,0.423092105263158,medium,unclassified,hard
pcgnn_325.txt,True,True,True,0.51953125,0.37244897959183676,123,0.5365853658536586,41,1.28125,0.08130081300813008,0.34146341463414637,0.9523809523809523,0.1951219512195122,0.523919588414634,medium,unclassified,hard
pcgnn_326.txt,True,True,True,0.40625,0.22448979591836735,152,1.0,26,0.8125,0.039473684210526314,0.6644736842105263,0.9259259259259259,0.8223684210526315,0.423881578947368,medium,unclassified,hard
pcgnn_327.txt,True,True,True,0.5234375,0.37755102040816324,122,0.9754098360655737,32,1.0,0.11475409836065574,0.36065573770491804,0.9393939393939394,0.7049180327868853,0.538634733606557,medium,unclassified,hard
pcgnn_328.txt,True,True,True,0.43359375,0.2602040816326531,145,1.0,26,0.8125,0.020689655172413793,0.6068965517241379,1.0,0.8137931034482758,0.447755926724138,medium,unclassified,hard
pcgnn_329.txt,True,True,True,0.54296875,0.4030612244897959,117,0.9658119658119658,32,1.0,0.05982905982905983,0.3076923076923077,0.9696969696969697,0.6837606837606838,0.554141960470085,medium,unclassified,hard
pcgnn_330.txt,True,True,True,0.51171875,0.3622448979591837,125,0.992,25,0.78125,0.072,0.376,1.0,0.784,0.517449375000000,medium,unclassified,hard
pcgnn_331.txt,True,True,True,0.3984375,0.21428571428571427,154,0.9805194805194806,25,0.78125,0.05194805194805195,0.7077922077922078,0.9230769230769231,0.8116883116883117,0.415448457792208,medium,unclassified,hard
pcgnn_332.txt,True,True,True,0.4921875,0.336734693877551,130,1.0,35,1.09375,0.06153846153846154,0.43846153846153846,0.9444444444444444,0.7230769230769231,0.509276442307692,medium,unclassified,hard
pcgnn_333.txt,True,True,True,0.4921875,0.336734693877551,130,1.0,36,1.125,0.08461538461538462,0.4,0.972972972972973,0.7153846153846154,0.509814903846154,medium,unclassified,hard
pcgnn_334.txt,True,True,True,0.51171875,0.3622448979591837,125,0.576,26,0.8125,0.088,0.384,0.9259259259259259,0.36,0.511011875000000,medium,unclassified,hard
pcgnn_335.txt,True,True,True,0.4765625,0.3163265306122449,134,0.9029850746268657,36,1.125,0.06716417910447761,0.48507462686567165,0.972972972972973,0.6268656716417911,0.493458488805970,medium,unclassified,hard
pcgnn_336.txt,True,True,True,0.45703125,0.29081632653061223,139,1.0,26,0.8125,0.04316546762589928,0.539568345323741,0.9259259259259259,0.8057553956834532,0.469363196942446,medium,unclassified,hard
pcgnn_337.txt,True,True,True,0.39453125,0.20918367346938777,155,1.0,26,0.8125,0.025806451612903226,0.7677419354838709,0.9259259259259259,0.8258064516129032,0.412993447580645,medium,unclassified,hard
pcgnn_338.txt,True,True,True,0.4453125,0.2755102040816326,142,1.0,25,0.78125,0.04929577464788732,0.5985915492957746,0.9615384615384616,0.8169014084507042,0.457660651408451,medium,unclassified,hard
pcgnn_339.txt,True,True,True,0.41015625,0.22959183673469388,151,1.0,27,0.84375,0.033112582781456956,0.6821192052980133,1.0,0.8145695364238411,0.428612893211921,medium,unclassified,hard
pcgnn_340.txt,True,True,True,0.5234375,0.37755102040816324,122,0.5,25,0.78125,0.07377049180327869,0.32786885245901637,0.9230769230769231,0.28688524590163933,0.518107069672131,medium,unclassified,hard
pcgnn_341.txt,True,True,True,0.42578125,0.25,147,1.0,25,0.78125,0.027210884353741496,0.673469387755102,1.0,0.8231292517006803,0.439544536564626,medium,unclassified,hard
pcgnn_342.txt,True,True,True,0.51171875,0.3622448979591837,125,0.992,30,0.9375,0.08,0.392,0.967741935483871,0.744,0.524701875000000,medium,unclassified,hard
pcgnn_343.txt,True,True,True,0.40625,0.22448979591836735,152,1.0,26,0.8125,0.03289473684210526,0.6513157894736842,0.9259259259259259,0.8223684210526315,0.423684210526316,medium,unclassified,hard
pcgnn_344.txt,True,True,True,0.4375,0.2653061224489796,144,1.0,26,0.8125,0.041666666666666664,0.6111111111111112,0.9259259259259259,0.8125,0.451875000000000,medium,unclassified,hard
pcgnn_345.txt,True,True,True,0.5390625,0.3979591836734694,118,0.9322033898305084,33,1.03125,0.07627118644067797,0.2288135593220339,0.9705882352941176,0.6440677966101694,0.550325741525424,medium,unclassified,hard
pcgnn_346.txt,True,True,True,0.515625,0.3673469387755102,124,0.8306451612903226,35,1.09375,0.08064516129032258,0.3629032258064516,0.9444444444444444,0.5403225806451613,0.527288306451613,medium,unclassified,hard
pcgnn_347.txt,True,True,True,0.4140625,0.23469387755102042,150,1.0,27,0.84375,0.03333333333333333,0.6866666666666666,0.9642857142857143,0.8133333333333334,0.432110416666667,medium,unclassified,hard
pcgnn_348.txt,True,True,True,0.50390625,0.3520408163265306,127,0.9291338582677166,43,1.34375,0.047244094488188976,0.30708661417322836,0.9772727272727273,0.5826771653543307,0.516586491141732,medium,unclassified,hard
pcgnn_349.txt,True,True,True,0.3828125,0.19387755102040816,158,1.0,26,0.8125,0.02531645569620253,0.7468354430379747,0.9629629629629629,0.8291139240506329,0.402498022151899,medium,unclassified,medium
pcgnn_350.txt,True,True,True,0.49609375,0.34183673469387754,129,1.0,26,0.8125,0.06201550387596899,0.31007751937984496,0.9259259259259259,0.7906976744186046,0.504783793604651,medium,unclassified,hard
pcgnn_351.txt,True,True,True,0.48828125,0.33163265306122447,131,1.0,48,1.5,0.061068702290076333,0.4198473282442748,0.9591836734693877,0.6259541984732825,0.503804270038168,medium,unclassified,hard
pcgnn_352.txt,True,True,True,0.484375,0.32653061224489793,132,1.0,36,1.125,0.07575757575757576,0.42424242424242425,0.9459459459459459,0.7196969696969697,0.502604166666667,medium,unclassified,hard
pcgnn_353.txt,True,True,True,0.3828125,0.19387755102040816,158,1.0,26,0.8125,0.012658227848101266,0.7658227848101266,1.0,0.8291139240506329,0.402118275316456,medium,unclassified,medium
pcgnn_354.txt,True,True,True,0.42578125,0.25,147,1.0,26,0.8125,0.013605442176870748,0.6326530612244898,1.0,0.8163265306122449,0.440562818877551,medium,unclassified,hard
pcgnn_355.txt,True,True,True,0.48828125,0.33163265306122447,131,1.0,34,1.0625,0.07633587786259542,0.45038167938931295,0.9428571428571428,0.732824427480916,0.506399689885496,medium,unclassified,hard
pcgnn_356.txt,True,True,True,0.4296875,0.25510204081632654,146,1.0,26,0.8125,0.0410958904109589,0.6506849315068494,0.9629629629629629,0.815068493150685,0.444877996575342,medium,unclassified,hard
pcgnn_357.txt,True,True,True,0.53125,0.3877551020408163,120,0.9583333333333334,28,0.875,0.11666666666666667,0.2833333333333333,0.9310344827586207,0.7166666666666667,0.539708333333333,medium,unclassified,hard
pcgnn_358.txt,True,True,True,0.37890625,0.18877551020408162,159,1.0,26,0.8125,0.012578616352201259,0.7421383647798742,1.0,0.8301886792452831,0.398621757075472,medium,unclassified,medium
pcgnn_359.txt,True,True,True,0.50390625,0.3520408163265306,127,1.0,29,0.90625,0.06299212598425197,0.4566929133858268,0.9333333333333333,0.7637795275590551,0.515993479330709,medium,unclassified,hard
pcgnn_360.txt,True,True,True,0.55078125,0.413265306122449,115,0.9652173913043478,34,1.0625,0.11304347826086956,0.2782608695652174,0.9428571428571428,0.6608695652173913,0.562311820652174,medium,unclassified,hard
pcgnn_361.txt,True,True,True,0.515625,0.3673469387755102,124,1.0,50,1.5625,0.06451612903225806,0.2903225806451613,0.9803921568627451,0.5887096774193549,0.527772177419355,medium,unclassified,hard
pcgnn_362.txt,True,True,True,0.546875,0.40816326530612246,116,0.8275862068965517,36,1.125,0.07758620689655173,0.2413793103448276,0.972972972972973,0.5086206896551724,0.554687500000000,medium,unclassified,hard
pcgnn_363.txt,True,True,True,0.4296875,0.25510204081632654,146,0.9931506849315068,26,0.8125,0.03424657534246575,0.6095890410958904,1.0,0.8082191780821918,0.444535530821918,medium,unclassified,hard
pcgnn_364.txt,True,True,True,0.53125,0.3877551020408163,120,0.9416666666666667,32,1.0,0.11666666666666667,0.2916666666666667,0.9393939393939394,0.6666666666666666,0.544958333333333,medium,unclassified,hard
pcgnn_365.txt,True,True,True,0.5703125,0.4387755102040816,110,0.5545454545454546,32,1.0,0.12727272727272726,0.19090909090909092,0.9393939393939394,0.2545454545454545,0.572190340909091,medium,unclassified,hard
pcgnn_366.txt,True,True,True,0.57421875,0.44387755102040816,109,0.5504587155963303,38,1.1875,0.11009174311926606,0.1926605504587156,0.9487179487179487,0.1926605504587156,0.573952838302752,medium,unclassified,hard
pcgnn_367.txt,True,True,True,0.48828125,0.33163265306122447,131,1.0,32,1.0,0.07633587786259542,0.46564885496183206,0.9393939393939394,0.7480916030534351,0.506705033396947,medium,unclassified,hard
pcgnn_368.txt,True,True,True,0.54296875,0.4030612244897959,117,0.9401709401709402,46,1.4375,0.08547008547008547,0.27350427350427353,0.9574468085106383,0.5384615384615384,0.552005208333333,medium,unclassified,hard
pcgnn_369.txt,True,True,True,0.359375,0.16326530612244897,164,1.0,26,0.8125,0.006097560975609756,0.774390243902439,1.0,0.8353658536585366,0.380952743902439,medium,unclassified,easy
pcgnn_370.txt,True,True,True,0.43359375,0.2602040816326531,145,1.0,25,0.78125,0.034482758620689655,0.6137931034482759,0.9615384615384616,0.8206896551724138,0.446745150862069,medium,unclassified,hard
pcgnn_371.txt,True,True,True,0.51953125,0.37244897959183676,123,1.0,36,1.125,0.056910569105691054,0.37398373983739835,0.9459459459459459,0.6991869918699187,0.533269181910569,medium,unclassified,hard
pcgnn_372.txt,True,True,True,0.53515625,0.39285714285714285,119,0.9747899159663865,42,1.3125,0.10084033613445378,0.31092436974789917,0.9534883720930233,0.6134453781512605,0.546934742647059,medium,unclassified,hard
pcgnn_373.txt,True,True,True,0.55078125,0.413265306122449,115,0.5565217391304348,40,1.25,0.08695652173913043,0.20869565217391303,0.9512195121951219,0.2,0.552311820652174,medium,unclassified,hard
pcgnn_374.txt,True,True,True,0.44140625,0.27040816326530615,143,1.0,25,0.78125,0.04895104895104895,0.5944055944055944,0.9230769230769231,0.8181818181818182,0.454160292832168,medium,unclassified,hard
pcgnn_375.txt,True,True,True,0.4375,0.2653061224489796,144,1.0,26,0.8125,0.034722222222222224,0.5555555555555556,0.9629629629629629,0.8125,0.451666666666667,medium,unclassified,hard
pcgnn_376.txt,True,True,True,0.51171875,0.3622448979591837,125,0.768,35,1.09375,0.096,0.352,0.9444444444444444,0.48,0.523026875000000,medium,unclassified,hard
pcgnn_377.txt,True,True,True,0.41015625,0.22959183673469388,151,1.0,28,0.875,0.033112582781456956,0.695364238410596,1.0,0.8079470198675497,0.430042942880795,medium,unclassified,hard
pcgnn_378.txt,True,True,True,0.45703125,0.29081632653061223,139,0.9568345323741008,26,0.8125,0.050359712230215826,0.5107913669064749,0.9629629629629629,0.762589928057554,0.468715714928058,medium,unclassified,hard
pcgnn_379.txt,True,True,True,0.55859375,0.42346938775510207,113,0.8230088495575221,38,1.1875,0.12389380530973451,0.20353982300884957,0.9487179487179487,0.4778761061946903,0.566008711283186,medium,unclassified,hard
pcgnn_380.txt,True,True,True,0.40625,0.22448979591836735,152,1.0,26,0.8125,0.03289473684210526,0.6907894736842105,0.9629629629629629,0.8223684210526315,0.423684210526316,medium,unclassified,hard
pcgnn_381.txt,True,True,True,0.453125,0.2857142857142857,140,1.0,26,0.8125,0.04285714285714286,0.5857142857142857,0.9629629629629629,0.8071428571428572,0.465866071428571,medium,unclassified,hard
pcgnn_382.txt,True,True,True,0.484375,0.32653061224489793,132,1.0,25,0.78125,0.11363636363636363,0.5606060606060606,0.9615384615384616,0.803030303030303,0.494469696969697,medium,unclassified,hard
pcgnn_383.txt,True,True,True,0.57421875,0.44387755102040816,109,0.7889908256880734,39,1.21875,0.13761467889908258,0.22018348623853212,0.95,0.42201834862385323,0.579365682339450,medium,unclassified,hard
pcgnn_384.txt,True,True,True,0.5234375,0.37755102040816324,122,0.9836065573770492,41,1.28125,0.08196721311475409,0.39344262295081966,0.9523809523809523,0.639344262295082,0.536339651639344,medium,unclassified,hard
pcgnn_385.txt,True,True,True,0.515625,0.3673469387755102,124,1.0,32,1.0,0.08064516129032258,0.3467741935483871,0.9393939393939394,0.7338709677419355,0.531159274193548,medium,unclassified,hard
pcgnn_386.txt,True,True,True,0.44921875,0.28061224489795916,141,1.0,29,0.90625,0.03546099290780142,0.5673758865248227,0.9333333333333333,0.7872340425531915,0.466417885638298,medium,unclassified,hard
pcgnn_387.txt,True,True,True,0.41796875,0.23979591836734693,149,1.0,26,0.8125,0.020134228187919462,0.6174496644295302,1.0,0.8187919463087249,0.433776740771812,medium,unclassified,hard
pcgnn_388.txt,True,True,True,0.4140625,0.23469387755102042,150,1.0,26,0.8125,0.02,0.6733333333333333,0.9259259259259259,0.82,0.430281250000000,medium,unclassified,hard
pcgnn_389.txt,True,True,True,0.3828125,0.19387755102040816,158,1.0,26,0.8125,0.0189873417721519,0.7151898734177216,0.9629629629629629,0.8291139240506329,0.402308148734177,medium,unclassified,medium
pcgnn_390.txt,True,True,True,0.54296875,0.4030612244897959,117,0.7863247863247863,25,0.78125,0.08547008547008547,0.3247863247863248,0.9230769230769231,0.5641025641025641,0.541580528846154,medium,unclassified,hard
pcgnn_391.txt,True,True,True,0.43359375,0.2602040816326531,145,1.0,26,0.8125,0.034482758620689655,0.593103448275862,0.9629629629629629,0.8137931034482758,0.448169719827586,medium,unclassified,hard
pcgnn_392.txt,True,True,True,0.48828125,0.33163265306122447,131,1.0,30,0.9375,0.061068702290076333,0.42748091603053434,0.9354838709677419,0.7633587786259542,0.503427361641221,medium,unclassified,hard
pcgnn_393.txt,True,True,True,0.54296875,0.4030612244897959,117,0.9914529914529915,35,1.09375,0.08547008547008547,0.19658119658119658,0.9722222222222222,0.6837606837606838,0.554911191239316,medium,unclassified,hard
pcgnn_394.txt,True,True,True,0.46484375,0.3010204081632653,137,1.0,31,0.96875,0.029197080291970802,0.48175182481751827,0.96875,0.7664233576642335,0.483001254562044,medium,unclassified,hard
pcgnn_395.txt,True,True,True,0.421875,0.24489795918367346,148,1.0,26,0.8125,0.02027027027027027,0.6351351351351351,0.9629629629629629,0.8175675675675675,0.437271959459460,medium,unclassified,hard
pcgnn_396.txt,True,True,True,0.37890625,0.18877551020408162,159,1.0,26,0.8125,0.012578616352201259,0.7358490566037735,0.9629629629629629,0.8301886792452831,0.398621757075472,medium,unclassified,medium
pcgnn_397.txt,True,True,True,0.375,0.1836734693877551,160,1.0,26,0.8125,0.03125,0.76875,0.9629629629629629,0.83125,0.395687500000000,medium,unclassified,medium
pcgnn_398.txt,True,True,True,0.546875,0.40816326530612246,116,0.9568965517241379,54,1.6875,0.09482758620689655,0.21551724137931033,0.9636363636363636,0.4827586206896552,0.554687500000000,medium,unclassified,hard
pcgnn_399.txt,True,True,True,0.43359375,0.2602040816326531,145,1.0,26,0.8125,0.020689655172413793,0.5862068965517241,0.9629629629629629,0.8137931034482758,0.447755926724138,medium,unclassified,hard
pcgnn_400.txt,True,True,True,0.51953125,0.37244897959183676,123,0.7967479674796748,31,0.96875,0.08943089430894309,0.36585365853658536,0.9375,0.5365853658536586,0.529430259146341,medium,unclassified,hard
pcgnn_401.txt,True,True,True,0.57421875,0.44387755102040816,109,0.3394495412844037,24,0.75,0.12844036697247707,0.1834862385321101,0.92,0.11009174311926606,0.560351920871560,medium,unclassified,hard
pcgnn_402.txt,True,True,True,0.4609375,0.29591836734693877,138,1.0,26,0.8125,0.06521739130434782,0.5434782608695652,0.9259259259259259,0.8043478260869565,0.473512228260870,medium,unclassified,hard
pcgnn_403.txt,True,True,True,0.40625,0.22448979591836735,152,1.0,26,0.8125,0.019736842105263157,0.6447368421052632,1.0,0.8223684210526315,0.423289473684211,medium,unclassified,hard
pcgnn_404.txt,True,True,True,0.46875,0.30612244897959184,136,0.9485294117647058,37,1.15625,0.051470588235294115,0.4411764705882353,0.9473684210526315,0.6691176470588235,0.486801470588235,medium,unclassified,hard
pcgnn_405.txt,True,True,True,0.484375,0.32653061224489793,132,0.9090909090909091,26,0.8125,0.06060606060606061,0.5,0.9629629629629629,0.7045454545454546,0.492471590909091,medium,unclassified,hard
pcgnn_406.txt,True,True,True,0.42578125,0.25,147,0.9319727891156463,25,0.78125,0.04081632653061224,0.6394557823129252,1.0,0.7551020408163265,0.438592155612245,medium,unclassified,hard
pcgnn_407.txt,True,True,True,0.53125,0.3877551020408163,120,0.6333333333333333,26,0.8125,0.075,0.2833333333333333,0.9259259259259259,0.4083333333333333,0.529166666666667,medium,unclassified,hard
pcgnn_408.txt,True,True,True,0.515625,0.3673469387755102,124,0.6209677419354839,25,0.78125,0.06451612903225806,0.3387096774193548,0.9615384615384616,0.4112903225806452,0.513286290322581,medium,unclassified,hard
pcgnn_409.txt,True,True,True,0.53515625,0.39285714285714285,119,0.8907563025210085,30,0.9375,0.07563025210084033,0.35294117647058826,0.9354838709677419,0.6302521008403361,0.543389574579832,medium,unclassified,hard
pcgnn_410.txt,True,True,True,0.46484375,0.3010204081632653,137,0.8978102189781022,33,1.03125,0.058394160583941604,0.5182481751824818,0.9705882352941176,0.6496350364963503,0.483103900547445,medium,unclassified,hard
pcgnn_411.txt,True,True,True,0.49609375,0.34183673469387754,129,0.9302325581395349,28,0.875,0.05426356589147287,0.4496124031007752,0.9655172413793104,0.7054263565891473,0.505970809108527,medium,unclassified,hard
pcgnn_412.txt,True,True,True,0.53125,0.3877551020408163,120,0.8916666666666667,32,1.0,0.09166666666666666,0.325,0.9393939393939394,0.6166666666666667,0.543208333333333,medium,unclassified,hard
pcgnn_413.txt,True,True,True,0.421875,0.24489795918367346,148,1.0,26,0.8125,0.013513513513513514,0.668918918918919,0.9629629629629629,0.8175675675675675,0.437069256756757,medium,unclassified,hard
pcgnn_414.txt,True,True,True,0.44140625,0.27040816326530615,143,1.0,29,0.90625,0.03496503496503497,0.5874125874125874,0.9666666666666667,0.7902097902097902,0.459431271853147,medium,unclassified,hard
pcgnn_415.txt,True,True,True,0.44921875,0.28061224489795916,141,1.0,29,0.90625,0.02127659574468085,0.5815602836879432,0.9666666666666667,0.7872340425531915,0.465992353723404,medium,unclassified,hard
pcgnn_416.txt,True,True,True,0.43359375,0.2602040816326531,145,1.0,26,0.8125,0.020689655172413793,0.5586206896551724,0.9629629629629629,0.8137931034482758,0.447755926724138,medium,unclassified,hard
pcgnn_417.txt,True,True,True,0.54296875,0.4030612244897959,117,0.7264957264957265,31,0.96875,0.10256410256410256,0.2905982905982906,0.9375,0.452991452991453,0.549246127136752,medium,unclassified,hard
pcgnn_418.txt,True,True,True,0.55859375,0.42346938775510207,113,0.911504424778761,44,1.375,0.10619469026548672,0.19469026548672566,0.9555555555555556,0.5132743362831859,0.566185702433628,medium,unclassified,hard
pcgnn_419.txt,True,True,True,0.5078125,0.35714285714285715,126,0.46825396825396826,24,0.75,0.1111111111111111,0.3968253968253968,0.92,0.2698412698412698,0.503261408730159,medium,unclassified,hard
pcgnn_420.txt,True,True,True,0.38671875,0.1989795918367347,157,1.0,26,0.8125,0.012738853503184714,0.6878980891719745,1.0,0.8280254777070064,0.405614550159236,medium,unclassified,medium
pcgnn_421.txt,True,True,True,0.390625,0.20408163265306123,156,1.0,26,0.8125,0.01282051282051282,0.6794871794871795,1.0,0.8269230769230769,0.409110576923077,medium,unclassified,hard
pcgnn_422.txt,True,True,True,0.5546875,0.41836734693877553,114,0.8157894736842105,37,1.15625,0.10526315789473684,0.2719298245614035,0.9473684210526315,0.4824561403508772,0.562025767543860,medium,unclassified,hard
pcgnn_423.txt,True,True,True,0.3828125,0.19387755102040816,158,1.0,26,0.8125,0.006329113924050633,0.7341772151898734,1.0,0.8291139240506329,0.401928401898734,medium,unclassified,medium
pcgnn_424.txt,True,True,True,0.4453125,0.2755102040816326,142,0.9154929577464789,25,0.78125,0.04929577464788732,0.6126760563380281,0.9615384615384616,0.7323943661971831,0.455970510563380,medium,unclassified,hard
pcgnn_425.txt,True,True,True,0.5234375,0.37755102040816324,122,0.9426229508196722,48,1.5,0.05737704918032787,0.26229508196721313,0.9591836734693877,0.5409836065573771,0.533634733606557,medium,unclassified,hard
pcgnn_426.txt,True,True,True,0.5546875,0.41836734693877553,114,0.7017543859649122,48,1.5,0.07017543859649122,0.19298245614035087,0.9591836734693877,0.2719298245614035,0.556762609649123,medium,unclassified,hard
pcgnn_427.txt,True,True,True,0.484375,0.32653061224489793,132,0.9166666666666666,30,0.9375,0.07575757575757576,0.4696969696969697,0.9354838709677419,0.6818181818181818,0.498721590909091,medium,unclassified,hard
pcgnn_428.txt,True,True,True,0.55078125,0.413265306122449,115,0.7391304347826086,34,1.0625,0.12173913043478261,0.14782608695652175,0.9428571428571428,0.43478260869565216,0.558050951086957,medium,unclassified,hard
pcgnn_429.txt,True,True,True,0.54296875,0.4030612244897959,117,0.6923076923076923,26,0.8125,0.08547008547008547,0.28205128205128205,1.0,0.46153846153846156,0.541091746794872,medium,unclassified,hard
pcgnn_430.txt,True,True,True,0.4609375,0.29591836734693877,138,0.9855072463768116,30,0.9375,0.07971014492753623,0.5144927536231884,0.9354838709677419,0.7608695652173914,0.479327445652174,medium,unclassified,hard
pcgnn_431.txt,True,True,True,0.4765625,0.3163265306122449,134,0.9701492537313433,29,0.90625,0.05970149253731343,0.4626865671641791,0.9666666666666667,0.746268656716418,0.490935167910448,medium,unclassified,hard
pcgnn_432.txt,True,True,True,0.4453125,0.2755102040816326,142,1.0,30,0.9375,0.035211267605633804,0.5845070422535211,0.9354838709677419,0.7816901408450704,0.464346390845070,medium,unclassified,hard
pcgnn_433.txt,True,True,True,0.4296875,0.25510204081632654,146,1.0,26,0.8125,0.0410958904109589,0.6232876712328768,0.9259259259259259,0.815068493150685,0.444877996575342,medium,unclassified,hard
pcgnn_434.txt,True,True,True,0.546875,0.40816326530612246,116,0.5948275862068966,34,1.0625,0.11206896551724138,0.21551724137931033,0.9428571428571428,0.29310344827586204,0.551411637931035,medium,unclassified,hard
pcgnn_435.txt,True,True,True,0.51953125,0.37244897959183676,123,1.0,33,1.03125,0.06504065040650407,0.3008130081300813,0.9411764705882353,0.7235772357723578,0.534000889227642,medium,unclassified,hard
pcgnn_436.txt,True,True,True,0.5625,0.42857142857142855,112,0.8928571428571429,41,1.28125,0.10714285714285714,0.21428571428571427,0.9761904761904762,0.5178571428571429,0.569821428571429,medium,unclassified,hard
pcgnn_437.txt,True,True,True,0.42578125,0.25,147,1.0,26,0.8125,0.027210884353741496,0.6394557823129252,1.0,0.8163265306122449,0.440970982142857,medium,unclassified,hard
pcgnn_438.txt,True,True,True,0.42578125,0.25,147,1.0,25,0.78125,0.047619047619047616,0.6394557823129252,0.9615384615384616,0.8231292517006803,0.440156781462585,medium,unclassified,hard
pcgnn_439.txt,True,True,True,0.5390625,0.3979591836734694,118,0.9576271186440678,32,1.0,0.13559322033898305,0.288135593220339,0.9696969696969697,0.6779661016949152,0.552783368644068,medium,unclassified,hard
pcgnn_440.txt,True,True,True,0.421875,0.24489795918367346,148,1.0,29,0.90625,0.04054054054054054,0.5878378378378378,1.0,0.7972972972972973,0.442162162162162,medium,unclassified,hard
pcgnn_441.txt,True,True,True,0.56640625,0.4336734693877551,111,0.7927927927927928,46,1.4375,0.10810810810810811,0.22522522522522523,0.9574468085106383,0.36936936936936937,0.570396255630631,medium,unclassified,hard
pcgnn_442.txt,True,True,True,0.421875,0.24489795918367346,148,1.0,31,0.96875,0.0472972972972973,0.6283783783783784,0.96875,0.7837837837837838,0.445219594594595,medium,unclassified,hard
pcgnn_443.txt,True,True,True,0.51171875,0.3622448979591837,125,0.76,26,0.8125,0.088,0.432,0.9629629629629629,0.544,0.514691875000000,medium,unclassified,hard
pcgnn_444.txt,True,True,True,0.4140625,0.23469387755102042,150,1.0,25,0.78125,0.03333333333333333,0.6266666666666667,0.9615384615384616,0.8266666666666667,0.429252083333333,medium,unclassified,hard
pcgnn_445.txt,True,True,True,0.43359375,0.2602040816326531,145,1.0,26,0.8125,0.027586206896551724,0.5310344827586206,0.9629629629629629,0.8137931034482758,0.447962823275862,medium,unclassified,hard
pcgnn_446.txt,True,True,True,0.4296875,0.25510204081632654,146,1.0,26,0.8125,0.0547945205479452,0.6232876712328768,0.9259259259259259,0.815068493150685,0.445288955479452,medium,unclassified,hard
pcgnn_447.txt,True,True,True,0.49609375,0.34183673469387754,129,1.0,26,0.8125,0.03875968992248062,0.3875968992248062,0.9629629629629629,0.7906976744186046,0.504086119186047,medium,unclassified,hard
pcgnn_448.txt,True,True,True,0.515625,0.3673469387755102,124,0.9758064516129032,44,1.375,0.056451612903225805,0.3870967741935484,1.0,0.6129032258064516,0.528014112903226,medium,unclassified,hard
pcgnn_449.txt,True,True,True,0.5546875,0.41836734693877553,114,0.7105263157894737,26,0.8125,0.11403508771929824,0.21052631578947367,0.9259259259259259,0.47368421052631576,0.552738486842105,medium,unclassified,hard
pcgnn_450.txt,True,True,True,0.55078125,0.413265306122449,115,0.7130434782608696,33,1.03125,0.09565217391304348,0.22608695652173913,0.9411764705882353,0.41739130434782606,0.556920516304348,medium,unclassified,hard
pcgnn_451.txt,True,True,True,0.40234375,0.2193877551020408,153,1.0,26,0.8125,0.0392156862745098,0.738562091503268,0.9259259259259259,0.8235294117647058,0.420381433823529,medium,unclassified,hard
pcgnn_452.txt,True,True,True,0.41796875,0.23979591836734693,149,1.0,26,0.8125,0.006711409395973154,0.6577181208053692,0.9629629629629629,0.8187919463087249,0.433374056208054,medium,unclassified,hard
pcgnn_453.txt,True,True,True,0.5390625,0.3979591836734694,118,1.0,46,1.4375,0.0847457627118644,0.2627118644067797,0.9574468085106383,0.6016949152542372,0.549732521186441,medium,unclassified,hard
pcgnn_454.txt,True,True,True,0.4921875,0.336734693877551,130,1.0,37,1.15625,0.06153846153846154,0.4076923076923077,0.9473684210526315,0.7076923076923077,0.508968750000000,medium,unclassified,hard
pcgnn_455.txt,True,True,True,0.4921875,0.336734693877551,130,0.9615384615384616,26,0.8125,0.06153846153846154,0.43846153846153846,1.0,0.7538461538461538,0.500516826923077,medium,unclassified,hard
pcgnn_456.txt,True,True,True,0.453125,0.2857142857142857,140,1.0,26,0.8125,0.05714285714285714,0.55,0.9629629629629629,0.8071428571428572,0.466294642857143,medium,unclassified,hard
pcgnn_457.txt,True,True,True,0.390625,0.20408163265306123,156,1.0,26,0.8125,0.01282051282051282,0.7692307692307693,0.9629629629629629,0.8269230769230769,0.409110576923077,medium,unclassified,hard
pcgnn_458.txt,True,True,True,0.5546875,0.41836734693877553,114,0.868421052631579,37,1.15625,0.10526315789473684,0.20175438596491227,0.9473684210526315,0.5350877192982456,0.563078399122807,medium,unclassified,hard
pcgnn_459.txt,True,True,True,0.53515625,0.39285714285714285,119,0.9495798319327731,46,1.4375,0.09243697478991597,0.2689075630252101,0.9574468085106383,0.5546218487394958,0.545506171218487,medium,unclassified,hard
pcgnn_460.txt,True,True,True,0.37890625,0.18877551020408162,159,1.0,26,0.8125,0.018867924528301886,0.7232704402515723,0.9259259259259259,0.8301886792452831,0.398810436320755,medium,unclassified,medium
pcgnn_461.txt,True,True,True,0.46875,0.30612244897959184,136,0.9926470588235294,29,0.90625,0.04411764705882353,0.47794117647058826,0.9666666666666667,0.7720588235294118,0.483952205882353,medium,unclassified,hard
pcgnn_462.txt,True,True,True,0.47265625,0.3112244897959184,135,0.7851851851851852,26,0.8125,0.05925925925925926,0.4222222222222222,0.9259259259259259,0.5851851851851851,0.479497106481482,medium,unclassified,hard
pcgnn_463.txt,True,True,True,0.55859375,0.42346938775510207,113,0.7787610619469026,31,0.96875,0.09734513274336283,0.19469026548672566,0.9375,0.49557522123893805,0.564003733407080,medium,unclassified,hard
pcgnn_464.txt,True,True,True,0.4765625,0.3163265306122449,134,0.9850746268656716,25,0.78125,0.029850746268656716,0.417910447761194,1.0,0.7910447761194029,0.484685167910448,medium,unclassified,hard
pcgnn_465.txt,True,True,True,0.4140625,0.23469387755102042,150,1.0,26,0.8125,0.013333333333333334,0.6266666666666667,1.0,0.82,0.430081250000000,medium,unclassified,hard
pcgnn_466.txt,True,True,True,0.48828125,0.33163265306122447,131,1.0,29,0.90625,0.0916030534351145,0.46564885496183206,0.9333333333333333,0.7709923664122137,0.502933563931298,medium,unclassified,hard
pcgnn_467.txt,True,True,True,0.5,0.3469387755102041,128,1.0,26,0.8125,0.0546875,0.4375,0.9629629629629629,0.7890625,0.508046875000000,medium,unclassified,hard
pcgnn_468.txt,True,True,True,0.5234375,0.37755102040816324,122,0.9262295081967213,40,1.25,0.07377049180327869,0.27049180327868855,0.975609756097561,0.5901639344262295,0.535110143442623,medium,unclassified,hard
pcgnn_469.txt,True,True,True,0.515625,0.3673469387755102,124,0.7661290322580645,37,1.15625,0.08064516129032258,0.3870967741935484,0.9473684210526315,0.4596774193548387,0.525675403225806,medium,unclassified,hard
pcgnn_470.txt,True,True,True,0.46875,0.30612244897959184,136,1.0,29,0.90625,0.04411764705882353,0.5661764705882353,0.9666666666666667,0.7794117647058824,0.484099264705882,medium,unclassified,hard
pcgnn_471.txt,True,True,True,0.5078125,0.35714285714285715,126,0.9365079365079365,28,0.875,0.07936507936507936,0.46825396825396826,0.9655172413793104,0.7063492063492064,0.517289186507936,medium,unclassified,hard
pcgnn_472.txt,True,True,True,0.5546875,0.41836734693877553,114,0.543859649122807,28,0.875,0.11403508771929824,0.24561403508771928,0.9310344827586207,0.2894736842105263,0.552179276315790,medium,unclassified,hard
pcgnn_473.txt,True,True,True,0.48046875,0.32142857142857145,133,0.9097744360902256,31,0.96875,0.06766917293233082,0.45112781954887216,0.96875,0.6691729323308271,0.496272908834587,medium,unclassified,hard
pcgnn_474.txt,True,True,True,0.5625,0.42857142857142855,112,0.36607142857142855,20,0.625,0.08928571428571429,0.19642857142857142,0.9047619047619048,0.17857142857142858,0.543750000000000,medium,unclassified,hard
pcgnn_475.txt,True,True,True,0.45703125,0.29081632653061223,139,0.9640287769784173,29,0.90625,0.05755395683453238,0.5539568345323741,0.9333333333333333,0.7482014388489209,0.473331272482014,medium,unclassified,hard
pcgnn_476.txt,True,True,True,0.44140625,0.27040816326530615,143,1.0,26,0.8125,0.013986013986013986,0.5664335664335665,1.0,0.8111888111888111,0.454533981643357,medium,unclassified,hard
pcgnn_477.txt,True,True,True,0.4921875,0.336734693877551,130,0.8923076923076924,38,1.1875,0.06153846153846154,0.46923076923076923,0.9743589743589743,0.5923076923076923,0.506661057692308,medium,unclassified,hard
pcgnn_478.txt,True,True,True,0.37109375,0.17857142857142858,161,1.0,26,0.8125,0.018633540372670808,0.7950310559006211,1.0,0.8322981366459627,0.391814343944099,medium,unclassified,medium
pcgnn_479.txt,True,True,True,0.5625,0.42857142857142855,112,0.7678571428571429,44,1.375,0.09821428571428571,0.20535714285714285,0.9555555555555556,0.36607142857142855,0.566517857142857,medium,unclassified,hard
pcgnn_480.txt,True,True,True,0.53125,0.3877551020408163,120,0.9166666666666666,33,1.03125,0.09166666666666666,0.275,0.9705882352941176,0.6333333333333333,0.543541666666667,medium,unclassified,hard
pcgnn_481.txt,True,True,True,0.4921875,0.336734693877551,130,0.9538461538461539,30,0.9375,0.05384615384615385,0.46153846153846156,0.967741935483871,0.7153846153846154,0.505766826923077,medium,unclassified,hard
pcgnn_482.txt,True,True,True,0.50390625,0.3520408163265306,127,0.8031496062992126,35,1.09375,0.06299212598425197,0.36220472440944884,0.9444444444444444,0.5196850393700787,0.515799089566929,medium,unclassified,hard
pcgnn_483.txt,True,True,True,0.4140625,0.23469387755102042,150,1.0,26,0.8125,0.03333333333333333,0.6666666666666666,0.9259259259259259,0.82,0.430681250000000,medium,unclassified,hard
pcgnn_484.txt,True,True,True,0.5234375,0.37755102040816324,122,0.9344262295081968,26,0.8125,0.09016393442622951,0.3360655737704918,0.9629629629629629,0.7131147540983607,0.528685963114754,medium,unclassified,hard
pcgnn_485.txt,True,True,True,0.4765625,0.3163265306122449,134,0.9850746268656716,27,0.84375,0.07462686567164178,0.5373134328358209,0.9642857142857143,0.7761194029850746,0.488854944029851,medium,unclassified,hard
pcgnn_486.txt,True,True,True,0.484375,0.32653061224489793,132,0.946969696969697,26,0.8125,0.06060606060606061,0.48484848484848486,1.0,0.7424242424242424,0.493229166666667,medium,unclassified,hard
pcgnn_487.txt,True,True,True,0.5078125,0.35714285714285715,126,0.9603174603174603,34,1.0625,0.0873015873015873,0.3412698412698413,0.9428571428571428,0.6825396825396826,0.523301091269841,medium,unclassified,hard
pcgnn_488.txt,True,True,True,0.546875,0.40816326530612246,116,0.9741379310344828,42,1.3125,0.11206896551724138,0.25,0.9534883720930233,0.603448275862069,0.557618534482759,medium,unclassified,hard
pcgnn_489.txt,True,True,True,0.484375,0.32653061224489793,132,1.0,29,0.90625,0.06818181818181818,0.4621212121212121,0.9666666666666667,0.7727272727272727,0.498750000000000,medium,unclassified,hard
pcgnn_490.txt,True,True,True,0.4609375,0.29591836734693877,138,0.9637681159420289,26,0.8125,0.036231884057971016,0.5434782608695652,1.0,0.7681159420289855,0.471918025362319,medium,unclassified,hard
pcgnn_491.txt,True,True,True,0.375,0.1836734693877551,160,1.0,26,0.8125,0.0125,0.725,1.0,0.83125,0.395125000000000,medium,unclassified,medium
pcgnn_492.txt,True,True,True,0.546875,0.40816326530612246,116,0.7931034482758621,50,1.5625,0.08620689655172414,0.1724137931034483,0.9607843137254902,0.35344827586206895,0.551842672413793,medium,unclassified,hard
pcgnn_493.txt,True,True,True,0.53125,0.3877551020408163,120,0.8083333333333333,30,0.9375,0.09166666666666666,0.30833333333333335,0.9354838709677419,0.55,0.538750000000000,medium,unclassified,hard
pcgnn_494.txt,True,True,True,0.5078125,0.35714285714285715,126,0.9444444444444444,42,1.3125,0.06349206349206349,0.3492063492063492,0.9767441860465116,0.6031746031746031,0.520999503968254,medium,unclassified,hard
pcgnn_495.txt,True,True,True,0.55078125,0.413265306122449,115,0.6173913043478261,29,0.90625,0.11304347826086956,0.26956521739130435,0.9333333333333333,0.3565217391304348,0.551537364130435,medium,unclassified,hard
pcgnn_496.txt,True,True,True,0.484375,0.32653061224489793,132,0.8106060606060606,25,0.78125,0.06060606060606061,0.5,0.9615384615384616,0.6136363636363636,0.489090909090909,medium,unclassified,hard
pcgnn_497.txt,True,True,True,0.44140625,0.27040816326530615,143,1.0,27,0.84375,0.04195804195804196,0.6083916083916084,0.9642857142857143,0.8041958041958042,0.456795782342657,medium,unclassified,hard
pcgnn_498.txt,True,True,True,0.54296875,0.4030612244897959,117,0.9487179487179487,57,1.78125,0.05982905982905983,0.23931623931623933,0.9827586206896551,0.452991452991453,0.549526575854701,medium,unclassified,hard
pcgnn_499.txt,True,True,True,0.52734375,0.3826530612244898,121,0.9256198347107438,25,0.78125,0.09917355371900827,0.3305785123966942,0.9615384615384616,0.7107438016528925,0.530861957644628,medium,unclassified,hard
pcgnn_500.txt,True,True,True,0.4453125,0.2755102040816326,142,1.0,26,0.8125,0.02112676056338028,0.5352112676056338,1.0,0.8098591549295775,0.458237235915493,medium,unclassified,hard
pcgnn_501.txt,True,True,True,0.56640625,0.4336734693877551,111,0.9099099099099099,42,1.3125,0.12612612612612611,0.22522522522522523,0.9534883720930233,0.5225225225225225,0.573999859234234,medium,unclassified,hard
pcgnn_502.txt,True,True,True,0.5390625,0.3979591836734694,118,0.4745762711864407,27,0.84375,0.1016949152542373,0.2542372881355932,0.9285714285714286,0.23728813559322035,0.535140360169492,medium,unclassified,hard
pcgnn_503.txt,True,True,True,0.45703125,0.29081632653061223,139,0.9496402877697842,26,0.8125,0.08633093525179857,0.5683453237410072,0.9259259259259259,0.7553956834532374,0.469650966726619,medium,unclassified,hard
pcgnn_504.txt,True,True,True,0.36328125,0.1683673469387755,163,1.0,25,0.78125,0.012269938650306749,0.803680981595092,1.0,0.8404907975460123,0.383193539110429,medium,unclassified,medium
pcgnn_505.txt,True,True,True,0.421875,0.24489795918367346,148,1.0,30,0.9375,0.02027027027027027,0.6891891891891891,1.0,0.7905405405405406,0.442981418918919,medium,unclassified,hard
pcgnn_506.txt,True,True,True,0.36328125,0.1683673469387755,163,1.0,26,0.8125,0.012269938650306749,0.7914110429447853,1.0,0.8343558282208589,0.384633339723926,medium,unclassified,medium
pcgnn_507.txt,True,True,True,0.47265625,0.3112244897959184,135,0.9629629629629629,34,1.0625,0.07407407407407407,0.45925925925925926,0.9428571428571428,0.7037037037037037,0.491686921296296,medium,unclassified,hard
pcgnn_508.txt,True,True,True,0.5,0.3469387755102041,128,1.0,32,1.0,0.0546875,0.4609375,0.9696969696969697,0.7421875,0.516484375000000,medium,unclassified,hard
pcgnn_509.txt,True,True,True,0.5546875,0.41836734693877553,114,0.6491228070175439,38,1.1875,0.09649122807017543,0.19298245614035087,0.9487179487179487,0.30701754385964913,0.558253837719298,medium,unclassified,hard
pcgnn_510.txt,True,True,True,0.48828125,0.33163265306122447,131,0.8702290076335878,26,0.8125,0.07633587786259542,0.37404580152671757,0.9629629629629629,0.6641221374045801,0.495650644083969,medium,unclassified,hard
pcgnn_511.txt,True,True,True,0.54296875,0.4030612244897959,117,0.8547008547008547,37,1.15625,0.07692307692307693,0.23931623931623933,0.9473684210526315,0.5299145299145299,0.551577857905983,medium,unclassified,hard
pcgnn_512.txt,True,True,True,0.51953125,0.37244897959183676,123,0.7154471544715447,39,1.21875,0.07317073170731707,0.36585365853658536,0.95,0.3902439024390244,0.527578125000000,medium,unclassified,hard
pcgnn_513.txt,True,True,True,0.51171875,0.3622448979591837,125,1.0,36,1.125,0.072,0.288,0.9459459459459459,0.704,0.526786875000000,medium,unclassified,hard
pcgnn_514.txt,True,True,True,0.58203125,0.45408163265306123,107,0.5420560747663551,25,0.78125,0.08411214953271028,0.21495327102803738,0.9230769230769231,0.29906542056074764,0.571395297897196,medium,unclassified,hard
pcgnn_515.txt,True,True,True,0.54296875,0.4030612244897959,117,0.5726495726495726,25,0.78125,0.1111111111111111,0.23076923076923078,0.9230769230769231,0.3504273504273504,0.538076255341880,medium,unclassified,hard
pcgnn_516.txt,True,True,True,0.515625,0.3673469387755102,124,0.6048387096774194,26,0.8125,0.08064516129032258,0.3467741935483871,0.9259259259259259,0.3870967741935484,0.514848790322581,medium,unclassified,hard
pcgnn_517.txt,True,True,True,0.38671875,0.1989795918367347,157,1.0,26,0.8125,0.025477707006369428,0.7197452229299363,1.0,0.8280254777070064,0.405996715764331,medium,unclassified,medium
pcgnn_518.txt,True,True,True,0.4921875,0.336734693877551,130,0.9923076923076923,26,0.8125,0.06153846153846154,0.35384615384615387,0.9629629629629629,0.7846153846153846,0.501132211538462,medium,unclassified,hard
pcgnn_519.txt,True,True,True,0.41796875,0.23979591836734693,149,1.0,26,0.8125,0.006711409395973154,0.6375838926174496,1.0,0.8187919463087249,0.433374056208054,medium,unclassified,hard
pcgnn_520.txt,True,True,True,0.4375,0.2653061224489796,144,1.0,25,0.78125,0.034722222222222224,0.6111111111111112,0.9615384615384616,0.8194444444444444,0.450243055555556,medium,unclassified,hard
pcgnn_521.txt,True,True,True,0.53125,0.3877551020408163,120,0.7333333333333333,38,1.1875,0.075,0.275,0.9743589743589743,0.4083333333333333,0.538541666666667,medium,unclassified,hard
pcgnn_522.txt,True,True,True,0.4296875,0.25510204081632654,146,1.0,26,0.8125,0.03424657534246575,0.6164383561643836,0.9629629629629629,0.815068493150685,0.444672517123288,medium,unclassified,hard
pcgnn_523.txt,True,True,True,0.4765625,0.3163265306122449,134,0.9701492537313433,31,0.96875,0.07462686567164178,0.48507462686567165,0.96875,0.7313432835820896,0.494209421641791,medium,unclassified,hard
pcgnn_524.txt,True,True,True,0.43359375,0.2602040816326531,145,1.0,31,0.96875,0.027586206896551724,0.5862068965517241,0.96875,0.7793103448275862,0.455085668103448,medium,unclassified,hard
pcgnn_525.txt,True,True,True,0.5625,0.42857142857142855,112,0.4017857142857143,20,0.625,0.14285714285714285,0.17857142857142858,0.9047619047619048,0.21428571428571427,0.546071428571429,medium,unclassified,hard
pcgnn_526.txt,True,True,True,0.4453125,0.2755102040816326,142,1.0,26,0.8125,0.04225352112676056,0.6338028169014085,0.9629629629629629,0.8098591549295775,0.458871038732394,medium,unclassified,hard
pcgnn_527.txt,True,True,True,0.46484375,0.3010204081632653,137,1.0,26,0.8125,0.0364963503649635,0.5620437956204379,0.9629629629629629,0.8029197080291971,0.476137659671533,medium,unclassified,hard
pcgnn_528.txt,True,True,True,0.46875,0.30612244897959184,136,1.0,26,0.8125,0.03676470588235294,0.47794117647058826,1.0,0.8014705882352942,0.479632352941177,medium,unclassified,hard
pcgnn_529.txt,True,True,True,0.5078125,0.35714285714285715,126,0.9920634920634921,28,0.875,0.06349206349206349,0.42063492063492064,0.9310344827586207,0.7619047619047619,0.517924107142857,medium,unclassified,hard
pcgnn_530.txt,True,True,True,0.453125,0.2857142857142857,140,1.0,29,0.90625,0.06428571428571428,0.5642857142857143,0.9666666666666667,0.7857142857142857,0.470767857142857,medium,unclassified,hard
pcgnn_531.txt,True,True,True,0.53515625,0.39285714285714285,119,0.8907563025210085,42,1.3125,0.10084033613445378,0.19327731092436976,0.9534883720930233,0.5294117647058824,0.545254070378151,medium,unclassified,hard
pcgnn_532.txt,True,True,True,0.53125,0.3877551020408163,120,0.9833333333333333,58,1.8125,0.075,0.25833333333333336,0.9661016949152542,0.49166666666666664,0.540208333333333,medium,unclassified,hard
pcgnn_533.txt,True,True,True,0.55859375,0.42346938775510207,113,0.8230088495575221,42,1.3125,0.10619469026548672,0.20353982300884957,0.9534883720930233,0.4424778761061947,0.564769773230089,medium,unclassified,hard
pcgnn_534.txt,True,True,True,0.4765625,0.3163265306122449,134,1.0,32,1.0,0.029850746268656716,0.4552238805970149,0.9696969696969697,0.753731343283582,0.494876399253731,medium,unclassified,hard
pcgnn_535.txt,True,True,True,0.515625,0.3673469387755102,124,1.0,36,1.125,0.07258064516129033,0.3225806451612903,0.9459459459459459,0.7016129032258065,0.530272177419355,medium,unclassified,hard
pcgnn_536.txt,True,True,True,0.46875,0.30612244897959184,136,1.0,25,0.78125,0.058823529411764705,0.5808823529411765,0.9615384615384616,0.8088235294117647,0.478878676470588,medium,unclassified,hard
pcgnn_537.txt,True,True,True,0.51953125,0.37244897959183676,123,0.991869918699187,39,1.21875,0.08943089430894309,0.3902439024390244,0.975,0.6666666666666666,0.533594385162602,medium,unclassified,hard
pcgnn_538.txt,True,True,True,0.49609375,0.34183673469387754,129,0.9922480620155039,29,0.90625,0.08527131782945736,0.46511627906976744,0.9333333333333333,0.7596899224806202,0.509548812984496,medium,unclassified,hard
pcgnn_539.txt,True,True,True,0.49609375,0.34183673469387754,129,0.875968992248062,26,0.8125,0.046511627906976744,0.35658914728682173,0.9629629629629629,0.6666666666666666,0.501838057170543,medium,unclassified,hard
pcgnn_540.txt,True,True,True,0.39453125,0.20918367346938777,155,1.0,26,0.8125,0.012903225806451613,0.7032258064516129,0.9629629629629629,0.8258064516129032,0.412606350806452,medium,unclassified,hard
pcgnn_541.txt,True,True,True,0.55859375,0.42346938775510207,113,0.9203539823008849,38,1.1875,0.10619469026548672,0.34513274336283184,0.9487179487179487,0.5752212389380531,0.567424640486726,medium,unclassified,hard
pcgnn_542.txt,True,True,True,0.46484375,0.3010204081632653,137,0.9781021897810219,26,0.8125,0.058394160583941604,0.5474452554744526,0.9259259259259259,0.781021897810219,0.476356637773723,medium,unclassified,hard
pcgnn_543.txt,True,True,True,0.42578125,0.25,147,0.9591836734693877,26,0.8125,0.04081632653061224,0.6122448979591837,0.9629629629629629,0.7755102040816326,0.440562818877551,medium,unclassified,hard
pcgnn_544.txt,True,True,True,0.46875,0.30612244897959184,136,1.0,28,0.875,0.07352941176470588,0.5073529411764706,0.9655172413793104,0.7867647058823529,0.483566176470588,medium,unclassified,hard
pcgnn_545.txt,True,True,True,0.46484375,0.3010204081632653,137,1.0,33,1.03125,0.072992700729927,0.5109489051094891,0.9411764705882353,0.7518248175182481,0.485585652372263,medium,unclassified,hard
pcgnn_546.txt,True,True,True,0.53515625,0.39285714285714285,119,0.9747899159663865,40,1.25,0.1092436974789916,0.2773109243697479,0.9512195121951219,0.6302521008403361,0.547522977941176,medium,unclassified,hard
pcgnn_547.txt,True,True,True,0.55078125,0.413265306122449,115,0.6086956521739131,33,1.03125,0.11304347826086956,0.24347826086956523,0.9411764705882353,0.3130434782608696,0.555355298913044,medium,unclassified,hard
pcgnn_548.txt,True,True,True,0.5,0.3469387755102041,128,1.0,29,0.90625,0.078125,0.421875,0.9333333333333333,0.765625,0.512968750000000,medium,unclassified,hard
pcgnn_549.txt,True,True,True,0.56640625,0.4336734693877551,111,0.8288288288288288,35,1.09375,0.0990990990990991,0.1981981981981982,0.9444444444444444,0.5045045045045045,0.572828688063063,medium,unclassified,hard
pcgnn_550.txt,True,True,True,0.4921875,0.336734693877551,130,1.0,26,0.8125,0.08461538461538462,0.4846153846153846,0.9259259259259259,0.7923076923076923,0.501978365384615,medium,unclassified,hard
pcgnn_551.txt,True,True,True,0.453125,0.2857142857142857,140,1.0,38,1.1875,0.05714285714285714,0.5785714285714286,0.9743589743589743,0.7214285714285714,0.473955357142857,medium,unclassified,hard
pcgnn_552.txt,True,True,True,0.4296875,0.25510204081632654,146,1.0,26,0.8125,0.0273972602739726,0.6164383561643836,1.0,0.815068493150685,0.444467037671233,medium,unclassified,hard
pcgnn_553.txt,True,True,True,0.41015625,0.22959183673469388,151,1.0,26,0.8125,0.013245033112582781,0.6556291390728477,1.0,0.8211920529801324,0.426586817052980,medium,unclassified,hard
pcgnn_554.txt,True,True,True,0.4375,0.2653061224489796,144,1.0,26,0.8125,0.04861111111111111,0.5486111111111112,0.9629629629629629,0.8125,0.452083333333333,medium,unclassified,hard
pcgnn_555.txt,True,True,True,0.5234375,0.37755102040816324,122,0.9918032786885246,40,1.25,0.07377049180327869,0.30327868852459017,0.9512195121951219,0.6557377049180327,0.536421618852459,medium,unclassified,hard
pcgnn_556.txt,True,True,True,0.40625,0.22448979591836735,152,1.0,26,0.8125,0.039473684210526314,0.7039473684210527,0.9629629629629629,0.8223684210526315,0.423881578947368,medium,unclassified,hard
pcgnn_557.txt,True,True,True,0.51953125,0.37244897959183676,123,0.983739837398374,26,0.8125,0.08130081300813008,0.3252032520325203,0.9629629629629629,0.7642276422764228,0.525926702235772,medium,unclassified,hard
pcgnn_558.txt,True,True,True,0.47265625,0.3112244897959184,135,0.9555555555555556,26,0.8125,0.08148148148148149,0.5037037037037037,0.9259259259259259,0.7555555555555555,0.483571180555556,medium,unclassified,hard
pcgnn_559.txt,True,True,True,0.45703125,0.29081632653061223,139,0.9856115107913669,26,0.8125,0.05755395683453238,0.5467625899280576,0.9629629629629629,0.7913669064748201,0.469507081834532,medium,unclassified,hard
pcgnn_560.txt,True,True,True,0.4140625,0.23469387755102042,150,1.0,26,0.8125,0.02666666666666667,0.6466666666666666,1.0,0.82,0.430481250000000,medium,unclassified,hard
pcgnn_561.txt,True,True,True,0.359375,0.16326530612244897,164,1.0,26,0.8125,0.024390243902439025,0.7804878048780488,0.9259259259259259,0.8353658536585366,0.381501524390244,medium,unclassified,easy
pcgnn_562.txt,True,True,True,0.38671875,0.1989795918367347,157,1.0,26,0.8125,0.01910828025477707,0.7388535031847133,1.0,0.8280254777070064,0.405805632961784,medium,unclassified,medium
pcgnn_563.txt,True,True,True,0.5,0.3469387755102041,128,1.0,26,0.8125,0.046875,0.4375,0.9629629629629629,0.7890625,0.507812500000000,medium,unclassified,hard
pcgnn_564.txt,True,True,True,0.42578125,0.25,147,1.0,26,0.8125,0.034013605442176874,0.6190476190476191,0.9629629629629629,0.8163265306122449,0.441175063775510,medium,unclassified,hard
pcgnn_565.txt,True,True,True,0.3671875,0.17346938775510204,162,1.0,26,0.8125,0.024691358024691357,0.7345679012345679,0.9629629629629629,0.8333333333333334,0.388501157407407,medium,unclassified,medium
pcgnn_566.txt,True,True,True,0.4765625,0.3163265306122449,134,1.0,27,0.84375,0.05223880597014925,0.5074626865671642,0.9642857142857143,0.7910447761194029,0.488481809701493,medium,unclassified,hard
pcgnn_567.txt,True,True,True,0.55859375,0.42346938775510207,113,0.7787610619469026,32,1.0,0.1504424778761062,0.26548672566371684,0.9393939393939394,0.48672566371681414,0.566982162610620,medium,unclassified,hard
pcgnn_568.txt,True,True,True,0.54296875,0.4030612244897959,117,1.0,42,1.3125,0.09401709401709402,0.23931623931623933,0.9534883720930233,0.6324786324786325,0.554141960470085,medium,unclassified,hard
pcgnn_569.txt,True,True,True,0.54296875,0.4030612244897959,117,0.8034188034188035,41,1.28125,0.1111111111111111,0.2905982905982906,0.9523809523809523,0.4444444444444444,0.550894097222222,medium,unclassified,hard
pcgnn_570.txt,True,True,True,0.5390625,0.3979591836734694,118,0.9830508474576272,46,1.4375,0.09322033898305085,0.3474576271186441,0.9574468085106383,0.5847457627118644,0.549647775423729,medium,unclassified,hard
pcgnn_571.txt,True,True,True,0.39453125,0.20918367346938777,155,1.0,26,0.8125,0.025806451612903226,0.7483870967741936,0.9629629629629629,0.8258064516129032,0.412993447580645,medium,unclassified,hard
pcgnn_572.txt,True,True,True,0.4765625,0.3163265306122449,134,0.9402985074626866,26,0.8125,0.04477611940298507,0.4925373134328358,0.9629629629629629,0.7388059701492538,0.485650652985075,medium,unclassified,hard
pcgnn_573.txt,True,True,True,0.53125,0.3877551020408163,120,0.5833333333333334,25,0.78125,0.09166666666666666,0.2833333333333333,0.9230769230769231,0.36666666666666664,0.527270833333333,medium,unclassified,hard
pcgnn_574.txt,True,True,True,0.5546875,0.41836734693877553,114,0.9298245614035088,60,1.875,0.09649122807017543,0.22807017543859648,0.9672131147540983,0.39473684210526316,0.560008223684211,medium,unclassified,hard
pcgnn_575.txt,True,True,True,0.515625,0.3673469387755102,124,0.9919354838709677,38,1.1875,0.07258064516129033,0.3548387096774194,0.9743589743589743,0.6774193548387096,0.529788306451613,medium,unclassified,hard
pcgnn_576.txt,True,True,True,0.40234375,0.2193877551020408,153,1.0,26,0.8125,0.0392156862745098,0.7320261437908496,0.9629629629629629,0.8235294117647058,0.420381433823529,medium,unclassified,hard
pcgnn_577.txt,True,True,True,0.5,0.3469387755102041,128,0.8203125,26,0.8125,0.046875,0.3984375,0.9629629629629629,0.609375,0.504218750000000,medium,unclassified,hard
pcgnn_578.txt,True,True,True,0.3984375,0.21428571428571427,154,1.0,26,0.8125,0.012987012987012988,0.6818181818181818,1.0,0.8246753246753247,0.416101866883117,medium,unclassified,hard
pcgnn_579.txt,True,True,True,0.54296875,0.4030612244897959,117,0.358974358974359,21,0.65625,0.1282051282051282,0.26495726495726496,0.9090909090909091,0.17094017094017094,0.528749332264957,medium,unclassified,hard
pcgnn_580.txt,True,True,True,0.4609375,0.29591836734693877,138,1.0,26,0.8125,0.036231884057971016,0.5,1.0,0.8043478260869565,0.472642663043478,medium,unclassified,hard
pcgnn_581.txt,True,True,True,0.41796875,0.23979591836734693,149,1.0,25,0.78125,0.006711409395973154,0.6174496644295302,1.0,0.825503355704698,0.431945784395973,medium,unclassified,hard
pcgnn_582.txt,True,True,True,0.37890625,0.18877551020408162,159,1.0,26,0.8125,0.025157232704402517,0.7735849056603774,1.0,0.8301886792452831,0.398999115566038,medium,unclassified,medium
pcgnn_583.txt,True,True,True,0.50390625,0.3520408163265306,127,1.0,31,0.96875,0.08661417322834646,0.3858267716535433,0.9375,0.7480314960629921,0.519512180118110,medium,unclassified,hard
pcgnn_584.txt,True,True,True,0.5625,0.42857142857142855,112,0.9553571428571429,32,1.0,0.10714285714285714,0.20535714285714285,0.9393939393939394,0.6607142857142857,0.572678571428571,medium,unclassified,hard
pcgnn_585.txt,True,True,True,0.5625,0.42857142857142855,112,1.0,52,1.625,0.07142857142857142,0.22321428571428573,0.9622641509433962,0.5267857142857143,0.568928571428571,medium,unclassified,hard
pcgnn_586.txt,True,True,True,0.53125,0.3877551020408163,120,1.0,49,1.53125,0.06666666666666667,0.26666666666666666,0.96,0.5833333333333334,0.541791666666667,medium,unclassified,hard
pcgnn_587.txt,True,True,True,0.51953125,0.37244897959183676,123,0.8130081300813008,41,1.28125,0.08943089430894309,0.34959349593495936,0.9761904761904762,0.4715447154471545,0.529691946138211,medium,unclassified,hard
pcgnn_588.txt,True,True,True,0.5234375,0.37755102040816324,122,1.0,35,1.09375,0.09016393442622951,0.32786885245901637,0.9444444444444444,0.7049180327868853,0.537897028688525,medium,unclassified,hard
pcgnn_589.txt,True,True,True,0.58203125,0.45408163265306123,107,0.4672897196261682,40,1.25,0.12149532710280374,0.07476635514018691,0.9512195121951219,0.08411214953271028,0.579155227803738,medium,unclassified,hard
pcgnn_590.txt,True,True,True,0.5390625,0.3979591836734694,118,0.9745762711864406,49,1.53125,0.0847457627118644,0.2627118644067797,0.98,0.5508474576271186,0.548715572033898,medium,unclassified,hard
pcgnn_591.txt,True,True,True,0.5390625,0.3979591836734694,118,1.0,54,1.6875,0.07627118644067797,0.2796610169491525,0.9818181818181818,0.5338983050847458,0.548122351694915,medium,unclassified,hard
pcgnn_592.txt,True,True,True,0.52734375,0.3826530612244898,121,0.4380165289256198,21,0.65625,0.09090909090909091,0.32231404958677684,0.9090909090909091,0.256198347107438,0.515273114669421,medium,unclassified,hard
pcgnn_593.txt,True,True,True,0.5390625,0.3979591836734694,118,0.576271186440678,23,0.71875,0.06779661016949153,0.3644067796610169,0.9166666666666666,0.3728813559322034,0.530585275423729,medium,unclassified,hard
pcgnn_594.txt,True,True,True,0.54296875,0.4030612244897959,117,0.8632478632478633,45,1.40625,0.07692307692307693,0.21367521367521367,0.9565217391304348,0.4700854700854701,0.550381276709402,medium,unclassified,hard
pcgnn_595.txt,True,True,True,0.546875,0.40816326530612246,116,0.8879310344827587,53,1.65625,0.09482758620689655,0.22413793103448276,0.9814814814814815,0.4224137931034483,0.553480603448276,medium,unclassified,hard
pcgnn_596.txt,True,True,True,0.40234375,0.2193877551020408,153,1.0,26,0.8125,0.0392156862745098,0.7254901960784313,0.9629629629629629,0.8235294117647058,0.420381433823529,medium,unclassified,hard
pcgnn_597.txt,True,True,True,0.44140625,0.27040816326530615,143,1.0,26,0.8125,0.055944055944055944,0.6153846153846154,0.9629629629629629,0.8111888111888111,0.455792722902098,medium,unclassified,hard
pcgnn_598.txt,True,True,True,0.5390625,0.3979591836734694,118,0.9322033898305084,46,1.4375,0.09322033898305085,0.2288135593220339,0.9787234042553191,0.5338983050847458,0.548630826271186,medium,unclassified,hard
pcgnn_599.txt,True,True,True,0.55078125,0.413265306122449,115,0.9217391304347826,43,1.34375,0.11304347826086956,0.2608695652173913,0.9545454545454546,0.5391304347826087,0.559877038043478,medium,unclassified,hard
pcgnn_600.txt,True,True,True,0.4765625,0.3163265306122449,134,0.9925373134328358,26,0.8125,0.06716417910447761,0.5,0.9629629629629629,0.7910447761194029,0.487367070895522,medium,unclassified,hard
pcgnn_601.txt,True,True,True,0.39453125,0.20918367346938777,155,1.0,26,0.8125,0.01935483870967742,0.6838709677419355,1.0,0.8258064516129032,0.412799899193548,medium,unclassified,hard
pcgnn_602.txt,True,True,True,0.54296875,0.4030612244897959,117,0.7350427350427351,41,1.28125,0.09401709401709402,0.24786324786324787,0.9761904761904762,0.37606837606837606,0.549013755341880,medium,unclassified,hard
pcgnn_603.txt,True,True,True,0.44921875,0.28061224489795916,141,1.0,27,0.84375,0.0425531914893617,0.5531914893617021,0.9642857142857143,0.8014184397163121,0.463789339539007,medium,unclassified,hard
pcgnn_604.txt,True,True,True,0.515625,0.3673469387755102,124,0.9112903225806451,46,1.4375,0.11290322580645161,0.3467741935483871,0.9574468085106383,0.532258064516129,0.528094758064516,medium,unclassified,hard
pcgnn_605.txt,True,True,True,0.546875,0.40816326530612246,116,0.896551724137931,33,1.03125,0.09482758620689655,0.19827586206896552,0.9411764705882353,0.603448275862069,0.557101293103448,medium,unclassified,hard
pcgnn_606.txt,True,True,True,0.515625,0.3673469387755102,124,0.9596774193548387,29,0.90625,0.08870967741935484,0.3951612903225806,0.9333333333333333,0.717741935483871,0.526391129032258,medium,unclassified,hard
pcgnn_607.txt,True,True,True,0.50390625,0.3520408163265306,127,0.984251968503937,36,1.125,0.08661417322834646,0.3937007874015748,0.9459459459459459,0.6929133858267716,0.519972317913386,medium,unclassified,hard
pcgnn_608.txt,True,True,True,0.51171875,0.3622448979591837,125,0.864,29,0.90625,0.056,0.328,0.9333333333333333,0.624,0.520019375000000,medium,unclassified,hard
pcgnn_609.txt,True,True,True,0.546875,0.40816326530612246,116,0.7758620689655172,44,1.375,0.08620689655172414,0.1724137931034483,0.9555555555555556,0.3879310344827586,0.552532327586207,medium,unclassified,hard
pcgnn_610.txt,True,True,True,0.52734375,0.3826530612244898,121,0.7272727272727273,26,0.8125,0.0743801652892562,0.3305785123966942,0.9259259259259259,0.5041322314049587,0.527548424586777,medium,unclassified,hard
pcgnn_611.txt,True,True,True,0.5234375,0.37755102040816324,122,0.9262295081967213,26,0.8125,0.09016393442622951,0.3442622950819672,0.9259259259259259,0.7049180327868853,0.528522028688525,medium,unclassified,hard
pcgnn_612.txt,True,True,True,0.55859375,0.42346938775510207,113,0.6017699115044248,39,1.21875,0.11504424778761062,0.24778761061946902,0.95,0.24778761061946902,0.561141454646018,medium,unclassified,hard
pcgnn_613.txt,True,True,True,0.44140625,0.27040816326530615,143,0.986013986013986,26,0.8125,0.06993006993006994,0.6643356643356644,0.9259259259259259,0.7972027972027972,0.455932583041958,medium,unclassified,hard
pcgnn_614.txt,True,True,True,0.40234375,0.2193877551020408,153,1.0,26,0.8125,0.032679738562091505,0.6928104575163399,0.9259259259259259,0.8235294117647058,0.420185355392157,medium,unclassified,hard
pcgnn_615.txt,True,True,True,0.55859375,0.42346938775510207,113,0.48672566371681414,31,0.96875,0.04424778761061947,0.20353982300884957,0.96875,0.20353982300884957,0.556570105088496,medium,unclassified,hard
pcgnn_616.txt,True,True,True,0.421875,0.24489795918367346,148,1.0,26,0.8125,0.02702702702702703,0.6824324324324325,0.9629629629629629,0.8175675675675675,0.437474662162162,medium,unclassified,hard
pcgnn_617.txt,True,True,True,0.58203125,0.45408163265306123,107,0.2897196261682243,18,0.5625,0.14018691588785046,0.1588785046728972,0.8947368421052632,0.11214953271028037,0.558401723130841,medium,unclassified,hard
pcgnn_618.txt,True,True,True,0.5390625,0.3979591836734694,118,0.9661016949152542,36,1.125,0.11864406779661017,0.3389830508474576,0.9459459459459459,0.652542372881356,0.551766419491525,medium,unclassified,hard
pcgnn_619.txt,True,True,True,0.48046875,0.32142857142857145,133,1.0,26,0.8125,0.045112781954887216,0.42857142857142855,1.0,0.7969924812030075,0.490340108082707,medium,unclassified,hard
pcgnn_620.txt,True,True,True,0.51171875,0.3622448979591837,125,0.936,26,0.8125,0.104,0.448,0.9259259259259259,0.72,0.518691875000000,medium,unclassified,hard
pcgnn_621.txt,True,True,True,0.453125,0.2857142857142857,140,1.0,26,0.8125,0.05,0.5928571428571429,0.9259259259259259,0.8071428571428572,0.466080357142857,medium,unclassified,hard
pcgnn_622.txt,True,True,True,0.4765625,0.3163265306122449,134,0.9626865671641791,25,0.78125,0.05223880597014925,0.5298507462686567,0.9615384615384616,0.7686567164179104,0.484909048507463,medium,unclassified,hard
pcgnn_623.txt,True,True,True,0.54296875,0.4030612244897959,117,0.9829059829059829,38,1.1875,0.09401709401709402,0.29914529914529914,0.9743589743589743,0.6495726495726496,0.554483840811966,medium,unclassified,hard
pcgnn_624.txt,True,True,True,0.515625,0.3673469387755102,124,1.0,30,0.9375,0.07258064516129033,0.3064516129032258,0.9354838709677419,0.75,0.528114919354839,medium,unclassified,hard
pcgnn_625.txt,True,True,True,0.484375,0.32653061224489793,132,0.9393939393939394,28,0.875,0.06060606060606061,0.5,0.9310344827586207,0.7196969696969697,0.495899621212121,medium,unclassified,hard
pcgnn_626.txt,True,True,True,0.5625,0.42857142857142855,112,0.9017857142857143,66,2.0625,0.125,0.14285714285714285,0.9850746268656716,0.30357142857142855,0.566071428571429,medium,unclassified,hard
pcgnn_627.txt,True,True,True,0.44140625,0.27040816326530615,143,1.0,26,0.8125,0.04195804195804196,0.5524475524475524,0.9629629629629629,0.8111888111888111,0.455373142482518,medium,unclassified,hard
pcgnn_628.txt,True,True,True,0.44921875,0.28061224489795916,141,0.9929078014184397,25,0.78125,0.03546099290780142,0.5460992907801419,1.0,0.8085106382978723,0.460593417553191,medium,unclassified,hard
pcgnn_629.txt,True,True,True,0.53515625,0.39285714285714285,119,1.0,46,1.4375,0.07563025210084033,0.2857142857142857,0.9574468085106383,0.6050420168067226,0.546010372899160,medium,unclassified,hard
pcgnn_630.txt,True,True,True,0.53515625,0.39285714285714285,119,0.7142857142857143,26,0.8125,0.10084033613445378,0.23529411764705882,0.9629629629629629,0.48739495798319327,0.535038734243697,medium,unclassified,hard
pcgnn_631.txt,True,True,True,0.453125,0.2857142857142857,140,0.9857142857142858,33,1.03125,0.05714285714285714,0.5357142857142857,0.9411764705882353,0.7428571428571429,0.474383928571429,medium,unclassified,hard
pcgnn_632.txt,True,True,True,0.484375,0.32653061224489793,132,0.9848484848484849,30,0.9375,0.07575757575757576,0.45454545454545453,0.967741935483871,0.75,0.500085227272727,medium,unclassified,hard
pcgnn_633.txt,True,True,True,0.51171875,0.3622448979591837,125,1.0,32,1.0,0.04,0.32,1.0,0.736,0.526466875000000,medium,unclassified,hard
pcgnn_634.txt,True,True,True,0.52734375,0.3826530612244898,121,0.9173553719008265,28,0.875,0.08264462809917356,0.35537190082644626,0.9655172413793104,0.6776859504132231,0.534392432851240,medium,unclassified,hard
pcgnn_635.txt,True,True,True,0.4921875,0.336734693877551,130,1.0,35,1.09375,0.06923076923076923,0.45384615384615384,0.9444444444444444,0.7230769230769231,0.509507211538462,medium,unclassified,hard
pcgnn_636.txt,True,True,True,0.4140625,0.23469387755102042,150,0.9933333333333333,26,0.8125,0.04,0.6133333333333333,1.0,0.8133333333333334,0.430747916666667,medium,unclassified,hard
pcgnn_637.txt,True,True,True,0.375,0.1836734693877551,160,1.0,26,0.8125,0.00625,0.7875,1.0,0.83125,0.394937500000000,medium,unclassified,medium
pcgnn_638.txt,True,True,True,0.421875,0.24489795918367346,148,1.0,26,0.8125,0.033783783783783786,0.6418918918918919,0.9259259259259259,0.8175675675675675,0.437677364864865,medium,unclassified,hard
pcgnn_639.txt,True,True,True,0.48828125,0.33163265306122447,131,0.9618320610687023,33,1.03125,0.10687022900763359,0.4580152671755725,0.9705882352941176,0.7022900763358778,0.506705033396947,medium,unclassified,hard
pcgnn_640.txt,True,True,True,0.45703125,0.29081632653061223,139,1.0,36,1.125,0.050359712230215826,0.5179856115107914,0.9459459459459459,0.7338129496402878,0.477515175359712,medium,unclassified,hard
pcgnn_641.txt,True,True,True,0.53515625,0.39285714285714285,119,0.7983193277310925,48,1.5,0.09243697478991597,0.19327731092436976,0.9795918367346939,0.3865546218487395,0.542144826680672,medium,unclassified,hard
pcgnn_642.txt,True,True,True,0.53125,0.3877551020408163,120,0.775,47,1.46875,0.075,0.3,0.9583333333333334,0.375,0.537875000000000,medium,unclassified,hard
pcgnn_643.txt,True,True,True,0.4609375,0.29591836734693877,138,0.8405797101449275,26,0.8125,0.06521739130434782,0.5362318840579711,0.9629629629629629,0.644927536231884,0.470323822463768,medium,unclassified,hard
pcgnn_644.txt,True,True,True,0.5234375,0.37755102040816324,122,0.6967213114754098,26,0.8125,0.09016393442622951,0.39344262295081966,0.9629629629629629,0.47540983606557374,0.523931864754098,medium,unclassified,hard
pcgnn_645.txt,True,True,True,0.484375,0.32653061224489793,132,1.0,35,1.09375,0.045454545454545456,0.5075757575757576,0.9444444444444444,0.7272727272727273,0.501846590909091,medium,unclassified,hard
pcgnn_646.txt,True,True,True,0.38671875,0.1989795918367347,157,1.0,26,0.8125,0.012738853503184714,0.7452229299363057,0.9629629629629629,0.8280254777070064,0.405614550159236,medium,unclassified,medium
pcgnn_647.txt,True,True,True,0.44140625,0.27040816326530615,143,1.0,26,0.8125,0.04895104895104895,0.6223776223776224,1.0,0.8111888111888111,0.455582932692308,medium,unclassified,hard
pcgnn_648.txt,True,True,True,0.38671875,0.1989795918367347,157,1.0,26,0.8125,0.012738853503184714,0.7133757961783439,1.0,0.8280254777070064,0.405614550159236,medium,unclassified,medium
pcgnn_649.txt,True,True,True,0.4453125,0.2755102040816326,142,1.0,25,0.78125,0.04225352112676056,0.5774647887323944,0.9615384615384616,0.8169014084507042,0.457449383802817,medium,unclassified,hard
pcgnn_650.txt,True,True,True,0.5234375,0.37755102040816324,122,0.9262295081967213,37,1.15625,0.07377049180327869,0.3770491803278688,0.9473684210526315,0.6147540983606558,0.535601946721311,medium,unclassified,hard
pcgnn_651.txt,True,True,True,0.3671875,0.17346938775510204,162,1.0,26,0.8125,0.012345679012345678,0.7716049382716049,1.0,0.8333333333333334,0.388130787037037,medium,unclassified,medium
pcgnn_652.txt,True,True,True,0.56640625,0.4336734693877551,111,0.9819819819819819,59,1.84375,0.14414414414414414,0.21621621621621623,0.9666666666666667,0.44144144144144143,0.572918778153153,medium,unclassified,hard
pcgnn_653.txt,True,True,True,0.53515625,0.39285714285714285,119,0.9327731092436975,36,1.125,0.09243697478991597,0.25210084033613445,0.972972972972973,0.6218487394957983,0.546850709033613,medium,unclassified,hard
pcgnn_654.txt,True,True,True,0.51953125,0.37244897959183676,123,0.983739837398374,39,1.21875,0.08943089430894309,0.3333333333333333,0.95,0.6585365853658537,0.533431783536585,medium,unclassified,hard
pcgnn_655.txt,True,True,True,0.5546875,0.41836734693877553,114,0.8421052631578947,40,1.25,0.07894736842105263,0.2631578947368421,0.975609756097561,0.4824561403508772,0.561236293859649,medium,unclassified,hard
pcgnn_656.txt,True,True,True,0.390625,0.20408163265306123,156,0.9935897435897436,26,0.8125,0.03205128205128205,0.7628205128205128,0.9629629629629629,0.8205128205128205,0.409559294871795,medium,unclassified,hard
pcgnn_657.txt,True,True,True,0.57421875,0.44387755102040816,109,0.8990825688073395,45,1.40625,0.11009174311926606,0.1651376146788991,0.9565217391304348,0.47706422018348627,0.579640911697248,medium,unclassified,hard
pcgnn_658.txt,True,True,True,0.46484375,0.3010204081632653,137,0.9781021897810219,32,1.0,0.058394160583941604,0.5255474452554745,0.9696969696969697,0.7372262773722628,0.484855725364964,medium,unclassified,hard
pcgnn_659.txt,True,True,True,0.453125,0.2857142857142857,140,0.9571428571428572,26,0.8125,0.05,0.5071428571428571,0.9259259259259259,0.7642857142857142,0.465223214285714,medium,unclassified,hard
pcgnn_660.txt,True,True,True,0.5703125,0.4387755102040816,110,0.6636363636363637,32,1.0,0.10909090909090909,0.17272727272727273,0.9393939393939394,0.36363636363636365,0.573826704545455,medium,unclassified,hard
pcgnn_661.txt,True,True,True,0.52734375,0.3826530612244898,121,1.0,36,1.125,0.049586776859504134,0.3140495867768595,0.972972972972973,0.6942148760330579,0.539981275826446,medium,unclassified,hard
pcgnn_662.txt,True,True,True,0.5703125,0.4387755102040816,110,0.8454545454545455,37,1.15625,0.08181818181818182,0.14545454545454545,0.9736842105263158,0.5,0.575735795454546,medium,unclassified,hard
pcgnn_663.txt,True,True,True,0.4140625,0.23469387755102042,150,1.0,26,0.8125,0.0,0.66,1.0,0.82,0.429681250000000,medium,unclassified,hard
pcgnn_664.txt,True,True,True,0.4375,0.2653061224489796,144,1.0,26,0.8125,0.0625,0.6180555555555556,0.9259259259259259,0.8125,0.452500000000000,medium,unclassified,hard
pcgnn_665.txt,True,True,True,0.546875,0.40816326530612246,116,0.7155172413793104,29,0.90625,0.09482758620689655,0.22413793103448276,0.9666666666666667,0.45689655172413796,0.549482758620690,medium,unclassified,hard
pcgnn_666.txt,True,True,True,0.54296875,0.4030612244897959,117,0.9658119658119658,39,1.21875,0.11965811965811966,0.23931623931623933,0.95,0.6239316239316239,0.554740251068376,medium,unclassified,hard
pcgnn_667.txt,True,True,True,0.4609375,0.29591836734693877,138,1.0,32,1.0,0.028985507246376812,0.5652173913043478,0.9696969696969697,0.7608695652173914,0.480930706521739,medium,unclassified,hard
pcgnn_668.txt,True,True,True,0.51953125,0.37244897959183676,123,1.0,45,1.40625,0.07317073170731707,0.3089430894308943,0.9565217391304348,0.6260162601626016,0.532293572154472,medium,unclassified,hard
pcgnn_669.txt,True,True,True,0.48828125,0.33163265306122447,131,1.0,36,1.125,0.061068702290076333,0.4122137404580153,0.972972972972973,0.7175572519083969,0.505636331106870,medium,unclassified,hard
pcgnn_670.txt,True,True,True,0.45703125,0.29081632653061223,139,1.0,28,0.875,0.07194244604316546,0.539568345323741,0.9310344827586207,0.7913669064748201,0.473063736510791,medium,unclassified,hard
pcgnn_671.txt,True,True,True,0.421875,0.24489795918367346,148,1.0,26,0.8125,0.04054054054054054,0.6283783783783784,1.0,0.8175675675675675,0.437880067567568,medium,unclassified,hard
pcgnn_672.txt,True,True,True,0.4765625,0.3163265306122449,134,1.0,26,0.8125,0.03731343283582089,0.5,0.9259259259259259,0.7985074626865671,0.486620802238806,medium,unclassified,hard
pcgnn_673.txt,True,True,True,0.45703125,0.29081632653061223,139,0.9712230215827338,39,1.21875,0.04316546762589928,0.539568345323741,0.975,0.6834532374100719,0.476292153776978,medium,unclassified,hard
pcgnn_674.txt,True,True,True,0.45703125,0.29081632653061223,139,1.0,26,0.8125,0.06474820143884892,0.5755395683453237,0.9259259259259259,0.8057553956834532,0.470010678956835,medium,unclassified,hard
pcgnn_675.txt,True,True,True,0.54296875,0.4030612244897959,117,0.9401709401709402,32,1.0,0.1111111111111111,0.27350427350427353,0.9696969696969697,0.6581196581196581,0.555167601495727,medium,unclassified,hard
pcgnn_676.txt,True,True,True,0.421875,0.24489795918367346,148,1.0,25,0.78125,0.04054054054054054,0.6351351351351351,0.9615384615384616,0.8243243243243243,0.436452702702703,medium,unclassified,hard
pcgnn_677.txt,True,True,True,0.48046875,0.32142857142857145,133,1.0,37,1.15625,0.03759398496240601,0.42857142857142855,0.9736842105263158,0.7142857142857143,0.497835408834586,medium,unclassified,hard
pcgnn_678.txt,True,True,True,0.546875,0.40816326530612246,116,0.8620689655172413,30,0.9375,0.07758620689655173,0.1810344827586207,0.9354838709677419,0.5948275862068966,0.553286637931034,medium,unclassified,hard
pcgnn_679.txt,True,True,True,0.4921875,0.336734693877551,130,1.0,26,0.8125,0.07692307692307693,0.4461538461538462,0.9259259259259259,0.7923076923076923,0.501747596153846,medium,unclassified,hard
pcgnn_680.txt,True,True,True,0.55078125,0.413265306122449,115,0.9217391304347826,36,1.125,0.06086956521739131,0.3217391304347826,0.972972972972973,0.6,0.559529211956522,medium,unclassified,hard
pcgnn_681.txt,True,True,True,0.37109375,0.17857142857142858,161,1.0,26,0.8125,0.006211180124223602,0.782608695652174,1.0,0.8322981366459627,0.391441673136646,medium,unclassified,medium
pcgnn_682.txt,True,True,True,0.4765625,0.3163265306122449,134,1.0,26,0.8125,0.05970149253731343,0.44776119402985076,0.9629629629629629,0.7985074626865671,0.487292444029851,medium,unclassified,hard
pcgnn_683.txt,True,True,True,0.5625,0.42857142857142855,112,0.75,47,1.46875,0.10714285714285714,0.17857142857142858,0.9583333333333334,0.32142857142857145,0.565892857142857,medium,unclassified,hard
pcgnn_684.txt,True,True,True,0.44921875,0.28061224489795916,141,1.0,26,0.8125,0.028368794326241134,0.5815602836879432,1.0,0.8085106382978723,0.461943151595745,medium,unclassified,hard
pcgnn_685.txt,True,True,True,0.5,0.3469387755102041,128,0.9765625,33,1.03125,0.0625,0.4375,1.0,0.7109375,0.516093750000000,medium,unclassified,hard
pcgnn_686.txt,True,True,True,0.40234375,0.2193877551020408,153,1.0,26,0.8125,0.026143790849673203,0.7189542483660131,1.0,0.8235294117647058,0.419989276960784,medium,unclassified,hard
pcgnn_687.txt,True,True,True,0.48046875,0.32142857142857145,133,1.0,26,0.8125,0.05263157894736842,0.5037593984962406,0.9629629629629629,0.7969924812030075,0.490565671992481,medium,unclassified,hard
pcgnn_688.txt,True,True,True,0.49609375,0.34183673469387754,129,0.8294573643410853,25,0.78125,0.05426356589147287,0.4263565891472868,0.9230769230769231,0.627906976744186,0.499732921511628,medium,unclassified,hard
pcgnn_689.txt,True,True,True,0.55078125,0.413265306122449,115,0.5739130434782609,26,0.8125,0.11304347826086956,0.2608695652173913,0.9259259259259259,0.3391304347826087,0.546502038043478,medium,unclassified,hard
pcgnn_690.txt,True,True,True,0.39453125,0.20918367346938777,155,1.0,26,0.8125,0.025806451612903226,0.7677419354838709,1.0,0.8258064516129032,0.412993447580645,medium,unclassified,hard
pcgnn_691.txt,True,True,True,0.56640625,0.4336734693877551,111,0.40540540540540543,32,1.0,0.12612612612612611,0.18018018018018017,0.9393939393939394,0.10810810810810811,0.565711570945946,medium,unclassified,hard
pcgnn_692.txt,True,True,True,0.5234375,0.37755102040816324,122,0.9262295081967213,32,1.0,0.05737704918032787,0.28688524590163933,0.9393939393939394,0.6557377049180327,0.535929815573771,medium,unclassified,hard
pcgnn_693.txt,True,True,True,0.546875,0.40816326530612246,116,0.9741379310344828,39,1.21875,0.07758620689655173,0.25862068965517243,0.975,0.6293103448275862,0.557101293103448,medium,unclassified,hard
pcgnn_694.txt,True,True,True,0.53515625,0.39285714285714285,119,0.8235294117647058,28,0.875,0.09243697478991597,0.2773109243697479,0.9655172413793104,0.5798319327731093,0.539760372899160,medium,unclassified,hard
pcgnn_695.txt,True,True,True,0.39453125,0.20918367346938777,155,1.0,26,0.8125,0.03870967741935484,0.7096774193548387,0.9629629629629629,0.8258064516129032,0.413380544354839,medium,unclassified,hard
pcgnn_696.txt,True,True,True,0.52734375,0.3826530612244898,121,0.71900826446281,27,0.84375,0.09090909090909091,0.2892561983471074,0.9285714285714286,0.48760330578512395,0.529276213842975,medium,unclassified,hard
pcgnn_697.txt,True,True,True,0.54296875,0.4030612244897959,117,0.8547008547008547,30,0.9375,0.10256410256410256,0.2564102564102564,0.967741935483871,0.5897435897435898,0.550418669871795,medium,unclassified,hard
pcgnn_698.txt,True,True,True,0.53125,0.3877551020408163,120,0.5166666666666667,23,0.71875,0.1,0.20833333333333334,1.0,0.31666666666666665,0.523395833333333,medium,unclassified,hard
pcgnn_699.txt,True,True,True,0.4765625,0.3163265306122449,134,1.0,31,0.96875,0.06716417910447761,0.5223880597014925,0.9375,0.7611940298507462,0.494582555970149,medium,unclassified,hard
pcgnn_700.txt,True,True,True,0.55859375,0.42346938775510207,113,0.8141592920353983,29,0.90625,0.09734513274336283,0.23008849557522124,0.9333333333333333,0.5486725663716814,0.561940680309735,medium,unclassified,hard
pcgnn_701.txt,True,True,True,0.5,0.3469387755102041,128,1.0,32,1.0,0.046875,0.3359375,0.9393939393939394,0.7421875,0.516250000000000,medium,unclassified,hard
pcgnn_702.txt,True,True,True,0.44140625,0.27040816326530615,143,1.0,31,0.96875,0.04895104895104895,0.6083916083916084,1.0,0.7762237762237763,0.462696131993007,medium,unclassified,hard
pcgnn_703.txt,True,True,True,0.5703125,0.4387755102040816,110,0.509090909090909,26,0.8125,0.12727272727272726,0.14545454545454545,0.9259259259259259,0.2636363636363636,0.562997159090909,medium,unclassified,hard
pcgnn_704.txt,True,True,True,0.5078125,0.35714285714285715,126,0.8015873015873016,27,0.84375,0.05555555555555555,0.30952380952380953,0.9642857142857143,0.5793650793650794,0.512472718253968,medium,unclassified,hard
pcgnn_705.txt,True,True,True,0.57421875,0.44387755102040816,109,0.5688073394495413,35,1.09375,0.09174311926605505,0.1834862385321101,0.9722222222222222,0.23853211009174313,0.574319810779817,medium,unclassified,hard
pcgnn_706.txt,True,True,True,0.5234375,0.37755102040816324,122,1.0,35,1.09375,0.07377049180327869,0.36885245901639346,0.9722222222222222,0.7049180327868853,0.537405225409836,medium,unclassified,hard
pcgnn_707.txt,True,True,True,0.515625,0.3673469387755102,124,0.9516129032258065,31,0.96875,0.056451612903225805,0.3951612903225806,0.96875,0.6935483870967742,0.528064516129032,medium,unclassified,hard
pcgnn_708.txt,True,True,True,0.51171875,0.3622448979591837,125,1.0,39,1.21875,0.064,0.424,0.975,0.68,0.526066875000000,medium,unclassified,hard
pcgnn_709.txt,True,True,True,0.5078125,0.35714285714285715,126,0.9920634920634921,28,0.875,0.03968253968253968,0.30952380952380953,1.0,0.7619047619047619,0.517209821428571,medium,unclassified,hard
pcgnn_710.txt,True,True,True,0.55859375,0.42346938775510207,113,0.8407079646017699,31,0.96875,0.07964601769911504,0.17699115044247787,0.96875,0.5575221238938053,0.564711698008850,medium,unclassified,hard
pcgnn_711.txt,True,True,True,0.48828125,0.33163265306122447,131,1.0,25,0.78125,0.061068702290076333,0.3969465648854962,0.9615384615384616,0.8015267175572519,0.496378220419847,medium,unclassified,hard
pcgnn_712.txt,True,True,True,0.4921875,0.336734693877551,130,0.9846153846153847,27,0.84375,0.1,0.4,0.9642857142857143,0.7692307692307693,0.503540865384615,medium,unclassified,hard
pcgnn_713.txt,True,True,True,0.5390625,0.3979591836734694,118,0.7457627118644068,32,1.0,0.09322033898305085,0.288135593220339,0.9696969696969697,0.4661016949152542,0.547274894067797,medium,unclassified,hard
pcgnn_714.txt,True,True,True,0.53515625,0.39285714285714285,119,0.8991596638655462,58,1.8125,0.08403361344537816,0.226890756302521,0.9661016949152542,0.40336134453781514,0.542228860294118,medium,unclassified,hard
pcgnn_715.txt,True,True,True,0.47265625,0.3112244897959184,135,1.0,28,0.875,0.037037037037037035,0.4740740740740741,0.9655172413793104,0.7851851851851852,0.485955439814815,medium,unclassified,hard
pcgnn_716.txt,True,True,True,0.3828125,0.19387755102040816,158,1.0,26,0.8125,0.03164556962025317,0.810126582278481,1.0,0.8291139240506329,0.402687895569620,medium,unclassified,medium
pcgnn_717.txt,True,True,True,0.50390625,0.3520408163265306,127,0.984251968503937,28,0.875,0.08661417322834646,0.47244094488188976,0.9655172413793104,0.7559055118110236,0.514982160433071,medium,unclassified,hard
pcgnn_718.txt,True,True,True,0.5859375,0.45918367346938777,106,0.7830188679245284,41,1.28125,0.14150943396226415,0.1320754716981132,0.9523809523809523,0.3867924528301887,0.589324882075472,medium,unclassified,hard
pcgnn_719.txt,True,True,True,0.55078125,0.413265306122449,115,0.8869565217391304,41,1.28125,0.12173913043478261,0.2,0.9523809523809523,0.5217391304347826,0.559790081521739,medium,unclassified,hard
pcgnn_720.txt,True,True,True,0.50390625,0.3520408163265306,127,0.6535433070866141,26,0.8125,0.07086614173228346,0.4330708661417323,0.9259259259259259,0.4409448818897638,0.505085506889764,medium,unclassified,hard
pcgnn_721.txt,True,True,True,0.54296875,0.4030612244897959,117,0.9487179487179487,36,1.125,0.06837606837606838,0.3076923076923077,0.9459459459459459,0.6324786324786325,0.553372729700855,medium,unclassified,hard
pcgnn_722.txt,True,True,True,0.5234375,0.37755102040816324,122,0.8442622950819673,26,0.8125,0.07377049180327869,0.3442622950819672,0.9629629629629629,0.6229508196721312,0.526390881147541,medium,unclassified,hard
pcgnn_723.txt,True,True,True,0.53515625,0.39285714285714285,119,0.6638655462184874,26,0.8125,0.07563025210084033,0.2689075630252101,0.9259259259259259,0.4369747899159664,0.533274028361345,medium,unclassified,hard
pcgnn_724.txt,True,True,True,0.53125,0.3877551020408163,120,0.8833333333333333,32,1.0,0.14166666666666666,0.24166666666666667,0.9393939393939394,0.6083333333333333,0.544541666666667,medium,unclassified,hard
pcgnn_725.txt,True,True,True,0.4765625,0.3163265306122449,134,1.0,26,0.8125,0.05223880597014925,0.5149253731343284,0.9629629629629629,0.7985074626865671,0.487068563432836,medium,unclassified,hard
pcgnn_726.txt,True,True,True,0.4140625,0.23469387755102042,150,1.0,26,0.8125,0.04,0.66,0.9629629629629629,0.82,0.430881250000000,medium,unclassified,hard
pcgnn_727.txt,True,True,True,0.53125,0.3877551020408163,120,0.8166666666666667,28,0.875,0.08333333333333333,0.35,0.9655172413793104,0.575,0.535875000000000,medium,unclassified,hard
pcgnn_728.txt,True,True,True,0.53125,0.3877551020408163,120,1.0,26,0.8125,0.06666666666666667,0.25,0.9629629629629629,0.775,0.536250000000000,medium,unclassified,hard
pcgnn_729.txt,True,True,True,0.5625,0.42857142857142855,112,0.9732142857142857,30,0.9375,0.08928571428571429,0.25,0.967741935483871,0.6964285714285714,0.569732142857143,medium,unclassified,hard
pcgnn_730.txt,True,True,True,0.47265625,0.3112244897959184,135,1.0,35,1.09375,0.044444444444444446,0.4962962962962963,0.9722222222222222,0.7333333333333333,0.491390625000000,medium,unclassified,hard
pcgnn_731.txt,True,True,True,0.53515625,0.39285714285714285,119,0.5210084033613446,32,1.0,0.10084033613445378,0.35294117647058826,0.9393939393939394,0.24369747899159663,0.539539784663865,medium,unclassified,hard
pcgnn_732.txt,True,True,True,0.5625,0.42857142857142855,112,0.6785714285714286,34,1.0625,0.08928571428571429,0.25,0.9714285714285714,0.36607142857142855,0.566250000000000,medium,unclassified,hard
pcgnn_733.txt,True,True,True,0.5390625,0.3979591836734694,118,0.9915254237288136,31,0.96875,0.09322033898305085,0.2288135593220339,0.9375,0.7203389830508474,0.550797139830508,medium,unclassified,hard
pcgnn_734.txt,True,True,True,0.38671875,0.1989795918367347,157,1.0,26,0.8125,0.03821656050955414,0.7388535031847133,0.9629629629629629,0.8280254777070064,0.406378881369427,medium,unclassified,medium
pcgnn_735.txt,True,True,True,0.39453125,0.20918367346938777,155,1.0,26,0.8125,0.03225806451612903,0.7032258064516129,0.9629629629629629,0.8258064516129032,0.413186995967742,medium,unclassified,hard
pcgnn_736.txt,True,True,True,0.48828125,0.33163265306122447,131,0.9770992366412213,29,0.90625,0.08396946564885496,0.4580152671755725,0.9333333333333333,0.7480916030534351,0.502246541030534,medium,unclassified,hard
pcgnn_737.txt,True,True,True,0.41015625,0.22959183673469388,151,1.0,25,0.78125,0.026490066225165563,0.7019867549668874,1.0,0.8278145695364238,0.425554118377483,medium,unclassified,hard
pcgnn_738.txt,True,True,True,0.3671875,0.17346938775510204,162,0.9814814814814815,26,0.8125,0.024691358024691357,0.7777777777777778,0.9629629629629629,0.8148148148148148,0.388130787037037,medium,unclassified,medium
pcgnn_739.txt,True,True,True,0.4765625,0.3163265306122449,134,0.9925373134328358,26,0.8125,0.06716417910447761,0.44029850746268656,0.9259259259259259,0.7910447761194029,0.487367070895522,medium,unclassified,hard
pcgnn_740.txt,True,True,True,0.55859375,0.42346938775510207,113,0.6637168141592921,40,1.25,0.08849557522123894,0.2743362831858407,0.9512195121951219,0.3008849557522124,0.561406941371682,medium,unclassified,hard
pcgnn_741.txt,True,True,True,0.453125,0.2857142857142857,140,1.0,26,0.8125,0.09285714285714286,0.5857142857142857,0.9629629629629629,0.8071428571428572,0.467366071428571,medium,unclassified,hard
pcgnn_742.txt,True,True,True,0.375,0.1836734693877551,160,0.98125,26,0.8125,0.0125,0.73125,1.0,0.8125,0.394750000000000,medium,unclassified,medium
pcgnn_743.txt,True,True,True,0.453125,0.2857142857142857,140,0.9928571428571429,39,1.21875,0.05,0.5857142857142857,0.95,0.7071428571428572,0.473455357142857,medium,unclassified,hard
pcgnn_744.txt,True,True,True,0.515625,0.3673469387755102,124,0.9919354838709677,32,1.0,0.0967741935483871,0.33064516129032256,0.9696969696969697,0.7258064516129032,0.531481854838710,medium,unclassified,hard
pcgnn_745.txt,True,True,True,0.42578125,0.25,147,1.0,25,0.78125,0.061224489795918366,0.6666666666666666,0.9615384615384616,0.8231292517006803,0.440564944727891,medium,unclassified,hard
pcgnn_746.txt,True,True,True,0.46484375,0.3010204081632653,137,1.0,36,1.125,0.029197080291970802,0.40875912408759124,0.9459459459459459,0.7299270072992701,0.483833827554745,medium,unclassified,hard
pcgnn_747.txt,True,True,True,0.4921875,0.336734693877551,130,0.8769230769230769,26,0.8125,0.046153846153846156,0.4076923076923077,0.9629629629629629,0.6692307692307692,0.498362980769231,medium,unclassified,hard
pcgnn_748.txt,True,True,True,0.47265625,0.3112244897959184,135,0.9851851851851852,31,0.96875,0.037037037037037035,0.5259259259259259,1.0,0.7481481481481481,0.489902199074074,medium,unclassified,hard
pcgnn_749.txt,True,True,True,0.54296875,0.4030612244897959,117,0.811965811965812,37,1.15625,0.10256410256410256,0.24786324786324787,0.9473684210526315,0.48717948717948717,0.551492387820513,medium,unclassified,hard
pcgnn_750.txt,True,True,True,0.41015625,0.22959183673469388,151,0.9735099337748344,26,0.8125,0.046357615894039736,0.6821192052980133,0.9259259259259259,0.7947019867549668,0.427050393211921,medium,unclassified,hard
pcgnn_751.txt,True,True,True,0.5703125,0.4387755102040816,110,0.9363636363636364,43,1.34375,0.11818181818181818,0.20909090909090908,0.9545454545454546,0.5363636363636364,0.577553977272727,medium,unclassified,hard
pcgnn_752.txt,True,True,True,0.43359375,0.2602040816326531,145,1.0,31,0.96875,0.04827586206896552,0.6275862068965518,0.9375,0.7793103448275862,0.455706357758621,medium,unclassified,hard
pcgnn_753.txt,True,True,True,0.4453125,0.2755102040816326,142,1.0,25,0.78125,0.09154929577464789,0.647887323943662,0.9230769230769231,0.8169014084507042,0.458928257042254,medium,unclassified,hard
pcgnn_754.txt,True,True,True,0.56640625,0.4336734693877551,111,0.990990990990991,35,1.09375,0.12612612612612611,0.18018018018018017,0.9444444444444444,0.6666666666666666,0.576882742117117,medium,unclassified,hard
pcgnn_755.txt,True,True,True,0.45703125,0.29081632653061223,139,1.0,32,1.0,0.06474820143884892,0.5539568345323741,0.9393939393939394,0.762589928057554,0.478522369604316,medium,unclassified,hard
pcgnn_756.txt,True,True,True,0.51171875,0.3622448979591837,125,0.928,51,1.59375,0.08,0.4,0.9615384615384616,0.512,0.523186875000000,medium,unclassified,hard
pcgnn_757.txt,True,True,True,0.3671875,0.17346938775510204,162,1.0,26,0.8125,0.018518518518518517,0.7839506172839507,0.9259259259259259,0.8333333333333334,0.388315972222222,medium,unclassified,medium
pcgnn_758.txt,True,True,True,0.39453125,0.20918367346938777,155,1.0,26,0.8125,0.025806451612903226,0.7096774193548387,0.9629629629629629,0.8258064516129032,0.412993447580645,medium,unclassified,hard
pcgnn_759.txt,True,True,True,0.46875,0.30612244897959184,136,1.0,29,0.90625,0.058823529411764705,0.5073529411764706,0.9666666666666667,0.7794117647058824,0.484540441176471,medium,unclassified,hard
pcgnn_760.txt,True,True,True,0.5234375,0.37755102040816324,122,0.9590163934426229,39,1.21875,0.08196721311475409,0.3360655737704918,0.975,0.6311475409836066,0.536175717213115,medium,unclassified,hard
pcgnn_761.txt,True,True,True,0.515625,0.3673469387755102,124,0.9596774193548387,26,0.8125,0.08064516129032258,0.3870967741935484,0.9259259259259259,0.7419354838709677,0.521945564516129,medium,unclassified,hard
pcgnn_762.txt,True,True,True,0.46875,0.30612244897959184,136,1.0,26,0.8125,0.04411764705882353,0.4632352941176471,0.9629629629629629,0.8014705882352942,0.479852941176471,medium,unclassified,hard
pcgnn_763.txt,True,True,True,0.5625,0.42857142857142855,112,0.8660714285714286,36,1.125,0.11607142857142858,0.22321428571428573,0.972972972972973,0.5357142857142857,0.570446428571429,medium,unclassified,hard
pcgnn_764.txt,True,True,True,0.5,0.3469387755102041,128,1.0,33,1.03125,0.0234375,0.3515625,0.9705882352941176,0.734375,0.515390625000000,medium,unclassified,hard
pcgnn_765.txt,True,True,True,0.39453125,0.20918367346938777,155,1.0,29,0.90625,0.01935483870967742,0.6903225806451613,0.9666666666666667,0.8064516129032258,0.417100302419355,medium,unclassified,hard
pcgnn_766.txt,True,True,True,0.55078125,0.413265306122449,115,0.7043478260869566,31,0.96875,0.0782608695652174,0.23478260869565218,0.9375,0.4260869565217391,0.555010190217391,medium,unclassified,hard
pcgnn_767.txt,True,True,True,0.5234375,0.37755102040816324,122,0.8032786885245902,26,0.8125,0.09016393442622951,0.3360655737704918,0.9629629629629629,0.5819672131147541,0.526063012295082,medium,unclassified,hard
pcgnn_768.txt,True,True,True,0.52734375,0.3826530612244898,121,1.0,48,1.5,0.05785123966942149,0.2727272727272727,0.9795918367346939,0.5950413223140496,0.538245738636364,medium,unclassified,hard
pcgnn_769.txt,True,True,True,0.546875,0.40816326530612246,116,0.9224137931034483,47,1.46875,0.08620689655172414,0.23275862068965517,0.9791666666666666,0.5086206896551724,0.554946120689655,medium,unclassified,hard
pcgnn_770.txt,True,True,True,0.515625,0.3673469387755102,124,1.0,32,1.0,0.06451612903225806,0.3870967741935484,0.9696969696969697,0.7338709677419355,0.530675403225806,medium,unclassified,hard
pcgnn_771.txt,True,True,True,0.3984375,0.21428571428571427,154,1.0,26,0.8125,0.006493506493506494,0.7142857142857143,1.0,0.8246753246753247,0.415907061688312,medium,unclassified,hard
pcgnn_772.txt,True,True,True,0.52734375,0.3826530612244898,121,1.0,45,1.40625,0.08264462809917356,0.33884297520661155,0.9565217391304348,0.6198347107438017,0.539485408057851,medium,unclassified,hard
pcgnn_773.txt,True,True,True,0.546875,0.40816326530612246,116,0.5172413793103449,29,0.90625,0.1206896551724138,0.28448275862068967,0.9333333333333333,0.25862068965517243,0.546293103448276,medium,unclassified,hard
pcgnn_774.txt,True,True,True,0.52734375,0.3826530612244898,121,0.9504132231404959,27,0.84375,0.0743801652892562,0.35537190082644626,0.9285714285714286,0.71900826446281,0.533408445247934,medium,unclassified,hard
pcgnn_775.txt,True,True,True,0.38671875,0.1989795918367347,157,1.0,27,0.84375,0.03184713375796178,0.7197452229299363,0.9642857142857143,0.821656050955414,0.407622910031847,medium,unclassified,medium
pcgnn_776.txt,True,True,True,0.515625,0.3673469387755102,124,0.8225806451612904,37,1.15625,0.056451612903225805,0.3225806451612903,0.9736842105263158,0.5161290322580645,0.526078629032258,medium,unclassified,hard
pcgnn_777.txt,True,True,True,0.53515625,0.39285714285714285,119,0.9831932773109243,32,1.0,0.12605042016806722,0.29411764705882354,0.9393939393939394,0.7058823529411765,0.549539784663866,medium,unclassified,hard
pcgnn_778.txt,True,True,True,0.51171875,0.3622448979591837,125,1.0,40,1.25,0.088,0.408,0.9512195121951219,0.672,0.526626875000000,medium,unclassified,hard
pcgnn_779.txt,True,True,True,0.51953125,0.37244897959183676,123,0.983739837398374,30,0.9375,0.056910569105691054,0.34146341463414637,0.967741935483871,0.7317073170731707,0.530794588414634,medium,unclassified,hard
pcgnn_780.txt,True,True,True,0.51171875,0.3622448979591837,125,0.872,34,1.0625,0.08,0.416,0.9428571428571428,0.592,0.524786875000000,medium,unclassified,hard
pcgnn_781.txt,True,True,True,0.5,0.3469387755102041,128,0.5,26,0.8125,0.0390625,0.3671875,0.9259259259259259,0.2890625,0.497578125000000,medium,unclassified,hard
pcgnn_782.txt,True,True,True,0.5546875,0.41836734693877553,114,0.7280701754385965,33,1.03125,0.12280701754385964,0.3333333333333333,0.9705882352941176,0.4298245614035088,0.561499451754386,medium,unclassified,hard
pcgnn_783.txt,True,True,True,0.5078125,0.35714285714285715,126,1.0,38,1.1875,0.05555555555555555,0.42857142857142855,0.9743589743589743,0.6904761904761905,0.522507440476191,medium,unclassified,hard
pcgnn_784.txt,True,True,True,0.4921875,0.336734693877551,130,0.8923076923076924,26,0.8125,0.1076923076923077,0.46153846153846156,0.9259259259259259,0.6846153846153846,0.500516826923077,medium,unclassified,hard
pcgnn_785.txt,True,True,True,0.55078125,0.413265306122449,115,0.808695652173913,39,1.21875,0.08695652173913043,0.25217391304347825,0.975,0.4608695652173913,0.557529211956522,medium,unclassified,hard
pcgnn_786.txt,True,True,True,0.5234375,0.37755102040816324,122,0.9508196721311475,38,1.1875,0.06557377049180328,0.319672131147541,0.9487179487179487,0.6311475409836066,0.535683913934426,medium,unclassified,hard
pcgnn_787.txt,True,True,True,0.40234375,0.2193877551020408,153,1.0,26,0.8125,0.026143790849673203,0.7450980392156863,0.9629629629629629,0.8235294117647058,0.419989276960784,medium,unclassified,hard
pcgnn_788.txt,True,True,True,0.390625,0.20408163265306123,156,1.0,26,0.8125,0.00641025641025641,0.7435897435897436,1.0,0.8269230769230769,0.408918269230769,medium,unclassified,hard
pcgnn_789.txt,True,True,True,0.4375,0.2653061224489796,144,1.0,25,0.78125,0.041666666666666664,0.6111111111111112,0.9615384615384616,0.8194444444444444,0.450451388888889,medium,unclassified,hard
pcgnn_790.txt,True,True,True,0.546875,0.40816326530612246,116,0.43103448275862066,22,0.6875,0.09482758620689655,0.20689655172413793,0.9130434782608695,0.23275862068965517,0.534062500000000,medium,unclassified,hard
pcgnn_791.txt,True,True,True,0.46484375,0.3010204081632653,137,1.0,31,0.96875,0.08029197080291971,0.5693430656934306,0.9375,0.7664233576642335,0.484534101277372,medium,unclassified,hard
pcgnn_792.txt,True,True,True,0.52734375,0.3826530612244898,121,0.9669421487603306,36,1.125,0.10743801652892562,0.3305785123966942,0.9459459459459459,0.6611570247933884,0.541055655991736,medium,unclassified,hard
pcgnn_793.txt,True,True,True,0.53515625,0.39285714285714285,119,0.9243697478991597,44,1.375,0.09243697478991597,0.2605042016806723,0.9777777777777777,0.5462184873949579,0.545338103991597,medium,unclassified,hard
pcgnn_794.txt,True,True,True,0.4375,0.2653061224489796,144,1.0,26,0.8125,0.05555555555555555,0.6180555555555556,0.9259259259259259,0.8125,0.452291666666667,medium,unclassified,hard
pcgnn_795.txt,True,True,True,0.3984375,0.21428571428571427,154,1.0,26,0.8125,0.025974025974025976,0.6753246753246753,0.9629629629629629,0.8246753246753247,0.416491477272727,medium,unclassified,hard
pcgnn_796.txt,True,True,True,0.44140625,0.27040816326530615,143,0.9440559440559441,25,0.78125,0.027972027972027972,0.5594405594405595,1.0,0.7622377622377622,0.452412041083916,medium,unclassified,hard
pcgnn_797.txt,True,True,True,0.5390625,0.3979591836734694,118,0.940677966101695,29,0.90625,0.1271186440677966,0.2457627118644068,0.9333333333333333,0.6864406779661016,0.548011122881356,medium,unclassified,hard
pcgnn_798.txt,True,True,True,0.39453125,0.20918367346938777,155,1.0,26,0.8125,0.012903225806451613,0.7290322580645161,1.0,0.8258064516129032,0.412606350806452,medium,unclassified,hard
pcgnn_799.txt,True,True,True,0.55078125,0.413265306122449,115,0.9217391304347826,32,1.0,0.10434782608695652,0.28695652173913044,0.9393939393939394,0.6347826086956522,0.561529211956522,medium,unclassified,hard
pcgnn_800.txt,True,True,True,0.50390625,0.3520408163265306,127,0.889763779527559,37,1.15625,0.07086614173228346,0.3700787401574803,0.9473684210526315,0.5905511811023622,0.517452632874016,medium,unclassified,hard
pcgnn_801.txt,True,True,True,0.5390625,0.3979591836734694,118,0.9915254237288136,35,1.09375,0.09322033898305085,0.2627118644067797,0.9722222222222222,0.6864406779661016,0.551681673728813,medium,unclassified,hard
pcgnn_802.txt,True,True,True,0.4609375,0.29591836734693877,138,1.0,26,0.8125,0.057971014492753624,0.4927536231884058,0.9259259259259259,0.8043478260869565,0.473294836956522,medium,unclassified,hard
pcgnn_803.txt,True,True,True,0.515625,0.3673469387755102,124,0.9032258064516129,35,1.09375,0.0967741935483871,0.41935483870967744,0.9444444444444444,0.6129032258064516,0.529223790322581,medium,unclassified,hard
pcgnn_804.txt,True,True,True,0.46484375,0.3010204081632653,137,1.0,29,0.90625,0.06569343065693431,0.5401459854014599,0.9666666666666667,0.781021897810219,0.481263115875912,medium,unclassified,hard
pcgnn_805.txt,True,True,True,0.51953125,0.37244897959183676,123,0.8536585365853658,33,1.03125,0.08943089430894309,0.37398373983739835,0.9705882352941176,0.5772357723577236,0.531805767276423,medium,unclassified,hard
pcgnn_806.txt,True,True,True,0.57421875,0.44387755102040816,109,0.6788990825688074,48,1.5,0.10091743119266056,0.1743119266055046,0.9591836734693877,0.22935779816513763,0.574411553899083,medium,unclassified,hard
pcgnn_807.txt,True,True,True,0.390625,0.20408163265306123,156,1.0,26,0.8125,0.02564102564102564,0.717948717948718,0.9629629629629629,0.8269230769230769,0.409495192307692,medium,unclassified,hard
pcgnn_808.txt,True,True,True,0.40234375,0.2193877551020408,153,1.0,28,0.875,0.013071895424836602,0.6928104575163399,1.0,0.8104575163398693,0.422460682189542,medium,unclassified,hard
pcgnn_809.txt,True,True,True,0.4140625,0.23469387755102042,150,1.0,26,0.8125,0.04666666666666667,0.6533333333333333,0.9259259259259259,0.82,0.431081250000000,medium,unclassified,hard
pcgnn_810.txt,True,True,True,0.56640625,0.4336734693877551,111,0.5585585585585585,27,0.84375,0.11711711711711711,0.24324324324324326,0.9285714285714286,0.3063063063063063,0.561592764639640,medium,unclassified,hard
pcgnn_811.txt,True,True,True,0.49609375,0.34183673469387754,129,1.0,39,1.21875,0.06201550387596899,0.4418604651162791,0.975,0.689922480620155,0.512143289728682,medium,unclassified,hard
pcgnn_812.txt,True,True,True,0.3984375,0.21428571428571427,154,1.0,26,0.8125,0.01948051948051948,0.6493506493506493,0.9629629629629629,0.8246753246753247,0.416296672077922,medium,unclassified,hard
pcgnn_813.txt,True,True,True,0.4296875,0.25510204081632654,146,1.0,26,0.8125,0.04794520547945205,0.5616438356164384,1.0,0.815068493150685,0.445083476027397,medium,unclassified,hard
pcgnn_814.txt,True,True,True,0.46484375,0.3010204081632653,137,0.9781021897810219,26,0.8125,0.08029197080291971,0.5620437956204379,0.9259259259259259,0.781021897810219,0.477013572080292,medium,unclassified,hard
pcgnn_815.txt,True,True,True,0.34375,0.14285714285714285,168,1.0,26,0.8125,0.005952380952380952,0.8095238095238095,0.9629629629629629,0.8392857142857143,0.366964285714286,medium,unclassified,easy
pcgnn_816.txt,True,True,True,0.48828125,0.33163265306122447,131,1.0,35,1.09375,0.08396946564885496,0.48091603053435117,0.9444444444444444,0.7251908396946565,0.506476025763359,medium,unclassified,hard
pcgnn_817.txt,True,True,True,0.5625,0.42857142857142855,112,0.6160714285714286,42,1.3125,0.09821428571428571,0.19642857142857142,0.9534883720930233,0.23214285714285715,0.563839285714286,medium,unclassified,hard
pcgnn_818.txt,True,True,True,0.51171875,0.3622448979591837,125,1.0,33,1.03125,0.08,0.36,0.9705882352941176,0.728,0.527506875000000,medium,unclassified,hard
pcgnn_819.txt,True,True,True,0.51171875,0.3622448979591837,125,1.0,37,1.15625,0.064,0.368,0.9473684210526315,0.696,0.526386875000000,medium,unclassified,hard
pcgnn_820.txt,True,True,True,0.47265625,0.3112244897959184,135,1.0,35,1.09375,0.044444444444444446,0.4666666666666667,0.9444444444444444,0.7333333333333333,0.491390625000000,medium,unclassified,hard
pcgnn_821.txt,True,True,True,0.4375,0.2653061224489796,144,1.0,26,0.8125,0.020833333333333332,0.5763888888888888,0.9629629629629629,0.8125,0.451250000000000,medium,unclassified,hard
pcgnn_822.txt,True,True,True,0.41796875,0.23979591836734693,149,1.0,26,0.8125,0.026845637583892617,0.6375838926174496,1.0,0.8187919463087249,0.433978083053691,medium,unclassified,hard
pcgnn_823.txt,True,True,True,0.3984375,0.21428571428571427,154,1.0,26,0.8125,0.032467532467532464,0.7272727272727273,0.9629629629629629,0.8246753246753247,0.416686282467532,medium,unclassified,hard
pcgnn_824.txt,True,True,True,0.51953125,0.37244897959183676,123,1.0,50,1.5625,0.08943089430894309,0.36585365853658536,0.9607843137254902,0.5853658536585366,0.531968368902439,medium,unclassified,hard
pcgnn_825.txt,True,True,True,0.484375,0.32653061224489793,132,0.9696969696969697,34,1.0625,0.045454545454545456,0.42424242424242425,1.0,0.7045454545454546,0.501392045454545,medium,unclassified,hard
pcgnn_826.txt,True,True,True,0.50390625,0.3520408163265306,127,0.905511811023622,34,1.0625,0.07874015748031496,0.3858267716535433,0.9714285714285714,0.6299212598425197,0.518476254921260,medium,unclassified,hard
pcgnn_827.txt,True,True,True,0.57421875,0.44387755102040816,109,0.45871559633027525,26,0.8125,0.12844036697247707,0.14678899082568808,0.9259259259259259,0.21100917431192662,0.565495269495413,medium,unclassified,hard
pcgnn_828.txt,True,True,True,0.53515625,0.39285714285714285,119,0.9159663865546218,45,1.40625,0.08403361344537816,0.3277310924369748,0.9565217391304348,0.5294117647058824,0.544749868697479,medium,unclassified,hard
pcgnn_829.txt,True,True,True,0.4765625,0.3163265306122449,134,1.0,31,0.96875,0.07462686567164178,0.4626865671641791,0.9375,0.7611940298507462,0.494806436567164,medium,unclassified,hard
pcgnn_830.txt,True,True,True,0.5234375,0.37755102040816324,122,1.0,35,1.09375,0.06557377049180328,0.4016393442622951,0.9444444444444444,0.7049180327868853,0.537159323770492,medium,unclassified,hard
pcgnn_831.txt,True,True,True,0.53515625,0.39285714285714285,119,0.7058823529411765,25,0.78125,0.06722689075630252,0.31092436974789917,0.9615384615384616,0.48739495798319327,0.532467830882353,medium,unclassified,hard
pcgnn_832.txt,True,True,True,0.55859375,0.42346938775510207,113,0.8584070796460177,42,1.3125,0.13274336283185842,0.22123893805309736,0.9534883720930233,0.4778761061946903,0.566274198008850,medium,unclassified,hard
pcgnn_833.txt,True,True,True,0.4375,0.2653061224489796,144,1.0,25,0.78125,0.0625,0.6319444444444444,0.9615384615384616,0.8194444444444444,0.451076388888889,medium,unclassified,hard
pcgnn_834.txt,True,True,True,0.44140625,0.27040816326530615,143,1.0,26,0.8125,0.02097902097902098,0.5524475524475524,1.0,0.8111888111888111,0.454743771853147,medium,unclassified,hard
pcgnn_835.txt,True,True,True,0.51171875,0.3622448979591837,125,0.92,29,0.90625,0.056,0.376,1.0,0.68,0.521139375000000,medium,unclassified,hard
pcgnn_836.txt,True,True,True,0.47265625,0.3112244897959184,135,1.0,40,1.25,0.05185185185185185,0.4666666666666667,0.9512195121951219,0.6962962962962963,0.490872106481481,medium,unclassified,hard
pcgnn_837.txt,True,True,True,0.4609375,0.29591836734693877,138,0.8115942028985508,26,0.8125,0.050724637681159424,0.5362318840579711,0.9259259259259259,0.6159420289855072,0.469309329710145,medium,unclassified,hard
pcgnn_838.txt,True,True,True,0.46484375,0.3010204081632653,137,1.0,25,0.78125,0.043795620437956206,0.5328467153284672,0.9230769230769231,0.8102189781021898,0.474940123175183,medium,unclassified,hard
pcgnn_839.txt,True,True,True,0.54296875,0.4030612244897959,117,0.9401709401709402,52,1.625,0.05982905982905983,0.27350427350427353,0.9622641509433962,0.48717948717948717,0.550210336538462,medium,unclassified,hard
pcgnn_840.txt,True,True,True,0.4375,0.2653061224489796,144,1.0,26,0.8125,0.034722222222222224,0.6041666666666666,0.9259259259259259,0.8125,0.451666666666667,medium,unclassified,hard
pcgnn_841.txt,True,True,True,0.44921875,0.28061224489795916,141,0.9787234042553191,26,0.8125,0.06382978723404255,0.5319148936170213,0.9259259259259259,0.7872340425531915,0.462581449468085,medium,unclassified,hard
pcgnn_842.txt,True,True,True,0.50390625,0.3520408163265306,127,0.937007874015748,37,1.15625,0.06299212598425197,0.33070866141732286,0.9736842105263158,0.6377952755905512,0.518161294291339,medium,unclassified,hard
pcgnn_843.txt,True,True,True,0.5078125,0.35714285714285715,126,0.9603174603174603,25,0.78125,0.06349206349206349,0.4126984126984127,0.9615384615384616,0.753968253968254,0.513077876984127,medium,unclassified,hard
pcgnn_844.txt,True,True,True,0.53125,0.3877551020408163,120,0.9666666666666667,32,1.0,0.08333333333333333,0.31666666666666665,0.9393939393939394,0.6916666666666667,0.544458333333333,medium,unclassified,hard
pcgnn_845.txt,True,True,True,0.421875,0.24489795918367346,148,1.0,25,0.78125,0.02027027027027027,0.6216216216216216,1.0,0.8243243243243243,0.435844594594595,medium,unclassified,hard
pcgnn_846.txt,True,True,True,0.49609375,0.34183673469387754,129,1.0,35,1.09375,0.06976744186046512,0.3798449612403101,0.9444444444444444,0.7209302325581395,0.512996002906977,medium,unclassified,hard
pcgnn_847.txt,True,True,True,0.53125,0.3877551020408163,120,0.55,26,0.8125,0.09166666666666666,0.2833333333333333,0.9259259259259259,0.325,0.528000000000000,medium,unclassified,hard
pcgnn_848.txt,True,True,True,0.453125,0.2857142857142857,140,1.0,26,0.8125,0.05714285714285714,0.5285714285714286,0.9629629629629629,0.8071428571428572,0.466294642857143,medium,unclassified,hard
pcgnn_849.txt,True,True,True,0.375,0.1836734693877551,160,1.0,26,0.8125,0.03125,0.8125,0.9259259259259259,0.83125,0.395687500000000,medium,unclassified,medium
pcgnn_850.txt,True,True,True,0.35546875,0.15816326530612246,165,1.0,25,0.78125,0.012121212121212121,0.8,1.0,0.8424242424242424,0.376196496212121,medium,unclassified,easy
pcgnn_851.txt,True,True,True,0.5546875,0.41836734693877553,114,0.7456140350877193,46,1.4375,0.09649122807017543,0.2543859649122807,0.9574468085106383,0.3333333333333333,0.558780153508772,medium,unclassified,hard
pcgnn_852.txt,True,True,True,0.45703125,0.29081632653061223,139,1.0,25,0.78125,0.05755395683453238,0.60431654676259,0.9230769230769231,0.8129496402877698,0.468376236510791,medium,unclassified,hard
pcgnn_853.txt,True,True,True,0.49609375,0.34183673469387754,129,0.875968992248062,26,0.8125,0.08527131782945736,0.4186046511627907,0.9259259259259259,0.6666666666666666,0.503000847868217,medium,unclassified,hard
pcgnn_854.txt,True,True,True,0.4609375,0.29591836734693877,138,1.0,26,0.8125,0.057971014492753624,0.5507246376811594,0.9259259259259259,0.8043478260869565,0.473294836956522,medium,unclassified,hard
pcgnn_855.txt,True,True,True,0.4921875,0.336734693877551,130,1.0,31,0.96875,0.06923076923076923,0.3923076923076923,0.9375,0.7538461538461538,0.508560096153846,medium,unclassified,hard
pcgnn_856.txt,True,True,True,0.43359375,0.2602040816326531,145,1.0,27,0.84375,0.04827586206896552,0.5793103448275863,1.0,0.8068965517241379,0.450008081896552,medium,unclassified,hard
pcgnn_857.txt,True,True,True,0.54296875,0.4030612244897959,117,0.8717948717948718,53,1.65625,0.05982905982905983,0.28205128205128205,0.9629629629629629,0.41025641025641024,0.548671875000000,medium,unclassified,hard
pcgnn_858.txt,True,True,True,0.4453125,0.2755102040816326,142,0.9577464788732394,26,0.8125,0.035211267605633804,0.5915492957746479,0.9629629629629629,0.7676056338028169,0.457814700704225,medium,unclassified,hard
pcgnn_859.txt,True,True,True,0.56640625,0.4336734693877551,111,0.8018018018018018,36,1.125,0.11711711711711711,0.13513513513513514,0.9459459459459459,0.46846846846846846,0.572648507882883,medium,unclassified,hard
pcgnn_860.txt,True,True,True,0.3671875,0.17346938775510204,162,1.0,26,0.8125,0.006172839506172839,0.7839506172839507,1.0,0.8333333333333334,0.387945601851852,medium,unclassified,medium
pcgnn_861.txt,True,True,True,0.4609375,0.29591836734693877,138,1.0,26,0.8125,0.028985507246376812,0.47101449275362317,1.0,0.8043478260869565,0.472425271739130,medium,unclassified,hard
pcgnn_862.txt,True,True,True,0.45703125,0.29081632653061223,139,0.9496402877697842,26,0.8125,0.05755395683453238,0.5467625899280576,0.9629629629629629,0.7553956834532374,0.468787657374101,medium,unclassified,hard
pcgnn_863.txt,True,True,True,0.56640625,0.4336734693877551,111,0.3783783783783784,22,0.6875,0.11711711711711711,0.1981981981981982,0.9130434782608695,0.17117117117117117,0.551077561936937,medium,unclassified,hard
pcgnn_864.txt,True,True,True,0.55078125,0.413265306122449,115,0.5391304347826087,32,1.0,0.09565217391304348,0.1565217391304348,0.9393939393939394,0.25217391304347825,0.553616168478261,medium,unclassified,hard
pcgnn_865.txt,True,True,True,0.546875,0.40816326530612246,116,0.9568965517241379,33,1.03125,0.09482758620689655,0.21551724137931033,0.9705882352941176,0.6637931034482759,0.558308189655172,medium,unclassified,hard
pcgnn_866.txt,True,True,True,0.43359375,0.2602040816326531,145,1.0,29,0.90625,0.034482758620689655,0.5724137931034483,0.9666666666666667,0.7931034482758621,0.452443426724138,medium,unclassified,hard
pcgnn_867.txt,True,True,True,0.43359375,0.2602040816326531,145,1.0,29,0.90625,0.04827586206896552,0.6,0.9333333333333333,0.7931034482758621,0.452857219827586,medium,unclassified,hard
pcgnn_868.txt,True,True,True,0.390625,0.20408163265306123,156,1.0,25,0.78125,0.02564102564102564,0.7307692307692307,0.9615384615384616,0.8333333333333334,0.408060897435897,medium,unclassified,hard
pcgnn_869.txt,True,True,True,0.53515625,0.39285714285714285,119,0.9915966386554622,34,1.0625,0.07563025210084033,0.31932773109243695,0.9714285714285714,0.6974789915966386,0.547859112394958,medium,unclassified,hard
pcgnn_870.txt,True,True,True,0.4296875,0.25510204081632654,146,1.0,26,0.8125,0.0273972602739726,0.547945205479452,0.9629629629629629,0.815068493150685,0.444467037671233,medium,unclassified,hard
pcgnn_871.txt,True,True,True,0.55078125,0.413265306122449,115,0.7391304347826086,43,1.34375,0.10434782608695652,0.24347826086956523,0.9545454545454546,0.3565217391304348,0.555963994565217,medium,unclassified,hard
pcgnn_872.txt,True,True,True,0.578125,0.4489795918367347,108,0.8240740740740741,37,1.15625,0.12962962962962962,0.16666666666666666,0.9473684210526315,0.4722222222222222,0.583645833333334,medium,unclassified,hard
pcgnn_873.txt,True,True,True,0.5078125,0.35714285714285715,126,0.9920634920634921,41,1.28125,0.0873015873015873,0.3968253968253968,1.0,0.6587301587301587,0.522824900793651,medium,unclassified,hard
pcgnn_874.txt,True,True,True,0.50390625,0.3520408163265306,127,1.0,44,1.375,0.05511811023622047,0.36220472440944884,0.9777777777777777,0.6456692913385826,0.518082554133858,medium,unclassified,hard
pcgnn_875.txt,True,True,True,0.5234375,0.37755102040816324,122,0.9426229508196722,26,0.8125,0.08196721311475409,0.3770491803278688,0.9259259259259259,0.7213114754098361,0.528603995901639,medium,unclassified,hard
pcgnn_876.txt,True,True,True,0.37109375,0.17857142857142858,161,1.0,25,0.78125,0.024844720496894408,0.7888198757763976,0.9615384615384616,0.8385093167701864,0.390562402950311,medium,unclassified,medium
pcgnn_877.txt,True,True,True,0.4140625,0.23469387755102042,150,1.0,26,0.8125,0.02666666666666667,0.6333333333333333,0.9629629629629629,0.82,0.430481250000000,medium,unclassified,hard
pcgnn_878.txt,True,True,True,0.55078125,0.413265306122449,115,0.5217391304347826,26,0.8125,0.06086956521739131,0.1565217391304348,0.9259259259259259,0.28695652173913044,0.543893342391304,medium,unclassified,hard
pcgnn_879.txt,True,True,True,0.4375,0.2653061224489796,144,1.0,26,0.8125,0.020833333333333332,0.5902777777777778,1.0,0.8125,0.451250000000000,medium,unclassified,hard
pcgnn_880.txt,True,True,True,0.453125,0.2857142857142857,140,0.9785714285714285,27,0.84375,0.05714285714285714,0.5357142857142857,1.0,0.7785714285714286,0.467285714285714,medium,unclassified,hard
pcgnn_881.txt,True,True,True,0.4375,0.2653061224489796,144,0.9930555555555556,26,0.8125,0.041666666666666664,0.6180555555555556,1.0,0.8055555555555556,0.451736111111111,medium,unclassified,hard
pcgnn_882.txt,True,True,True,0.55078125,0.413265306122449,115,0.8869565217391304,38,1.1875,0.10434782608695652,0.3130434782608696,0.9487179487179487,0.5478260869565217,0.559790081521739,medium,unclassified,hard
pcgnn_883.txt,True,True,True,0.48828125,0.33163265306122447,131,0.9312977099236641,39,1.21875,0.07633587786259542,0.4351145038167939,0.975,0.6259541984732825,0.504262285305343,medium,unclassified,hard
pcgnn_884.txt,True,True,True,0.51953125,0.37244897959183676,123,0.8780487804878049,26,0.8125,0.07317073170731707,0.3902439024390244,0.9629629629629629,0.6585365853658537,0.523568978658537,medium,unclassified,hard
pcgnn_885.txt,True,True,True,0.55078125,0.413265306122449,115,0.6956521739130435,40,1.25,0.09565217391304348,0.1565217391304348,0.975609756097561,0.3391304347826087,0.555355298913044,medium,unclassified,hard
pcgnn_886.txt,True,True,True,0.55078125,0.413265306122449,115,1.0,39,1.21875,0.10434782608695652,0.30434782608695654,0.95,0.6521739130434783,0.561877038043478,medium,unclassified,hard
pcgnn_887.txt,True,True,True,0.4609375,0.29591836734693877,138,0.8985507246376812,26,0.8125,0.050724637681159424,0.5072463768115942,0.9629629629629629,0.7028985507246377,0.471048460144928,medium,unclassified,hard
pcgnn_888.txt,True,True,True,0.40625,0.22448979591836735,152,0.9276315789473685,26,0.8125,0.039473684210526314,0.6907894736842105,0.9259259259259259,0.75,0.422434210526316,medium,unclassified,hard
pcgnn_889.txt,True,True,True,0.3671875,0.17346938775510204,162,1.0,26,0.8125,0.012345679012345678,0.7716049382716049,0.9629629629629629,0.8333333333333334,0.388130787037037,medium,unclassified,medium
pcgnn_890.txt,True,True,True,0.3828125,0.19387755102040816,158,0.9683544303797469,25,0.78125,0.0189873417721519,0.759493670886076,1.0,0.8037974683544303,0.400239319620253,medium,unclassified,medium
pcgnn_891.txt,True,True,True,0.40234375,0.2193877551020408,153,0.954248366013072,26,0.8125,0.0392156862745098,0.7058823529411765,1.0,0.7777777777777778,0.419466401143791,medium,unclassified,hard
pcgnn_892.txt,True,True,True,0.5390625,0.3979591836734694,118,0.9661016949152542,44,1.375,0.059322033898305086,0.2796610169491525,0.9777777777777777,0.5847457627118644,0.548630826271186,medium,unclassified,hard
pcgnn_893.txt,True,True,True,0.52734375,0.3826530612244898,121,0.9338842975206612,45,1.40625,0.06611570247933884,0.256198347107438,0.9565217391304348,0.5537190082644629,0.537667226239669,medium,unclassified,hard
pcgnn_894.txt,True,True,True,0.48828125,0.33163265306122447,131,1.0,34,1.0625,0.06870229007633588,0.4122137404580153,0.9428571428571428,0.732824427480916,0.506170682251908,medium,unclassified,hard
pcgnn_895.txt,True,True,True,0.52734375,0.3826530612244898,121,0.6363636363636364,26,0.8125,0.09090909090909091,0.32231404958677684,0.9629629629629629,0.4132231404958678,0.526226110537190,medium,unclassified,hard
pcgnn_896.txt,True,True,True,0.53515625,0.39285714285714285,119,0.9747899159663865,48,1.5,0.09243697478991597,0.29411764705882354,0.9591836734693877,0.5630252100840336,0.545674238445378,medium,unclassified,hard
pcgnn_897.txt,True,True,True,0.40234375,0.2193877551020408,153,1.0,26,0.8125,0.032679738562091505,0.7124183006535948,0.9629629629629629,0.8235294117647058,0.420185355392157,medium,unclassified,hard
pcgnn_898.txt,True,True,True,0.40625,0.22448979591836735,152,1.0,28,0.875,0.02631578947368421,0.6513157894736842,0.9655172413793104,0.8092105263157895,0.426348684210526,medium,unclassified,hard
pcgnn_899.txt,True,True,True,0.53515625,0.39285714285714285,119,0.9915966386554622,31,0.96875,0.10084033613445378,0.31932773109243695,0.9375,0.7226890756302521,0.547557116596639,medium,unclassified,hard
pcgnn_900.txt,True,True,True,0.50390625,0.3520408163265306,127,1.0,37,1.15625,0.06299212598425197,0.4330708661417323,0.9736842105263158,0.7007874015748031,0.519421136811024,medium,unclassified,hard
pcgnn_901.txt,True,True,True,0.44921875,0.28061224489795916,141,0.9929078014184397,26,0.8125,0.03546099290780142,0.5957446808510638,0.9629629629629629,0.8014184397163121,0.462014073581560,medium,unclassified,hard
pcgnn_902.txt,True,True,True,0.546875,0.40816326530612246,116,0.9051724137931034,34,1.0625,0.09482758620689655,0.29310344827586204,0.9428571428571428,0.603448275862069,0.557101293103448,medium,unclassified,hard
pcgnn_903.txt,True,True,True,0.4765625,0.3163265306122449,134,1.0,27,0.84375,0.022388059701492536,0.47761194029850745,1.0,0.7910447761194029,0.487586287313433,medium,unclassified,hard
pcgnn_904.txt,True,True,True,0.55078125,0.413265306122449,115,0.782608695652174,29,0.90625,0.10434782608695652,0.23478260869565218,0.9333333333333333,0.5217391304347826,0.554580842391304,medium,unclassified,hard
pcgnn_905.txt,True,True,True,0.546875,0.40816326530612246,116,0.9310344827586207,32,1.0,0.10344827586206896,0.20689655172413793,0.9393939393939394,0.646551724137931,0.558221982758621,medium,unclassified,hard
pcgnn_906.txt,True,True,True,0.50390625,0.3520408163265306,127,1.0,43,1.34375,0.07874015748031496,0.4566929133858268,0.9545454545454546,0.6535433070866141,0.518948695866142,medium,unclassified,hard
pcgnn_907.txt,True,True,True,0.453125,0.2857142857142857,140,1.0,26,0.8125,0.05,0.4928571428571429,1.0,0.8071428571428572,0.466080357142857,medium,unclassified,hard
pcgnn_908.txt,True,True,True,0.40234375,0.2193877551020408,153,1.0,25,0.78125,0.026143790849673203,0.7320261437908496,1.0,0.8300653594771242,0.418557495915033,medium,unclassified,hard
pcgnn_909.txt,True,True,True,0.47265625,0.3112244897959184,135,1.0,35,1.09375,0.037037037037037035,0.5259259259259259,0.9444444444444444,0.7333333333333333,0.491168402777778,medium,unclassified,hard
pcgnn_910.txt,True,True,True,0.51171875,0.3622448979591837,125,0.976,26,0.8125,0.08,0.36,0.9259259259259259,0.76,0.518771875000000,medium,unclassified,hard
pcgnn_911.txt,True,True,True,0.53125,0.3877551020408163,120,0.9916666666666667,53,1.65625,0.08333333333333333,0.26666666666666666,0.9629629629629629,0.5416666666666666,0.541458333333333,medium,unclassified,hard
pcgnn_912.txt,True,True,True,0.52734375,0.3826530612244898,121,0.5041322314049587,21,0.65625,0.09090909090909091,0.2644628099173554,0.9545454545454546,0.32231404958677684,0.516595428719008,medium,unclassified,hard
pcgnn_913.txt,True,True,True,0.5625,0.42857142857142855,112,0.5446428571428571,43,1.34375,0.11607142857142858,0.15178571428571427,0.9545454545454546,0.15178571428571427,0.562767857142857,medium,unclassified,hard
pcgnn_914.txt,True,True,True,0.5234375,0.37755102040816324,122,1.0,27,0.84375,0.05737704918032787,0.36065573770491804,0.9642857142857143,0.7704918032786885,0.530412397540984,medium,unclassified,hard
pcgnn_915.txt,True,True,True,0.54296875,0.4030612244897959,117,0.7606837606837606,28,0.875,0.09401709401709402,0.2905982905982906,0.9310344827586207,0.5128205128205128,0.545498798076923,medium,unclassified,hard
pcgnn_916.txt,True,True,True,0.4765625,0.3163265306122449,134,1.0,40,1.25,0.06716417910447761,0.4701492537313433,0.9512195121951219,0.6940298507462687,0.494801772388060,medium,unclassified,hard
pcgnn_917.txt,True,True,True,0.5390625,0.3979591836734694,118,0.9830508474576272,32,1.0,0.0847457627118644,0.3728813559322034,0.9393939393939394,0.7033898305084746,0.551766419491525,medium,unclassified,hard
pcgnn_918.txt,True,True,True,0.41796875,0.23979591836734693,149,1.0,26,0.8125,0.03355704697986577,0.6711409395973155,0.9629629629629629,0.8187919463087249,0.434179425335570,medium,unclassified,hard
pcgnn_919.txt,True,True,True,0.5390625,0.3979591836734694,118,0.864406779661017,26,0.8125,0.0847457627118644,0.2966101694915254,0.9629629629629629,0.635593220338983,0.541035487288136,medium,unclassified,hard
pcgnn_920.txt,True,True,True,0.5390625,0.3979591836734694,118,0.8728813559322034,32,1.0,0.07627118644067797,0.2966101694915254,0.9696969696969697,0.5932203389830508,0.549308792372881,medium,unclassified,hard
pcgnn_921.txt,True,True,True,0.44140625,0.27040816326530615,143,1.0,33,1.03125,0.04195804195804196,0.5804195804195804,0.9705882352941176,0.7622377622377622,0.463769121503497,medium,unclassified,hard
pcgnn_922.txt,True,True,True,0.45703125,0.29081632653061223,139,1.0,26,0.8125,0.07194244604316546,0.5467625899280576,0.9259259259259259,0.8057553956834532,0.470226506294964,medium,unclassified,hard
pcgnn_923.txt,True,True,True,0.484375,0.32653061224489793,132,1.0,33,1.03125,0.045454545454545456,0.5757575757575758,0.9705882352941176,0.7424242424242424,0.502149621212121,medium,unclassified,hard
pcgnn_924.txt,True,True,True,0.3984375,0.21428571428571427,154,1.0,26,0.8125,0.032467532467532464,0.7272727272727273,0.9629629629629629,0.8246753246753247,0.416686282467532,medium,unclassified,hard
pcgnn_925.txt,True,True,True,0.4140625,0.23469387755102042,150,1.0,25,0.78125,0.02666666666666667,0.64,0.9615384615384616,0.8266666666666667,0.429052083333333,medium,unclassified,hard
pcgnn_926.txt,True,True,True,0.4375,0.2653061224489796,144,1.0,29,0.90625,0.041666666666666664,0.5972222222222222,0.9333333333333333,0.7916666666666666,0.456145833333333,medium,unclassified,hard
pcgnn_927.txt,True,True,True,0.4453125,0.2755102040816326,142,0.9647887323943662,26,0.8125,0.06338028169014084,0.5422535211267606,0.9259259259259259,0.7746478873239436,0.458800616197183,medium,unclassified,hard
pcgnn_928.txt,True,True,True,0.39453125,0.20918367346938777,155,0.9806451612903225,26,0.8125,0.03870967741935484,0.7677419354838709,1.0,0.8064516129032258,0.412993447580645,medium,unclassified,hard
pcgnn_929.txt,True,True,True,0.44921875,0.28061224489795916,141,1.0,25,0.78125,0.04964539007092199,0.5957446808510638,1.0,0.8156028368794326,0.461160793439716,medium,unclassified,hard
pcgnn_930.txt,True,True,True,0.421875,0.24489795918367346,148,1.0,26,0.8125,0.013513513513513514,0.581081081081081,1.0,0.8175675675675675,0.437069256756757,medium,unclassified,hard
pcgnn_931.txt,True,True,True,0.51171875,0.3622448979591837,125,0.952,26,0.8125,0.112,0.52,0.9629629629629629,0.736,0.519251875000000,medium,unclassified,hard
pcgnn_932.txt,True,True,True,0.47265625,0.3112244897959184,135,0.9481481481481482,25,0.78125,0.08888888888888889,0.5333333333333333,0.9230769230769231,0.7555555555555555,0.482230902777778,medium,unclassified,hard
pcgnn_933.txt,True,True,True,0.55078125,0.413265306122449,115,0.3391304347826087,21,0.65625,0.11304347826086956,0.2,0.9090909090909091,0.14782608695652175,0.534863451086957,medium,unclassified,hard
pcgnn_934.txt,True,True,True,0.4296875,0.25510204081632654,146,1.0,26,0.8125,0.0410958904109589,0.6095890410958904,0.9629629629629629,0.815068493150685,0.444877996575342,medium,unclassified,hard
pcgnn_935.txt,True,True,True,0.5390625,0.3979591836734694,118,1.0,31,0.96875,0.0847457627118644,0.2796610169491525,0.96875,0.7288135593220338,0.550712394067797,medium,unclassified,hard
pcgnn_936.txt,True,True,True,0.5625,0.42857142857142855,112,0.7232142857142857,47,1.46875,0.10714285714285714,0.22321428571428573,0.9791666666666666,0.29464285714285715,0.565357142857143,medium,unclassified,hard
pcgnn_937.txt,True,True,True,0.5078125,0.35714285714285715,126,0.9444444444444444,28,0.875,0.07936507936507936,0.4365079365079365,0.9655172413793104,0.7142857142857143,0.517447916666667,medium,unclassified,hard
pcgnn_938.txt,True,True,True,0.421875,0.24489795918367346,148,1.0,34,1.0625,0.04054054054054054,0.6216216216216216,0.9714285714285714,0.7635135135135135,0.446173986486486,medium,unclassified,hard
pcgnn_939.txt,True,True,True,0.41015625,0.22959183673469388,151,1.0,25,0.78125,0.006622516556291391,0.7218543046357616,1.0,0.8278145695364238,0.424958091887417,medium,unclassified,hard
pcgnn_940.txt,True,True,True,0.4921875,0.336734693877551,130,1.0,28,0.875,0.06153846153846154,0.4076923076923077,0.9310344827586207,0.7769230769230769,0.504103365384615,medium,unclassified,hard
pcgnn_941.txt,True,True,True,0.41796875,0.23979591836734693,149,1.0,26,0.8125,0.026845637583892617,0.6577181208053692,0.9629629629629629,0.8187919463087249,0.433978083053691,medium,unclassified,hard
pcgnn_942.txt,True,True,True,0.38671875,0.1989795918367347,157,1.0,26,0.8125,0.012738853503184714,0.7643312101910829,0.9629629629629629,0.8280254777070064,0.405614550159236,medium,unclassified,medium
pcgnn_943.txt,True,True,True,0.53515625,0.39285714285714285,119,0.9663865546218487,34,1.0625,0.09243697478991597,0.36134453781512604,0.9428571428571428,0.6722689075630253,0.547859112394958,medium,unclassified,hard
pcgnn_944.txt,True,True,True,0.40625,0.22448979591836735,152,1.0,26,0.8125,0.02631578947368421,0.6710526315789473,0.9629629629629629,0.8223684210526315,0.423486842105263,medium,unclassified,hard
pcgnn_945.txt,True,True,True,0.53515625,0.39285714285714285,119,1.0,37,1.15625,0.07563025210084033,0.3445378151260504,0.9473684210526315,0.680672268907563,0.547522977941176,medium,unclassified,hard
pcgnn_946.txt,True,True,True,0.40234375,0.2193877551020408,153,1.0,26,0.8125,0.0196078431372549,0.6993464052287581,1.0,0.8235294117647058,0.419793198529412,medium,unclassified,hard
pcgnn_947.txt,True,True,True,0.484375,0.32653061224489793,132,0.9696969696969697,36,1.125,0.07575757575757576,0.45454545454545453,0.9459459459459459,0.6893939393939394,0.501998106060606,medium,unclassified,hard
pcgnn_948.txt,True,True,True,0.5390625,0.3979591836734694,118,0.6101694915254238,26,0.8125,0.13559322033898305,0.2627118644067797,0.9259259259259259,0.3813559322033898,0.537476165254237,medium,unclassified,hard
pcgnn_949.txt,True,True,True,0.4296875,0.25510204081632654,146,1.0,25,0.78125,0.0273972602739726,0.6232876712328768,0.9615384615384616,0.821917808219178,0.443041523972603,medium,unclassified,hard
pcgnn_950.txt,True,True,True,0.43359375,0.2602040816326531,145,1.0,36,1.125,0.006896551724137931,0.5517241379310345,1.0,0.7448275862068966,0.455337823275862,medium,unclassified,hard
pcgnn_951.txt,True,True,True,0.5625,0.42857142857142855,112,0.9821428571428571,36,1.125,0.09821428571428571,0.30357142857142855,0.972972972972973,0.6517857142857143,0.572232142857143,medium,unclassified,hard
pcgnn_952.txt,True,True,True,0.53125,0.3877551020408163,120,0.95,32,1.0,0.1,0.30833333333333335,0.9393939393939394,0.675,0.544625000000000,medium,unclassified,hard
pcgnn_953.txt,True,True,True,0.4375,0.2653061224489796,144,1.0,25,0.78125,0.034722222222222224,0.5902777777777778,0.9230769230769231,0.8194444444444444,0.450243055555556,medium,unclassified,hard
pcgnn_954.txt,True,True,True,0.36328125,0.1683673469387755,163,1.0,25,0.78125,0.012269938650306749,0.7730061349693251,0.9615384615384616,0.8404907975460123,0.383193539110429,medium,unclassified,medium
pcgnn_955.txt,True,True,True,0.4453125,0.2755102040816326,142,1.0,34,1.0625,0.035211267605633804,0.5845070422535211,0.9714285714285714,0.7535211267605634,0.466908010563380,medium,unclassified,hard
pcgnn_956.txt,True,True,True,0.44140625,0.27040816326530615,143,0.9090909090909091,25,0.78125,0.04895104895104895,0.5244755244755245,0.9615384615384616,0.7272727272727273,0.452342111013986,medium,unclassified,hard
pcgnn_957.txt,True,True,True,0.38671875,0.1989795918367347,157,1.0,26,0.8125,0.025477707006369428,0.7452229299363057,1.0,0.8280254777070064,0.405996715764331,medium,unclassified,medium
pcgnn_958.txt,True,True,True,0.453125,0.2857142857142857,140,1.0,26,0.8125,0.05714285714285714,0.55,0.9629629629629629,0.8071428571428572,0.466294642857143,medium,unclassified,hard
pcgnn_959.txt,True,True,True,0.5390625,0.3979591836734694,118,0.940677966101695,36,1.125,0.0847457627118644,0.3305084745762712,0.9459459459459459,0.6271186440677966,0.550240995762712,medium,unclassified,hard
pcgnn_960.txt,True,True,True,0.515625,0.3673469387755102,124,0.9919354838709677,30,0.9375,0.0967741935483871,0.3870967741935484,0.967741935483871,0.7419354838709677,0.528679435483871,medium,unclassified,hard
pcgnn_961.txt,True,True,True,0.41796875,0.23979591836734693,149,1.0,26,0.8125,0.020134228187919462,0.7248322147651006,0.9629629629629629,0.8187919463087249,0.433776740771812,medium,unclassified,hard
pcgnn_962.txt,True,True,True,0.47265625,0.3112244897959184,135,0.9111111111111111,35,1.09375,0.05185185185185185,0.48148148148148145,0.9722222222222222,0.6444444444444445,0.489835069444444,medium,unclassified,hard
pcgnn_963.txt,True,True,True,0.51171875,0.3622448979591837,125,0.976,30,0.9375,0.096,0.392,0.967741935483871,0.728,0.524861875000000,medium,unclassified,hard
pcgnn_964.txt,True,True,True,0.5390625,0.3979591836734694,118,0.559322033898305,23,0.71875,0.07627118644067797,0.2288135593220339,0.9583333333333334,0.3559322033898305,0.530500529661017,medium,unclassified,hard
pcgnn_965.txt,True,True,True,0.4453125,0.2755102040816326,142,1.0,26,0.8125,0.035211267605633804,0.5422535211267606,0.9629629629629629,0.8098591549295775,0.458659771126761,medium,unclassified,hard
pcgnn_966.txt,True,True,True,0.53125,0.3877551020408163,120,0.9416666666666667,51,1.59375,0.09166666666666666,0.275,0.9615384615384616,0.5083333333333333,0.541041666666667,medium,unclassified,hard
pcgnn_967.txt,True,True,True,0.44921875,0.28061224489795916,141,1.0,25,0.78125,0.06382978723404255,0.5957446808510638,0.9615384615384616,0.8156028368794326,0.461586325354610,medium,unclassified,hard
pcgnn_968.txt,True,True,True,0.47265625,0.3112244897959184,135,0.7481481481481481,26,0.8125,0.05185185185185185,0.5111111111111111,0.9629629629629629,0.5481481481481482,0.478534143518519,medium,unclassified,hard
pcgnn_969.txt,True,True,True,0.484375,0.32653061224489793,132,1.0,26,0.8125,0.030303030303030304,0.4393939393939394,1.0,0.7954545454545454,0.493380681818182,medium,unclassified,hard
pcgnn_970.txt,True,True,True,0.50390625,0.3520408163265306,127,0.6850393700787402,25,0.78125,0.07086614173228346,0.33858267716535434,0.9615384615384616,0.48031496062992124,0.504310408464567,medium,unclassified,hard
pcgnn_971.txt,True,True,True,0.390625,0.20408163265306123,156,1.0,26,0.8125,0.02564102564102564,0.7243589743589743,0.9629629629629629,0.8269230769230769,0.409495192307692,medium,unclassified,hard
pcgnn_972.txt,True,True,True,0.55078125,0.413265306122449,115,0.7130434782608696,33,1.03125,0.08695652173913043,0.23478260869565218,0.9705882352941176,0.41739130434782606,0.556659646739130,medium,unclassified,hard
pcgnn_973.txt,True,True,True,0.54296875,0.4030612244897959,117,0.9658119658119658,41,1.28125,0.1111111111111111,0.2564102564102564,0.9761904761904762,0.6068376068376068,0.554141960470085,medium,unclassified,hard
pcgnn_974.txt,True,True,True,0.515625,0.3673469387755102,124,1.0,29,0.90625,0.056451612903225805,0.3467741935483871,0.9666666666666667,0.7580645161290323,0.526229838709677,medium,unclassified,hard
pcgnn_975.txt,True,True,True,0.421875,0.24489795918367346,148,1.0,26,0.8125,0.013513513513513514,0.6351351351351351,1.0,0.8175675675675675,0.437069256756757,medium,unclassified,hard
pcgnn_976.txt,True,True,True,0.47265625,0.3112244897959184,135,0.9703703703703703,26,0.8125,0.05185185185185185,0.4888888888888889,0.9629629629629629,0.7703703703703704,0.482978587962963,medium,unclassified,hard
pcgnn_977.txt,True,True,True,0.4375,0.2653061224489796,144,0.9444444444444444,26,0.8125,0.041666666666666664,0.5625,0.9629629629629629,0.7569444444444444,0.450763888888889,medium,unclassified,hard
pcgnn_978.txt,True,True,True,0.38671875,0.1989795918367347,157,1.0,26,0.8125,0.006369426751592357,0.7643312101910829,0.9629629629629629,0.8280254777070064,0.405423467356688,medium,unclassified,medium
pcgnn_979.txt,True,True,True,0.4140625,0.23469387755102042,150,1.0,26,0.8125,0.03333333333333333,0.68,0.9629629629629629,0.82,0.430681250000000,medium,unclassified,hard
pcgnn_980.txt,True,True,True,0.51953125,0.37244897959183676,123,0.991869918699187,33,1.03125,0.08943089430894309,0.34146341463414637,0.9705882352941176,0.7154471544715447,0.534569994918699,medium,unclassified,hard
pcgnn_981.txt,True,True,True,0.41015625,0.22959183673469388,151,1.0,26,0.8125,0.033112582781456956,0.695364238410596,0.9629629629629629,0.8211920529801324,0.427182843543046,medium,unclassified,hard
pcgnn_982.txt,True,True,True,0.484375,0.32653061224489793,132,0.9621212121212122,25,0.78125,0.07575757575757576,0.5075757575757576,0.9615384615384616,0.7651515151515151,0.492575757575758,medium,unclassified,hard
pcgnn_983.txt,True,True,True,0.4296875,0.25510204081632654,146,0.9931506849315068,25,0.78125,0.0410958904109589,0.6986301369863014,1.0,0.815068493150685,0.443315496575342,medium,unclassified,hard
pcgnn_984.txt,True,True,True,0.5,0.3469387755102041,128,1.0,40,1.25,0.0390625,0.40625,0.9512195121951219,0.6796875,0.514765625000000,medium,unclassified,hard
pcgnn_985.txt,True,True,True,0.55078125,0.413265306122449,115,0.9391304347826087,59,1.84375,0.0782608695652174,0.2,0.9666666666666667,0.41739130434782606,0.556398777173913,medium,unclassified,hard
pcgnn_986.txt,True,True,True,0.54296875,0.4030612244897959,117,1.0,37,1.15625,0.07692307692307693,0.21367521367521367,0.9736842105263158,0.6752136752136753,0.554483840811966,medium,unclassified,hard
pcgnn_987.txt,True,True,True,0.49609375,0.34183673469387754,129,0.9844961240310077,36,1.125,0.10077519379844961,0.4728682170542636,0.9459459459459459,0.6976744186046512,0.513461119186046,medium,unclassified,hard
pcgnn_988.txt,True,True,True,0.39453125,0.20918367346938777,155,1.0,26,0.8125,0.0,0.7548387096774194,1.0,0.8258064516129032,0.412219254032258,medium,unclassified,hard
pcgnn_989.txt,True,True,True,0.52734375,0.3826530612244898,121,1.0,41,1.28125,0.08264462809917356,0.34710743801652894,0.9523809523809523,0.6528925619834711,0.540146565082645,medium,unclassified,hard
pcgnn_990.txt,True,True,True,0.51953125,0.37244897959183676,123,0.5772357723577236,24,0.75,0.08943089430894309,0.3333333333333333,0.92,0.37398373983739835,0.515240726626016,medium,unclassified,hard
pcgnn_991.txt,True,True,True,0.5625,0.42857142857142855,112,0.6339285714285714,23,0.71875,0.09821428571428571,0.19642857142857142,0.9583333333333334,0.41964285714285715,0.553526785714286,medium,unclassified,hard
pcgnn_992.txt,True,True,True,0.46484375,0.3010204081632653,137,0.9854014598540146,26,0.8125,0.051094890510948905,0.5547445255474452,0.9259259259259259,0.7883211678832117,0.476283645072993,medium,unclassified,hard
pcgnn_993.txt,True,True,True,0.4375,0.2653061224489796,144,0.9722222222222222,26,0.8125,0.006944444444444444,0.6041666666666666,0.9629629629629629,0.7847222222222222,0.450277777777778,medium,unclassified,hard
pcgnn_994.txt,True,True,True,0.44140625,0.27040816326530615,143,0.993006993006993,26,0.8125,0.055944055944055944,0.5874125874125874,0.9259259259259259,0.8041958041958042,0.455652862762238,medium,unclassified,hard
pcgnn_995.txt,True,True,True,0.52734375,0.3826530612244898,121,0.9504132231404959,38,1.1875,0.08264462809917356,0.2727272727272727,0.9487179487179487,0.628099173553719,0.539650697314050,medium,unclassified,hard
pcgnn_996.txt,True,True,True,0.55078125,0.413265306122449,115,0.9043478260869565,29,0.90625,0.0782608695652174,0.3565217391304348,0.9666666666666667,0.6434782608695652,0.556233016304348,medium,unclassified,hard
pcgnn_997.txt,True,True,True,0.55078125,0.413265306122449,115,0.591304347826087,44,1.375,0.08695652173913043,0.2,0.9555555555555556,0.2,0.552311820652174,medium,unclassified,hard
pcgnn_998.txt,True,True,True,0.53515625,0.39285714285714285,119,0.9915966386554622,25,0.78125,0.06722689075630252,0.31932773109243695,0.9615384615384616,0.773109243697479,0.538182116596639,medium,unclassified,hard
pcgnn_999.txt,True,True,True,0.44921875,0.28061224489795916,141,1.0,33,1.03125,0.06382978723404255,0.6028368794326241,0.9705882352941176,0.7588652482269503,0.471389073581560,medium,unclassified,hard
